Job Title,Company Name,Location,Experience (Years),Min Experience,Max Experience,Experiencia Media,Rango Experiencia,Num Ubicaciones,Oferta Exterior,Nivel Titulo,exterior,num_ubic,nivel_medio,nivel_senior
Abroad Requirement IT Manager,RECRUITMENT CANADA IMMIGRATION CANADA,"Australia, Canada",7 - 12 Years,7,12,9.5,5,2,True,senior,1,2,0,1
"""IT Sales Executive"" , Business Development Executive",Serviots technology Pvt Ltd,Ahmedabad,2 - 6 Years,2,6,4.0,4,1,False,medio,0,1,1,0
Facilities Manager,Sameer namdep Kedari,"Bengaluru / Bangalore, Sibsagar, Bhagalpur, Muzaffarpur, Patna",4 - 9 Years,4,9,6.5,5,5,False,senior,0,5,0,1
SAP Experienced Candidates,TORRENT POWER LIMITED,Ahmedabad,3 - 5 Years,3,5,4.0,2,1,False,medio,0,1,1,0
Technician- Electrical Maintenance,Suman kumar,"Delhi, Gurgaon, Pune, Indore, Bhubaneshwar",5 - 10 Years,5,10,7.5,5,5,False,medio,0,5,1,0
React Native Developer,Management And Computer Consultants,Kolkata,1 - 4 Years,1,4,2.5,3,1,False,medio,0,1,1,0
Site  Engineer  Job In  AUSTRALIA,World wide Immigration Service Llp,Australia,4 - 8 Years,4,8,6.0,4,1,True,medio,1,1,1,0
QA | QC Engineer  Job In CANADA,World wide Immigration Service Llp,Canada,3 - 8 Years,3,8,5.5,5,1,True,medio,1,1,1,0
Sr. Sales Engineer /  Sales Manager,Ambetronics Engineers Pvt. Ltd.,Mumbai,10 - 15 Years,10,15,12.5,5,1,False,senior,0,1,0,1
MDM Data Analyst,Techno Wise,Pune,2 - 7 Years,2,7,4.5,5,1,False,medio,0,1,1,0
Software Engineer Job In  GERMANY,ADAL IMMIGRATIONS LLP,Germany,3 - 8 Years,3,8,5.5,5,1,True,medio,1,1,1,0
QA | QC Engineer  Job In AUSTRALIA,World wide Immigration Service Llp,Australia,4 - 8 Years,4,8,6.0,4,1,True,medio,1,1,1,0
Network  Engineer Job In AUSTRALIA,World wide Immigration Service Llp,Australia,4 - 8 Years,4,8,6.0,4,1,True,medio,1,1,1,0
QA | QC Engineer  Job In NEW ZEALAND,World wide Immigration Service Llp,New Zealand,3 - 8 Years,3,8,5.5,5,1,True,medio,1,1,1,0
Hardware  Engineer  Job In ABROAD,World wide Immigration Service Llp,"Canada, Singapore",2 - 7 Years,2,7,4.5,5,2,True,medio,1,2,1,0
Java - Sr. Developer  /  Lead - J48543,SAMPOORNA CONSULTANTS PVT LTD,Mumbai,6 - 11 Years,6,11,8.5,5,1,False,senior,0,1,0,1
Software Engineer,FLARIAL SERVICES LLP,"Australia, Canada, Germany, Singapore",3 - 8 Years,3,8,5.5,5,4,True,medio,1,4,1,0
Selenium with Java Trainer,TMOKSHA TECHNOLOGIES PRIVATE LIMITED,Pune,3 - 8 Years,3,8,5.5,5,1,False,medio,0,1,1,0
"SAP Basis Consultant , Senior SAP Basis Consultant",Techno Wise,Pune,7 - 12 Years,7,12,9.5,5,1,False,senior,0,1,0,1
Field Sales  &  Marketing Executive,ABC Brothers Tech I Pvt Ltd,Ahmedabad,1 - 2 Years,1,2,1.5,1,1,False,medio,0,1,1,0
Chief Executive Officer  ( CEO ),Sarosh Karki,"Ahmedabad, Bengaluru / Bangalore, Chennai, Kolkata, Pune",5 - 10 Years,5,10,7.5,5,5,False,senior,0,5,0,1
"Orbit Wallet - React ,  MERN Stack ,  Backend Intern roles",ACCIOJOB PRIVATE LIMITED,Bengaluru / Bangalore,0 - 1 Years,0,1,0.5,1,1,False,junior,0,1,0,0
AWS Solution Architect Internship in Pune,Maxgen Technologies,"Pune, Amravati, Dhule, Sangli, Satara",0 - 1 Years,0,1,0.5,1,5,False,senior,0,5,0,1
Java Internship in Pune,Maxgen Technologies,"Pune, Jalgaon, Kolhapur, Nagpur, Solapur",0 - 1 Years,0,1,0.5,1,5,False,junior,0,5,0,0
MARKETING EXECUTIVE,SV ELECTRONICS,"Aurangabad, Nasik",1 - 2 Years,1,2,1.5,1,2,False,medio,0,2,1,0
SAP proffessionals,TORRENT POWER LIMITED,Ahmedabad,3 - 5 Years,3,5,4.0,2,1,False,medio,0,1,1,0
Business Analyst,Management And Computer Consultants,Kolkata,2 - 4 Years,2,4,3.0,2,1,False,medio,0,1,1,0
"""CalibrationEngineer"" , Electrical Control Engineer",PUNYAM ACADEMY PRIVATE LIMITED,Ahmedabad,1 - 5 Years,1,5,3.0,4,1,False,medio,0,1,1,0
Software Engineer  Job In NEW ZEALAND,World wide Immigration Service Llp,New Zealand,3 - 8 Years,3,8,5.5,5,1,True,medio,1,1,1,0
Java Full Stack Developer - J48544,SAMPOORNA CONSULTANTS PVT LTD,Mumbai,8 - 12 Years,8,12,10.0,4,1,False,medio,0,1,1,0
Mern Stack Internship in Ahmedabad,Maxgen Technologies,"Ahmedabad, Anand, Gandhinagar, Mehsana, Surat",0 - 1 Years,0,1,0.5,1,5,False,junior,0,5,0,0
.net Core Developer,Management And Computer Consultants,Kolkata,2 - 6 Years,2,6,4.0,4,1,False,medio,0,1,1,0
Executive - SAP BASIS,TORRENT POWER LIMITED,Ahmedabad,3 - 5 Years,3,5,4.0,2,1,False,medio,0,1,1,0
Commercial Inventory Associate 42396 GGN - J48545,SAMPOORNA CONSULTANTS PVT LTD,Gurgaon,1 - 3 Years,1,3,2.0,2,1,False,junior,0,1,0,0
Data Science Internship in Ahmedabad,Maxgen Technologies,"Ahmedabad, Bhavnagar, Junagarh, Rajkot, Surendranagar",0 - 1 Years,0,1,0.5,1,5,False,junior,0,5,0,0
OVERSEAS JOB - APPLICATION DEVELOPMENT -  INTERNATIONAL LOCATION,RECRUITMENT CANADA IMMIGRATION CANADA,Canada,8 - 13 Years,8,13,10.5,5,1,True,junior,1,1,0,0
ABROAD REQUIREMENT - DBA  / ORACAL  / SQL - INTERNATIONAL LOCATION,RECRUITMENT CANADA IMMIGRATION CANADA,"Australia, Canada, Other International Location(s)",8 - 13 Years,8,13,10.5,5,3,True,junior,1,3,0,0
ABROAD JOB OFFER - CORPORATE SALES - CAN AUS NZ DM UK GULF,RECRUITMENT CANADA IMMIGRATION CANADA,"Australia, Canada, Other International Location(s)",8 - 13 Years,8,13,10.5,5,3,True,medio,1,3,1,0
Internation Job for Tour  &  Traval - canada Austraia,RECRUITMENT CANADA IMMIGRATION CANADA,"Canada, Other International Location(s)",10 - 15 Years,10,15,12.5,5,2,True,junior,1,2,0,0
REQUIREMENT - HOSPITALITY JOB OFFER  - CANADA AUSTRALIA,RECRUITMENT CANADA IMMIGRATION CANADA,"Canada, Other International Location(s)",11 - 16 Years,11,16,13.5,5,2,True,medio,1,2,1,0
Senior Control System Engineer in Abroad - CAN AUS NZ DN,RECRUITMENT CANADA IMMIGRATION CANADA,"Dubai, Australia, Canada, Hong Kong",8 - 13 Years,8,13,10.5,5,4,True,senior,1,4,0,1
Abroad Requiremen - Software Testing     - CANADA  /   AUSTRALIA,RECRUITMENT CANADA IMMIGRATION CANADA,"Other Gulf/Middle East Location(s), Australia, Canada",8 - 13 Years,8,13,10.5,5,3,True,medio,1,3,1,0
ABROAD REQUIREMENT- SENIOR UI  ENGINEER -CANADA  /  AUSTRALIA,RECRUITMENT CANADA IMMIGRATION CANADA,"Australia, Canada, Hong Kong, New Zealand",8 - 13 Years,8,13,10.5,5,4,True,senior,1,4,0,1
Abroad Requirement  /  Software Engineer    ( CANADA  /  AUSTRALIA ),RECRUITMENT CANADA IMMIGRATION CANADA,"Australia, Canada",8 - 13 Years,8,13,10.5,5,2,True,medio,1,2,1,0
OVERSEAS REQUIREMENT  - SENIOR SOFTWARE DEVELOPER  - CAN AUS UK,RECRUITMENT CANADA IMMIGRATION CANADA,"Dubai, Australia, Canada, Hong Kong, New Zealand",8 - 13 Years,8,13,10.5,5,5,True,senior,1,5,0,1
ABROAD JOB OFFER - BANKING ALL PROFILE - CANADA - AUSTRALIA,RECRUITMENT CANADA IMMIGRATION CANADA,"Canada, Other International Location(s)",5 - 10 Years,5,10,7.5,5,2,True,medio,1,2,1,0
ABROAD  REQUIREMENT - SUPPLY CHAIN – AUSTRALIA  /  CANADA,RECRUITMENT CANADA IMMIGRATION CANADA,"Australia, Canada",8 - 13 Years,8,13,10.5,5,2,True,medio,1,2,1,0
ABROAD JOBS - BUSINESS  &  PROJECT HEAD - CANADA  /  AUSTRALIA,RECRUITMENT CANADA IMMIGRATION CANADA,"Australia, Canada, Other International Location(s)",12 - 17 Years,12,17,14.5,5,3,True,senior,1,3,0,1
ABROAD JOB REQUIREMENT - WINDOW ADMIN - CANADA  /  AUSTRALIA,RECRUITMENT CANADA IMMIGRATION CANADA,"Dubai, Australia, Canada, Hong Kong, New Zealand",12 - 17 Years,12,17,14.5,5,5,True,medio,1,5,1,0
"""Lead Python Developer""",Sparks To Ideas,Ahmedabad,0 - 2 Years,0,2,1.0,2,1,False,senior,0,1,0,1
Software Developer  ( .net Developer ),Ambetronics Engineers Pvt. Ltd.,Mumbai,1 - 3 Years,1,3,2.0,2,1,False,medio,0,1,1,0
"IT Auditor , IT Audit",Next Step Associates,Mumbai,5 - 9 Years,5,9,7.0,4,1,False,medio,0,1,1,0
IT Manager,HUE SERVICE PRIVATE LIMITED,"Kolkata, Guwahati, Patna, Ranchi, Bhubaneshwar",5 - 10 Years,5,10,7.5,5,5,False,senior,0,5,0,1
IT sales,Hiring Plus,"Mumbai, Navi Mumbai, Thane",1 - 2 Years,1,2,1.5,1,3,False,medio,0,3,1,0
IT Recruiter,SKYWALK VISA IMMIGRATION SERVICES LLP,Unknown,2 - 7 Years,2,7,4.5,5,1,False,medio,0,1,1,0
IT Manager,Sunil,"Mauritius, New Zealand, Thailand",2 - 7 Years,2,7,4.5,5,3,True,senior,1,3,0,1
IT Manager,Sunil,"Turkey, Bangladesh, Indonesia, Malaysia, Maldives",2 - 7 Years,2,7,4.5,5,5,False,senior,0,5,0,1
IT Manager,Sunil,"Dubai, Fujairah, Ras Al Khaimah, Sharjah, Um Al Qaiwan",2 - 7 Years,2,7,4.5,5,5,True,senior,1,5,0,1
IT Manager,Sunil,"Eastern Province, Jeddah, Abu Dhabi, Al Ain, Ajman",2 - 7 Years,2,7,4.5,5,5,False,senior,0,5,0,1
IT Manager,Sunil,"Kuwait City, Beirut, Muscat, Doha, Al Madina Al Munawarah",2 - 7 Years,2,7,4.5,5,5,False,senior,0,5,0,1
IT Manager,Sunil,"Kolkata, Malda, Midnapur, Raniganj, Siliguri",2 - 7 Years,2,7,4.5,5,5,False,senior,0,5,0,1
IT Manager,Sunil,"Asansol, Burdwan, Durgapur, Haldia, Kharagpur",2 - 7 Years,2,7,4.5,5,5,False,senior,0,5,0,1
IT Manager,Sunil,"Haldwani, Haridwar, Nainital, Roorkee, Rudrapur",2 - 7 Years,2,7,4.5,5,5,False,senior,0,5,0,1
IT Manager,Sunil,"Muzaffarnagar, Noida/Greater Noida, Saharanpur, Varanasi / Banaras, Dehradun",2 - 7 Years,2,7,4.5,5,5,False,senior,0,5,0,1
IT Manager,Sunil,"Kanpur, Lucknow, Mathura, Meerut, Moradabad",2 - 7 Years,2,7,4.5,5,5,False,senior,0,5,0,1
IT Manager,Sunil,"Allahabad, Bareilly, Faizabad, Ghaziabad, Gorakhpur",2 - 7 Years,2,7,4.5,5,5,False,senior,0,5,0,1
IT Manager,Sunil,"Tuticorin, Vellore, Agartala, Agra, Aligarh",2 - 7 Years,2,7,4.5,5,5,False,senior,0,5,0,1
IT Manager,Sunil,"Ooty, Salem, Thanjavur, Tirunelveli, Trichy",2 - 7 Years,2,7,4.5,5,5,False,senior,0,5,0,1
IT Manager,Sunil,"Erode, Hosur, Kanniyakumari, Madurai, Nagercoil",2 - 7 Years,2,7,4.5,5,5,False,senior,0,5,0,1
IT Manager,Sunil,"Udaipur, Gangtok, Chennai, Coimbatore, Cuddalore",2 - 7 Years,2,7,4.5,5,5,False,senior,0,5,0,1
IT Manager,Sunil,"Bikaner, Jaipur, Jaisalmer, Jodhpur, Kota",2 - 7 Years,2,7,4.5,5,5,False,senior,0,5,0,1
IT Supervisor,Personnel Selexions - Executive Search,Unknown,2 - 7 Years,2,7,4.5,5,1,False,medio,0,1,1,0
IT Manager,Sunil,"Patiala, Ropar, Sangrur, Ajmer, Alwar",2 - 7 Years,2,7,4.5,5,5,False,senior,0,5,0,1
IT Manager,Sunil,"Moga, Mohali, Muktsar, Nawanshahr, Pathankot",2 - 7 Years,2,7,4.5,5,5,True,senior,1,5,0,1
IT Manager,Sunil,"Bathinda, Faridkot, Fatehgarh Sahib, Ferozepur, Gurdaspur",2 - 7 Years,2,7,4.5,5,5,False,senior,0,5,0,1
IT Manager,Sunil,"Paradeep, Puri, Rourkela, Amritsar, Batala",2 - 7 Years,2,7,4.5,5,5,False,senior,0,5,0,1
IT Manager,Sunil,"Hoshiarpur, Jalandhar, Kapurthala, Ludhiana, Mansa",2 - 7 Years,2,7,4.5,5,5,False,senior,0,5,0,1
IT Manager,Sunil,"Aizawal, Dimapur, Kohima, Bhubaneshwar, Cuttack",2 - 7 Years,2,7,4.5,5,5,False,senior,0,5,0,1
IT Manager,Sunil,"Vasai, Virar, Yavatmal, Imphal, Shillong",2 - 7 Years,2,7,4.5,5,5,False,senior,0,5,0,1
IT Manager,Sunil,"Aurangabad, Bhiwandi, Bhusawal, Buldhana, Chandrapur",2 - 7 Years,2,7,4.5,5,5,True,senior,1,5,0,1
IT Manager,Sunil,"Pune, Sangli, Satara, Solapur, Thane",2 - 7 Years,2,7,4.5,5,5,False,senior,0,5,0,1
IT Manager,Sunil,"Mumbai, Nagpur, Nanded, Nasik, Navi Mumbai",2 - 7 Years,2,7,4.5,5,5,False,senior,0,5,0,1
IT Manager,Sunil,"Kalyan, Kolhapur, Latur, Lonavala, Mahabaleshwar",2 - 7 Years,2,7,4.5,5,5,False,senior,0,5,0,1
IT Manager,Sunil,"Dhule, Dombivali, Gondia, Hinganghat, Jalgaon",2 - 7 Years,2,7,4.5,5,5,False,senior,0,5,0,1
IT Manager,Sunil,"Indore, Jabalpur, Katni, Ratlam, Sagar",2 - 7 Years,2,7,4.5,5,5,False,senior,0,5,0,1
IT Manager,Sunil,"Palakkad, Thiruvananthapuram, Thrissur, Bhopal, Gwalior",2 - 7 Years,2,7,4.5,5,5,False,senior,0,5,0,1
IT Manager,Sunil,"Jammu, Kargil, Kathua, Kupwara, Leh",2 - 7 Years,2,7,4.5,5,5,False,senior,0,5,0,1
IT Manager,Sunil,"Kaithal, Karnal, Kurukshetra, Mahendergarh, Narnaul",2 - 7 Years,2,7,4.5,5,5,True,senior,1,5,0,1
IT Manager,Sunil,"Gulbarga, Hubli, Kolar, Mangalore, Mysoru / Mysore",2 - 7 Years,2,7,4.5,5,5,False,senior,0,5,0,1
IT Manager,Sunil,"Bellary, Bengaluru / Bangalore, Bidar, Davanagere, Dharwad",2 - 7 Years,2,7,4.5,5,5,False,senior,0,5,0,1
IT Manager,Sunil,"Calicut/ Kozhikode, Cochin/ Kochi/ Ernakulam, Kannur, Kollam, Kottayam",2 - 7 Years,2,7,4.5,5,5,False,senior,0,5,0,1
IT Manager,Sunil,"Bokaro, Dhanbad, Jamshedpur, Ranchi, Belgaum",2 - 7 Years,2,7,4.5,5,5,False,senior,0,5,0,1
IT Manager,Sunil,"Panchkula, Panipat, Rewari, Rohtak, Sirsa",2 - 7 Years,2,7,4.5,5,5,False,senior,0,5,0,1
IT Manager,Sunil,"Poonch, Pulwama, Rajouri, Srinagar, Udhampur",2 - 7 Years,2,7,4.5,5,5,False,senior,0,5,0,1
IT Manager,Sunil,"Dalhousie, Dharamshala, Hamirpur, Kangra, Kasauli",2 - 7 Years,2,7,4.5,5,5,False,senior,0,5,0,1
IT Manager,Sunil,"Una, Anantnag, Baramulla, Budgam, Doda",2 - 7 Years,2,7,4.5,5,5,False,senior,0,5,0,1
IT Manager,Sunil,"Nalagarh, Parwanoo, Shimla, Sirmaur, Solan",2 - 7 Years,2,7,4.5,5,5,False,senior,0,5,0,1
IT Manager,Sunil,"Kinnaur, Kullu, Lahaul & Spiti, Manali, Mandi",2 - 7 Years,2,7,4.5,5,5,False,senior,0,5,0,1
IT Manager,Sunil,"Fatehabad, Gurgaon, Hissar, Jhajjar, Jind",2 - 7 Years,2,7,4.5,5,5,False,senior,0,5,0,1
IT Manager,Sunil,"Sonepat, Yamunanagar, Baddi, Bilaspur, Chamba",2 - 7 Years,2,7,4.5,5,5,False,senior,0,5,0,1
IT Manager,Sunil,"Wankaner, Ambala, Bhiwani, Chandigarh, Faridabad",2 - 7 Years,2,7,4.5,5,5,False,senior,0,5,0,1
IT Manager,Sunil,"Surat, Surendranagar, Vadodara, Valsad -Vapi, Veraval",2 - 7 Years,2,7,4.5,5,5,False,senior,0,5,0,1
IT Manager,Sunil,"Navsari, Palanpur, Patan, Porbandar, Rajkot",2 - 7 Years,2,7,4.5,5,5,False,senior,0,5,0,1
IT Manager,Sunil,"Kalol, Kandla, Mehsana, Morbi, Nadiad",2 - 7 Years,2,7,4.5,5,5,False,senior,0,5,0,1
IT Manager,Sunil,"Satna, Ujjain, Ahmednagar, Akola, Amravati",2 - 7 Years,2,7,4.5,5,5,False,senior,0,5,0,1
IT Manager,Sunil,"Godhra, Gondal, Jamnagar, Jetpur, Junagarh",2 - 7 Years,2,7,4.5,5,5,False,senior,0,5,0,1
IT Manager,Sunil,"Muzaffarpur, Patna, Bhilai-Durg, Bilaspur, Raipur",2 - 7 Years,2,7,4.5,5,5,False,senior,0,5,0,1
IT Manager,Sunil,"Dahod, Deesa, Gandhidham, Gandhinagar, Gir",2 - 7 Years,2,7,4.5,5,5,False,senior,0,5,0,1
IT Manager,Sunil,"Ankleshwar, Bharuch, Bhavnagar, Bhuj, Botad",2 - 7 Years,2,7,4.5,5,5,False,senior,0,5,0,1
IT Manager,Sunil,"Panjim/Panaji, Vasco Da Gama, Ahmedabad, Amreli, Anand",2 - 7 Years,2,7,4.5,5,5,False,senior,0,5,0,1
IT Manager,Sunil,"Nizamabad, Ongole, Rajahmundry, Sangareddy, Srikakulam",2 - 7 Years,2,7,4.5,5,5,False,senior,0,5,0,1
IT Manager,Sunil,"Bongaigaon, Dhubri, Dibrugarh, Guwahati, Jorhat",2 - 7 Years,2,7,4.5,5,5,False,senior,0,5,0,1
IT Manager,Sunil,"Tirupati, Vijayawada, Visakhapatnam, Warangal, Itanagar",2 - 7 Years,2,7,4.5,5,5,False,senior,0,5,0,1
IT Manager,Sunil,"Adilabad, Anantapur, Chittoor, Cuddapah, Guntakal",2 - 7 Years,2,7,4.5,5,5,False,senior,0,5,0,1
IT Manager,Sunil,"Kurnool, Mahabubnagar, Medak, Nalgonda, Nellore",2 - 7 Years,2,7,4.5,5,5,False,senior,0,5,0,1
IT Manager,Sunil,"Guntur, Hyderabad/Secunderabad, Kakinada, Karimnagar, Khammam",2 - 7 Years,2,7,4.5,5,5,False,senior,0,5,0,1
IT Executive,Electrobrain modern technologies pvt ltd,"Delhi, Delhi/NCR, Gurgaon, Noida/Greater Noida, Pune",3 - 8 Years,3,8,5.5,5,5,False,medio,0,5,1,0
IT Manager,Sunil,"Sibsagar, Silchar, Tezpur, Tinsukia, Bhagalpur",2 - 7 Years,2,7,4.5,5,5,True,senior,1,5,0,1
IT Engineer,Anshi Immigration Private Limited,Canada,4 - 9 Years,4,9,6.5,5,1,True,medio,1,1,1,0
Director Sales IT,One World,Bengaluru / Bangalore,8 - 13 Years,8,13,10.5,5,1,False,senior,0,1,0,1
Business Development Manager - IT System Integrator,Suhail Nizamuddin shaikh,"Hyderabad/Secunderabad, Kolkata, Mumbai, Noida/Greater Noida, Pune",5 - 10 Years,5,10,7.5,5,5,False,senior,0,5,0,1
Senior US IT Recuiter - J48498,SAMPOORNA CONSULTANTS PVT LTD,Hyderabad/Secunderabad,5 - 10 Years,5,10,7.5,5,1,False,senior,0,1,0,1
IT Recruiter Job In AUSTRALIA,ADAL IMMIGRATIONS LLP,Australia,3 - 8 Years,3,8,5.5,5,1,True,medio,1,1,1,0
Technical Recruiter - J48371,SAMPOORNA CONSULTANTS PVT LTD,Chennai,8 - 12 Years,8,12,10.0,4,1,False,medio,0,1,1,0
IT Recruiter Job  In GERMANY,ADAL IMMIGRATIONS LLP,Germany,5 - 10 Years,5,10,7.5,5,1,True,medio,1,1,1,0
IT Project Manager,Advance Consultancy Services,Other City(s) in Saudi Arabia,2 - 7 Years,2,7,4.5,5,1,True,senior,1,1,0,1
IT Recruiter Job  In USA,ADAL IMMIGRATIONS LLP,Unknown,8 - 13 Years,8,13,10.5,5,1,False,medio,0,1,1,0
IT Recruiter Job In MALTA,ADAL IMMIGRATIONS LLP,Unknown,3 - 8 Years,3,8,5.5,5,1,True,medio,1,1,1,0
IT - Sales Execuitve,Whitekraaft Solutions LLP,"Bengaluru / Bangalore, Hyderabad/Secunderabad, Pune",5 - 9 Years,5,9,7.0,4,3,False,medio,0,3,1,0
IT Recruiter Job In  USA,ADAL IMMIGRATIONS LLP,Unknown,5 - 10 Years,5,10,7.5,5,1,True,medio,1,1,1,0
IT Recruiter Required In UAE,ADAL IMMIGRATIONS LLP,Unknown,7 - 12 Years,7,12,9.5,5,1,False,medio,0,1,1,0
IT architecture immigrate to Canada,World Overseas immigration Consultancy Pvt Ltd,"Australia, Canada",2 - 7 Years,2,7,4.5,5,2,True,senior,1,2,0,1
IT Delivery Managers,KALINDI IMMIGRATION CONSULTANTS PRIVATE LIMITED,"Australia, Canada, Singapore, UK",1 - 6 Years,1,6,3.5,5,4,True,senior,1,4,0,1
IT-PMO - J48513,SAMPOORNA CONSULTANTS PVT LTD,Mumbai,2 - 4 Years,2,4,3.0,2,1,False,medio,0,1,1,0
IT Support Engineer,Victory Educational Consultants,"Los Angeles, Chicago, Washington DC, Detroit, Newark",6 - 11 Years,6,11,8.5,5,5,False,medio,0,5,1,0
IT Software Engineer,SKYWALK VISA IMMIGRATION SERVICES LLP,"Australia, Canada, New Zealand, Singapore",1 - 6 Years,1,6,3.5,5,4,True,medio,1,4,1,0
IT Engineer Job In USA,CLOUD VISA IMMIGRATION LLP,Canada,3 - 8 Years,3,8,5.5,5,1,True,medio,1,1,1,0
IT Project Managers,Navyah Immigration Services Private Limited,"Australia, Canada",2 - 5 Years,2,5,3.5,3,2,True,senior,1,2,0,1
IT Project Manager,Professional HR Solutions,"Ahmedabad, Bengaluru / Bangalore, Chennai, Delhi/NCR, Kolkata",5 - 10 Years,5,10,7.5,5,5,False,senior,0,5,0,1
Urgent Hiring For IT Analyst,Rahul jatav,"Calicut/ Kozhikode, Cochin/ Kochi/ Ernakulam, Kottayam, Thiruvananthapuram, Thrissur",0 - 3 Years,0,3,1.5,3,5,False,medio,0,5,1,0
IT Support Engineer,Viraj Infotech,Mumbai,1 - 2 Years,1,2,1.5,1,1,False,medio,0,1,1,0
Urgent Hiring For IT Analyst,Rahul jatav,"Bengaluru / Bangalore, Dharwad, Gulbarga, Hubli, Mangalore",0 - 3 Years,0,3,1.5,3,5,False,medio,0,5,1,0
IT project Internship,Sparks To Ideas,Ahmedabad,0 - 1 Years,0,1,0.5,1,1,False,junior,0,1,0,0
Urgent Hiring For IT Analyst,Rahul jatav,"Mumbai, Pune, Aurangabad, Nagpur, Solapur",0 - 3 Years,0,3,1.5,3,5,False,medio,0,5,1,0
IT Recruiter Job  In NEW ZEALAND,ADAL IMMIGRATIONS LLP,New Zealand,3 - 8 Years,3,8,5.5,5,1,True,medio,1,1,1,0
"""Area Sales Executive  /  Manager""",HUE SERVICE PRIVATE LIMITED,"Kolkata, Guwahati, Patna, Raipur, Ranchi",4 - 9 Years,4,9,6.5,5,5,False,senior,0,5,0,1
IT  Software Engineer Job In MALTA,PRIMEX IMMIGRATION LLP,Unknown,4 - 8 Years,4,8,6.0,4,1,True,medio,1,1,1,0
IT Sales Manager – Government Tender,HUE SERVICE PRIVATE LIMITED,"Kolkata, Patna, Other City(s) in Jharkhand, Bhubaneshwar",5 - 10 Years,5,10,7.5,5,4,False,senior,0,4,0,1
IT  Software Engineer Job In CANADA,PRIMEX IMMIGRATION LLP,Canada,3 - 8 Years,3,8,5.5,5,1,True,medio,1,1,1,0
IT  Software Engineer Job In GERMANY,PRIMEX IMMIGRATION LLP,Germany,5 - 10 Years,5,10,7.5,5,1,True,medio,1,1,1,0
Senior Technical Support Expert  /  International Customer Support,White Horse Manpower Consultancy P Ltd,Bengaluru / Bangalore,1 - 6 Years,1,6,3.5,5,1,False,senior,0,1,0,1
Senior Director - Talent Acquisition,One World,"Gurgaon, Hyderabad/Secunderabad, Pune",20 - 25 Years,20,25,22.5,5,3,False,senior,0,3,0,1
IT  Software Engineer Job In DUBAI,PRIMEX IMMIGRATION LLP,Dubai,3 - 8 Years,3,8,5.5,5,1,True,medio,1,1,1,0
Fresher - Technical Support  /  Voice  /  Bpo  /  2022 Passed out,White Horse Manpower Consultancy P Ltd,Bengaluru / Bangalore,0 - 3 Years,0,3,1.5,3,1,False,junior,0,1,0,0
IT Recruiters For IT Companies in White Horse Manpower BLR,White Horse Manpower Consultancy P Ltd,Bengaluru / Bangalore,1 - 5 Years,1,5,3.0,4,1,False,medio,0,1,1,0
"""Urgent Job opening Software Engineer In Canada""",Anshi Immigration Private Limited,Canada,4 - 9 Years,4,9,6.5,5,1,True,medio,1,1,1,0
HR Recruiter,TALENTPULL AND INFRASTRUCTURE PRIVATE LIMITED,Mohali,1 - 4 Years,1,4,2.5,3,1,False,medio,0,1,1,0
IT  Software Engineer Required In  NEW ZEALAND,PRIMEX IMMIGRATION LLP,New Zealand,4 - 8 Years,4,8,6.0,4,1,True,medio,1,1,1,0
SAP   Fresher walk  @ Valen IT,Valen IT Solutions,"Hyderabad/Secunderabad, Vijayawada, Visakhapatnam",0 - 3 Years,0,3,1.5,3,3,False,junior,0,3,0,0
MBA Fresher walk in  @ Valen IT,Valen IT Solutions,"Hyderabad/Secunderabad, Vijayawada, Visakhapatnam",0 - 3 Years,0,3,1.5,3,3,False,junior,0,3,0,0
Remote Jobs In IT For Golang DevOps GCP Engineer,White Horse Manpower Consultancy P Ltd,Bengaluru / Bangalore,4 - 9 Years,4,9,6.5,5,1,False,medio,0,1,1,0
IT Manager Jobs in Canada  /  Australia  /  New Zealand,Srv global consultancy Pvt Ltd,"Australia, Canada, New Zealand",3 - 8 Years,3,8,5.5,5,3,True,senior,1,3,0,1
US ITRecruiter,Maven Workforce Pvt. Ltd.,Noida/Greater Noida,5 - 10 Years,5,10,7.5,5,1,False,medio,0,1,1,0
SAP Consultant,Times Business Solution,"Mumbai, Navi Mumbai, Thane",3 - 8 Years,3,8,5.5,5,3,False,medio,0,3,1,0
"""HR Recruitment Executive""",Pragmatic Solution,Delhi,0 - 2 Years,0,2,1.0,2,1,False,medio,0,1,1,0
Software Engineer Jobs in Germany,TALENT VAULT LLP,"Australia, Canada, New Zealand, Singapore",3 - 8 Years,3,8,5.5,5,4,True,medio,1,4,1,0
AWS with DataBricks exp in Spark / Pyspark Bangalore IT company,White Horse Manpower Consultancy P Ltd,Bengaluru / Bangalore,4 - 9 Years,4,9,6.5,5,1,False,medio,0,1,1,0
"IT Jobs in CCNA Networking ,  Facets ,  JavaJava Full stack ,  Node JS",White Horse Manpower Consultancy P Ltd,"Bengaluru / Bangalore, Chennai, Hyderabad/Secunderabad",3 - 8 Years,3,8,5.5,5,3,False,medio,0,3,1,0
Business Development Manager,Suhail Nizamuddin shaikh,"Ahmedabad, Bengaluru / Bangalore, Chennai, Delhi, Delhi/NCR",5 - 10 Years,5,10,7.5,5,5,False,senior,0,5,0,1
"IT HELP Desk Pune ,  Bangalore HYD Kolkata 6.2lks",White Horse Manpower Consultancy P Ltd,"Bengaluru / Bangalore, Hyderabad/Secunderabad, Kolkata",1 - 3 Years,1,3,2.0,2,3,False,medio,0,3,1,0
Fresh Graduates for Technical Support  Voice  IT Help desk  CCNA,White Horse Manpower Consultancy P Ltd,Bengaluru / Bangalore,1 - 5 Years,1,5,3.0,4,1,False,junior,0,1,0,0
"IT Recruiter  , HR Exicutive , HR manager",New Global Technologies,"Ahmedabad, Chennai, Gurgaon, Kolkata, Noida/Greater Noida",0 - 3 Years,0,3,1.5,3,5,False,senior,0,5,0,1
Business development executive,Career Job Solution,"Delhi, Noida/Greater Noida, Ghaziabad",3 - 8 Years,3,8,5.5,5,3,False,medio,0,3,1,0
Digital marketing sales,Career Job Solution,"Delhi, Noida/Greater Noida, Ghaziabad",3 - 8 Years,3,8,5.5,5,3,False,medio,0,3,1,0
Business Development Management,Career Job Solution,"Delhi, Noida/Greater Noida, Ghaziabad",3 - 8 Years,3,8,5.5,5,3,False,medio,0,3,1,0
Freelance Recruiters for BPO Hiring WFH,sharda consultancy Services,"Delhi/NCR, Gurgaon, Noida/Greater Noida",1 - 5 Years,1,5,3.0,4,3,False,medio,0,3,1,0
Sales Development Representative,DANUSH SYSTEMS AND SOLUTIONS,Bengaluru / Bangalore,2 - 4 Years,2,4,3.0,2,1,False,medio,0,1,1,0
Recruiter  Job In USA,World wide Immigration Service Llp,Unknown,5 - 10 Years,5,10,7.5,5,1,True,medio,1,1,1,0
Business Development Officers,Navyah Immigration Services Private Limited,"Dubai, Australia, Canada, Singapore",2 - 5 Years,2,5,3.5,3,4,True,medio,1,4,1,0
"HR Manager , Hr Executive",AppSoft Solutions,"Bengaluru / Bangalore, Chennai, Delhi, Mumbai, Pune",0 - 3 Years,0,3,1.5,3,5,False,senior,0,5,0,1
"Jobs In IT Sector Oracle Apps EBS-SCM Python ,  React Sapabap / HANA",White Horse Manpower Consultancy P Ltd,"Bengaluru / Bangalore, Chennai, Hyderabad/Secunderabad",3 - 8 Years,3,8,5.5,5,3,False,medio,0,3,1,0
IT Procurement,HR Jobs Placements,"Ahmedabad, Bengaluru / Bangalore, Chennai, Delhi, Gurgaon",5 - 10 Years,5,10,7.5,5,5,False,medio,0,5,1,0
"Accounts Manager , Account Manager , Senior Account Manager",MDD Medical Systems India Pvt Ltd,"Gurgaon, Faridabad",6 - 11 Years,6,11,8.5,5,2,False,senior,0,2,0,1
"IT Jobs in Service  SAP TM PM PP ,  Oracle Apps ,  Pune  Hyderabad",White Horse Manpower Consultancy P Ltd,"Bengaluru / Bangalore, Hyderabad/Secunderabad, Pune",3 - 8 Years,3,8,5.5,5,3,False,medio,0,3,1,0
Data Administrator,Rahul jatav,"Calicut/ Kozhikode, Cochin/ Kochi/ Ernakulam, Palakkad, Thiruvananthapuram, Thrissur",0 - 3 Years,0,3,1.5,3,5,False,medio,0,5,1,0
Google Technical Support Executive troubleshooting Voice  Jobs,White Horse Manpower Consultancy P Ltd,"Bengaluru / Bangalore, Hyderabad/Secunderabad, Pune",1 - 6 Years,1,6,3.5,5,3,False,medio,0,3,1,0
ServiceDesk Voice Support  Active Directory Exp  ticketingtools,White Horse Manpower Consultancy P Ltd,Bengaluru / Bangalore,1 - 5 Years,1,5,3.0,4,1,False,senior,0,1,0,1
Technical Recruiter | Ludhiana,LifeInsuranceJobs . in,Ludhiana,0 - 3 Years,0,3,1.5,3,1,False,medio,0,1,1,0
HR Exectuvie,Whitekraaft Solutions LLP,Hyderabad/Secunderabad,0 - 1 Years,0,1,0.5,1,1,False,medio,0,1,1,0
Recruitment Officer | Ludhiana,LifeInsuranceJobs . in,Ludhiana,0 - 3 Years,0,3,1.5,3,1,False,medio,0,1,1,0
Director Student placements,SNJ Skye Management Consultant,Kanpur,10 - 15 Years,10,15,12.5,5,1,False,senior,0,1,0,1
HR Executive- Talent Acquisition | Ludhiana,LifeInsuranceJobs . in,Ludhiana,0 - 3 Years,0,3,1.5,3,1,False,medio,0,1,1,0
Manager Corporate Relation Placements Engineering College,SNJ Skye Management Consultant,Kanpur,2 - 7 Years,2,7,4.5,5,1,False,senior,0,1,0,1
Business Development Manager,MOBILE COMMUNICATIONS INDIA PRIVATE LIMITED,"Delhi, Delhi/NCR, Gurgaon, Noida/Greater Noida",2 - 7 Years,2,7,4.5,5,4,False,senior,0,4,0,1
Enterprise Architect Manager,Ample Leap Cognition,Faridabad,8 - 13 Years,8,13,10.5,5,1,False,senior,0,1,0,1
Canada # Engineer Manager,Anshi Immigration Private Limited,Canada,4 - 9 Years,4,9,6.5,5,1,True,senior,1,1,0,1
HR Executive | Ludhiana,LifeInsuranceJobs . in,Ludhiana,0 - 3 Years,0,3,1.5,3,1,False,medio,0,1,1,0
"""Business Development Executive  ( BDE ) """,Multi fold IT Solutions private limited,"Ambala, Faridabad, Karnal, Panipat, Yamunanagar",1 - 2 Years,1,2,1.5,1,5,False,medio,0,5,1,0
IT Procurement,HR Jobs Placements,"Hyderabad/Secunderabad, Kolkata, Mumbai, Noida/Greater Noida, Pune",5 - 10 Years,5,10,7.5,5,5,False,medio,0,5,1,0
Jobs for Aircraft Maintenance at Airport,Akash A,"Bengaluru / Bangalore, Hyderabad/Secunderabad, Vijayawada, Ahmedabad, Gulbarga",0 - 3 Years,0,3,1.5,3,5,False,medio,0,5,1,0
HR Coordinator,M.gheewala Global HR Consultants,Dubai,3 - 8 Years,3,8,5.5,5,1,True,medio,1,1,1,0
"""Full Stack Java Developer""",SHREE ADISHAKTHI CONSULTANCY,"Bengaluru / Bangalore, Chennai, Mumbai, Pune",5 - 10 Years,5,10,7.5,5,4,False,medio,0,4,1,0
Senior Human Resources Consultant,M.gheewala Global HR Consultants,"Chennai, Delhi, Mumbai",8 - 13 Years,8,13,10.5,5,3,False,senior,0,3,0,1
Cyber Security Analyst jobs in Canada - Australia - Singapore,Srv global consultancy Pvt Ltd,"Australia, Canada",2 - 7 Years,2,7,4.5,5,2,True,medio,1,2,1,0
"B.E  , B.tech  , Diploma engineer-fresher / trainee",New Global Technologies,"Ahmedabad, Delhi/NCR, Gurgaon, Kolkata, Noida/Greater Noida",0 - 3 Years,0,3,1.5,3,5,False,junior,0,5,0,0
IT Applications Analyst / Developer,Laxmi Infotech,"Ahmedabad, Gurgaon, Noida/Greater Noida, Chandigarh, Bhubaneshwar",0 - 3 Years,0,3,1.5,3,5,False,medio,0,5,1,0
"B.E  , B.tech  , Diploma- engineers",New Global Technologies,"Bengaluru / Bangalore, Chennai, Delhi/NCR, Hyderabad/Secunderabad, Pune",0 - 3 Years,0,3,1.5,3,5,False,medio,0,5,1,0
"L1 , l2 Support Engineer",Laxmi Infotech,"Mumbai, Pune",0 - 3 Years,0,3,1.5,3,2,False,medio,0,2,1,0
Freshers - B.E - CSE  /  IT  &  MCA Graduates,Laxmi Infotech,"Ahmedabad, Delhi, Gurgaon, Kolkata, Noida/Greater Noida",0 - 3 Years,0,3,1.5,3,5,False,junior,0,5,0,0
IT Operations Management,HR Jobs Placements,"Hyderabad/Secunderabad, Kolkata, Mumbai, Noida/Greater Noida, Pune",6 - 11 Years,6,11,8.5,5,5,False,medio,0,5,1,0
"IT Developer , web developer",Laxmi Infotech,"Ahmedabad, Delhi/NCR, Gurgaon, Kolkata, Noida/Greater Noida",0 - 3 Years,0,3,1.5,3,5,False,medio,0,5,1,0
Marketing Executive,Multi fold IT Solutions private limited,"Amritsar, Bathinda, Jalandhar, Kapurthala, Ludhiana",1 - 3 Years,1,3,2.0,2,5,False,medio,0,5,1,0
Field Sales Representative,Multi fold IT Solutions private limited,"Faridabad, Panipat, Chandigarh, Jalandhar, Pathankot",0 - 2 Years,0,2,1.0,2,5,False,medio,0,5,1,0
Ticketing Ushering F & B Executive in Multiplex Theater Jeedimetla,Hungry Bird IT Consulting Services Pvt Ltd,Hyderabad/Secunderabad,0 - 3 Years,0,3,1.5,3,1,False,medio,0,1,1,0
Receptionist  walk in,Valen IT Solutions,"Hyderabad/Secunderabad, Vijayawada",1 - 3 Years,1,3,2.0,2,2,False,medio,0,2,1,0
Relationship Officer,STAR CAREER CONSULTANT,"Delhi, Delhi/NCR, Gurgaon, Noida/Greater Noida",2 - 6 Years,2,6,4.0,4,4,False,medio,0,4,1,0
Oracle Cloud Finance Functional Consultant,Best Infosystems Ltd.,Hyderabad/Secunderabad,6 - 11 Years,6,11,8.5,5,1,False,medio,0,1,1,0
Finance Analyst,Ample Leap Cognition,Panipat,3 - 8 Years,3,8,5.5,5,1,False,medio,0,1,1,0
"System Administrator , Server Engineer , Firewall",IT Mantra Techintellect  Private Limited,Kolkata,6 - 11 Years,6,11,8.5,5,1,False,medio,0,1,1,0
Quality Control Executive,CHEMIX SPECIALITY GASES AND EQUIPMENT,Bengaluru / Bangalore,1 - 3 Years,1,3,2.0,2,1,False,medio,0,1,1,0
Network  Engineer  Job In NEW ZEALAND,World wide Immigration Service Llp,New Zealand,3 - 8 Years,3,8,5.5,5,1,True,medio,1,1,1,0
React js Internship in Pune,Maxgen Technologies,"Pune, Jalgaon, Kolhapur, Nagpur, Solapur",0 - 1 Years,0,1,0.5,1,5,False,junior,0,5,0,0
Laptop Service  /  Repair Engineer,Communications test design india private limited,Bengaluru / Bangalore,1 - 5 Years,1,5,3.0,4,1,False,medio,0,1,1,0
Java - Sr. Developer  /  Lead - J48539,SAMPOORNA CONSULTANTS PVT LTD,Mumbai,6 - 11 Years,6,11,8.5,5,1,False,senior,0,1,0,1
Textile Maintaince manager,Kausar Textile Private Limited,Other City(s) in Maharashtra,15 - 20 Years,15,20,17.5,5,1,False,senior,0,1,0,1
SailPoint Identity Now Developer,LTIMindtree Ltd.,"Bengaluru / Bangalore, Chennai, Hyderabad/Secunderabad, Mumbai, Pune",5 - 8 Years,5,8,6.5,3,5,False,medio,0,5,1,0
Life Insurance Advisor - High Earning Potential,sreepada visweshwara Rao,Hyderabad/Secunderabad,1 - 6 Years,1,6,3.5,5,1,False,medio,0,1,1,0
Bank Manage  Job In  GERMANY,ADAL IMMIGRATIONS LLP,Germany,4 - 8 Years,4,8,6.0,4,1,True,medio,1,1,1,0
OPERATION HEAD / HEAD OF OPERATION  ( Male ),RGRA HUMAN RESOURCE SOLUTIONS,"Delhi, Noida/Greater Noida",10 - 15 Years,10,15,12.5,5,2,False,senior,0,2,0,1
Administrator,KALINDI IMMIGRATION CONSULTANTS PRIVATE LIMITED,"Australia, Canada, Germany, Singapore",1 - 6 Years,1,6,3.5,5,4,True,medio,1,4,1,0
NETWORKING SENIOR TECHNICIAN,Pama International,Doha,2 - 5 Years,2,5,3.5,3,1,False,senior,0,1,0,1
Programmatic L35- Chennai - J48538,SAMPOORNA CONSULTANTS PVT LTD,Chennai,5 - 8 Years,5,8,6.5,3,1,False,medio,0,1,1,0
Hardware Engineer Job In GERMANY,ADAL IMMIGRATIONS LLP,Germany,4 - 8 Years,4,8,6.0,4,1,True,medio,1,1,1,0
GM MEP PROJECTS,Suman kumar,"Ahmedabad, Bengaluru / Bangalore, Hyderabad/Secunderabad, Kolkata, Lucknow",20 - 25 Years,20,25,22.5,5,5,False,senior,0,5,0,1
Website Designer,SKYWALK VISA IMMIGRATION SERVICES LLP,"Australia, New Zealand, Singapore",3 - 8 Years,3,8,5.5,5,3,True,medio,1,3,1,0
Seo executive,sharda consultancy Services,"Delhi, Gurgaon",1 - 2 Years,1,2,1.5,1,2,False,medio,0,2,1,0
Inside Sale Representative,Peopleplease Consulting,Mumbai,0 - 3 Years,0,3,1.5,3,1,False,medio,0,1,1,0
System Software Analyst Jobs in Canada - Australia,Srv global consultancy Pvt Ltd,"Australia, Canada",2 - 7 Years,2,7,4.5,5,2,True,medio,1,2,1,0
sales executive,Informatics Technologies Pvt. Ltd.,Vadodara,1 - 4 Years,1,4,2.5,3,1,False,medio,0,1,1,0
Accountant,ENIGMASOFT TECHNOLOGIES PRIVATE LIMITED,Panjim/Panaji,4 - 7 Years,4,7,5.5,3,1,False,medio,0,1,1,0
MALE BUSY OPERATOR / MALE ACCOUNTANT  ( BUSY Accounting Software ) ​,RGRA HUMAN RESOURCE SOLUTIONS,Delhi,0 - 3 Years,0,3,1.5,3,1,False,medio,0,1,1,0
"""Asset Management""",Communications test design india private limited,Bengaluru / Bangalore,3 - 5 Years,3,5,4.0,2,1,False,medio,0,1,1,0
Oracle HCM Payroll Functional Role,Best Infosystems Ltd.,Hyderabad/Secunderabad,6 - 11 Years,6,11,8.5,5,1,False,medio,0,1,1,0
Payments Operations UK Banking Immediate joining B'lore KPOs,White Horse Manpower Consultancy P Ltd,Bengaluru / Bangalore,2 - 7 Years,2,7,4.5,5,1,False,medio,0,1,1,0
"Data Engineer  Python Programming  SOLR  SQL Server , MongoDB ,  ETL",White Horse Manpower Consultancy P Ltd,Bengaluru / Bangalore,5 - 10 Years,5,10,7.5,5,1,False,medio,0,1,1,0
Data Science Internship in Pune,Maxgen Technologies,"Pune, Amravati, Dhule, Sangli, Satara",0 - 1 Years,0,1,0.5,1,5,False,junior,0,5,0,0
Marketing Specialist – POS ( Point of Sale )  - J48534,SAMPOORNA CONSULTANTS PVT LTD,Pune,2 - 4 Years,2,4,3.0,2,1,False,medio,0,1,1,0
QA | QC Engineer  Job In LUXEMBOURG,World wide Immigration Service Llp,Unknown,2 - 7 Years,2,7,4.5,5,1,True,medio,1,1,1,0
Hardware Engineer  Job In  AUSTRALIA,ADAL IMMIGRATIONS LLP,Australia,3 - 8 Years,3,8,5.5,5,1,True,medio,1,1,1,0
PHP Developer,Eternal HR Services Pvt Ltd,Noida/Greater Noida,3 - 8 Years,3,8,5.5,5,1,False,medio,0,1,1,0
Urgent Vacancy as Electrical Engineer at Malad w,Job Classify,Mumbai,5 - 10 Years,5,10,7.5,5,1,False,medio,0,1,1,0
freshers for domestic BPO @Mohali,360 Bytes Tech Venture Private Limited,"Chandigarh, Mohali",0 - 1 Years,0,1,0.5,1,2,False,junior,0,2,0,0
Software Engineering Specialist ( 41941 ) - JAVA- BLR - J48542,SAMPOORNA CONSULTANTS PVT LTD,Bengaluru / Bangalore,8 - 13 Years,8,13,10.5,5,1,False,medio,0,1,1,0
Need Python Trainer / Java Trainer / MERN Trainer,apni study class,Lucknow,1 - 3 Years,1,3,2.0,2,1,False,medio,0,1,1,0
backend engineer SDE -2,KANDPAL CONSULTANT,"Gurgaon, Delhi",3 - 5 Years,3,5,4.0,2,2,False,medio,0,2,1,0
QA | QC Engineer  Job In MALTA,World wide Immigration Service Llp,Unknown,5 - 10 Years,5,10,7.5,5,1,True,medio,1,1,1,0
Mern Stack Internship in Ahmedabad,Maxgen Technologies,"Ahmedabad, Bhavnagar, Junagarh, Rajkot, Surendranagar",0 - 1 Years,0,1,0.5,1,5,False,junior,0,5,0,0
Business Analyst  Job In SINGAPORE,World wide Immigration Service Llp,Singapore,3 - 8 Years,3,8,5.5,5,1,True,medio,1,1,1,0
show room executive,Informatics Technologies Pvt. Ltd.,Vadodara,1 - 2 Years,1,2,1.5,1,1,False,medio,0,1,1,0
Head Chef  Job In SINGAPORE,World wide Immigration Service Llp,Singapore,3 - 8 Years,3,8,5.5,5,1,True,senior,1,1,0,1
Site  Engineer  Job In  CANADA,World wide Immigration Service Llp,Canada,3 - 8 Years,3,8,5.5,5,1,True,medio,1,1,1,0
Bank Manage  Job In  NEW ZEALAND,ADAL IMMIGRATIONS LLP,New Zealand,3 - 8 Years,3,8,5.5,5,1,True,medio,1,1,1,0
Pharmacist  Job In SINGAPORE,World wide Immigration Service Llp,Singapore,3 - 8 Years,3,8,5.5,5,1,True,medio,1,1,1,0
Physician   Job In  CANADA,World wide Immigration Service Llp,Canada,3 - 8 Years,3,8,5.5,5,1,True,medio,1,1,1,0
Senior HVAC Technician,ASMACS,Dubai,6 - 10 Years,6,10,8.0,4,1,True,senior,1,1,0,1
Hardware Engineer Job In NEW ZEALAND,ADAL IMMIGRATIONS LLP,New Zealand,4 - 8 Years,4,8,6.0,4,1,True,medio,1,1,1,0
Software Engineer Job In  NEW ZEALAND,ADAL IMMIGRATIONS LLP,New Zealand,4 - 8 Years,4,8,6.0,4,1,True,medio,1,1,1,0
PHP Developer Job In  USA,PRIMEX IMMIGRATION LLP,Unknown,5 - 10 Years,5,10,7.5,5,1,True,medio,1,1,1,0
Canada # Computer Engineers,Anshi Immigration Private Limited,Canada,4 - 9 Years,4,9,6.5,5,1,True,medio,1,1,1,0
Canada#Database Analyst,Anshi Immigration Private Limited,Canada,4 - 9 Years,4,9,6.5,5,1,True,medio,1,1,1,0
Java + Angular Developer - J48537,SAMPOORNA CONSULTANTS PVT LTD,Mumbai,6 - 10 Years,6,10,8.0,4,1,False,medio,0,1,1,0
"Stenoghrapher , Executive Assistant / Executive Secretary , PA to MD",Indica Industries Pvt Ltd,"Delhi, Delhi/NCR, Noida/Greater Noida",2 - 7 Years,2,7,4.5,5,3,False,medio,0,3,1,0
Telecalling,Acme Human Management,Delhi,1 - 5 Years,1,5,3.0,4,1,False,medio,0,1,1,0
Senior Python Backend Developer - J48527,SAMPOORNA CONSULTANTS PVT LTD,Chennai,5 - 10 Years,5,10,7.5,5,1,False,senior,0,1,0,1
ACCOUNTANT,Final Round,Kolkata,2 - 5 Years,2,5,3.5,3,1,False,medio,0,1,1,0
Sr Accountant - Finance - J48507,SAMPOORNA CONSULTANTS PVT LTD,Chennai,7 - 9 Years,7,9,8.0,2,1,False,senior,0,1,0,1
Remote - Sales Specialist,TALPRO INDIA PRIVATE LIMITED,Mumbai,0 - 5 Years,0,5,2.5,5,1,False,medio,0,1,1,0
Looker Architect,Best Infosystems Ltd.,"Bengaluru / Bangalore, Pune",10 - 15 Years,10,15,12.5,5,2,False,senior,0,2,0,1
ZR_961_JOB_Senior .net Backend  /  Full Stack Developers,TALPRO INDIA PRIVATE LIMITED,Bengaluru / Bangalore,5 - 15 Years,5,15,10.0,10,1,False,senior,0,1,0,1
Data Scientist,SKYWALK VISA IMMIGRATION SERVICES LLP,New Zealand,2 - 7 Years,2,7,4.5,5,1,True,medio,1,1,1,0
Business Analayst,Waytogo Consultants Pvt Ltd,Bengaluru / Bangalore,5 - 8 Years,5,8,6.5,3,1,False,medio,0,1,1,0
"Tender Specialist , E-Tendering , ETendering , Tender Officer",Peopleplease Consulting,Mumbai,3 - 8 Years,3,8,5.5,5,1,False,medio,0,1,1,0
React js Internship in Ahmedabad,Maxgen Technologies,"Pune, Jalgaon, Kolhapur, Nasik, Solapur",0 - 1 Years,0,1,0.5,1,5,False,junior,0,5,0,0
T24 Tester,Best Infosystems Ltd.,Bengaluru / Bangalore,5 - 10 Years,5,10,7.5,5,1,False,medio,0,1,1,0
Prompt Engineer  ( Python ) - Con - GGN - J48524,SAMPOORNA CONSULTANTS PVT LTD,Gurgaon,4 - 6 Years,4,6,5.0,2,1,False,medio,0,1,1,0
Business Analyst - J48526,SAMPOORNA CONSULTANTS PVT LTD,Mumbai,2 - 4 Years,2,4,3.0,2,1,False,medio,0,1,1,0
Network  Engineer  Job   In LUXEMBOURG,World wide Immigration Service Llp,Unknown,5 - 10 Years,5,10,7.5,5,1,False,medio,0,1,1,0
QA | QC Engineer  Job In LUXEMBOURG,World wide Immigration Service Llp,Unknown,5 - 10 Years,5,10,7.5,5,1,True,medio,1,1,1,0
Jasper Reports with Oracle DB experience consultant  Contarct,White Horse Manpower Consultancy P Ltd,Bengaluru / Bangalore,7 - 12 Years,7,12,9.5,5,1,False,medio,0,1,1,0
Business Development Officer,HUE SERVICE PRIVATE LIMITED,"Other City(s) in Bihar, Other City(s) in Orrisa, Other City(s) in West Bengal",3 - 5 Years,3,5,4.0,2,3,False,medio,0,3,1,0
Laptop chip level technician,Communications test design india private limited,Bengaluru / Bangalore,2 - 7 Years,2,7,4.5,5,1,False,medio,0,1,1,0
QA | QC Engineer  Job In SINGAPORE,World wide Immigration Service Llp,Singapore,3 - 8 Years,3,8,5.5,5,1,True,medio,1,1,1,0
Sales  Manager  Job In SINGAPORE,World wide Immigration Service Llp,Singapore,3 - 8 Years,3,8,5.5,5,1,True,senior,1,1,0,1
Supply Chain Manager Job In SINGAPORE,World wide Immigration Service Llp,Singapore,3 - 8 Years,3,8,5.5,5,1,True,senior,1,1,0,1
Mechanical   Engineer  Job In SINGAPORE,World wide Immigration Service Llp,Singapore,3 - 8 Years,3,8,5.5,5,1,True,medio,1,1,1,0
Sales  Manager  Job In  LUXEMBOURG,World wide Immigration Service Llp,Unknown,3 - 8 Years,3,8,5.5,5,1,True,senior,1,1,0,1
Digital Account Executive,ENIGMASOFT TECHNOLOGIES PRIVATE LIMITED,Panjim/Panaji,0 - 3 Years,0,3,1.5,3,1,False,medio,0,1,1,0
"Aircraft Mechanical maintenance engineer , Electrical Engineer",Akash A,"Tirupati, Vijayawada, Visakhapatnam, Itanagar, Dibrugarh",0 - 3 Years,0,3,1.5,3,5,False,medio,0,5,1,0
Project Technician,ENIGMASOFT TECHNOLOGIES PRIVATE LIMITED,Panjim/Panaji,1 - 2 Years,1,2,1.5,1,1,False,medio,0,1,1,0
HR Executive,ENIGMASOFT TECHNOLOGIES PRIVATE LIMITED,Panjim/Panaji,1 - 3 Years,1,3,2.0,2,1,False,medio,0,1,1,0
Supply Chain Intern,ENIGMASOFT TECHNOLOGIES PRIVATE LIMITED,Panjim/Panaji,0 - 1 Years,0,1,0.5,1,1,False,junior,0,1,0,0
Electronics Hardware Engineer,ENIGMASOFT TECHNOLOGIES PRIVATE LIMITED,Panjim/Panaji,3 - 5 Years,3,5,4.0,2,1,False,medio,0,1,1,0
Adobe Campaign Developer,LTIMindtree Ltd.,Bengaluru / Bangalore,6 - 8 Years,6,8,7.0,2,1,False,medio,0,1,1,0
Mechanical Engineer,ENIGMASOFT TECHNOLOGIES PRIVATE LIMITED,Panjim/Panaji,4 - 5 Years,4,5,4.5,1,1,False,medio,0,1,1,0
Junior Architect,ENIGMASOFT TECHNOLOGIES PRIVATE LIMITED,Panjim/Panaji,2 - 6 Years,2,6,4.0,4,1,False,senior,0,1,0,1
Software Engineers,KALINDI IMMIGRATION CONSULTANTS PRIVATE LIMITED,"Australia, Canada, Singapore, UK, Other International Location(s)",1 - 6 Years,1,6,3.5,5,5,True,medio,1,5,1,0
CMS Developer - J48521,SAMPOORNA CONSULTANTS PVT LTD,Mumbai,1 - 3 Years,1,3,2.0,2,1,False,medio,0,1,1,0
"""BIG DATA ENGINEER"" , Big Data Developer , Big Data with Python",Peopleplease Consulting,Mumbai,1 - 6 Years,1,6,3.5,5,1,False,medio,0,1,1,0
"Digital Marketing Specialist , Marketing  &  Inside Sales Exec.",Peopleplease Consulting,Mumbai,0 - 3 Years,0,3,1.5,3,1,False,medio,0,1,1,0
.net + Angular Developer - J48535,SAMPOORNA CONSULTANTS PVT LTD,Mumbai,1 - 6 Years,1,6,3.5,5,1,False,medio,0,1,1,0
Insurance  Advisor  Job In AUSTRALIA,ADAL IMMIGRATIONS LLP,Australia,3 - 8 Years,3,8,5.5,5,1,True,medio,1,1,1,0
MIS Executive | Senior MIS Analyst  Job In MALTA,PRIMEX IMMIGRATION LLP,Unknown,4 - 8 Years,4,8,6.0,4,1,True,senior,1,1,0,1
Physician   Job In  MALTA,World wide Immigration Service Llp,Unknown,5 - 10 Years,5,10,7.5,5,1,True,medio,1,1,1,0
3D Designer,ENIGMASOFT TECHNOLOGIES PRIVATE LIMITED,Panjim/Panaji,1 - 2 Years,1,2,1.5,1,1,False,medio,0,1,1,0
"Team LeaderAccounts  &  Finance ,  7 to 9 yrs in South Korea  ( Busan )",Mangalam Placments Pvt. ltd.,South Korea,7 - 9 Years,7,9,8.0,2,1,False,senior,0,1,0,1
Research  &  Business Lead,ENIGMASOFT TECHNOLOGIES PRIVATE LIMITED,Panjim/Panaji,3 - 4 Years,3,4,3.5,1,1,False,senior,0,1,0,1
T24 Developer,Advance Consultancy Services,Other City(s) in Saudi Arabia,10 - 15 Years,10,15,12.5,5,1,True,medio,1,1,1,0
Network Engineer Job In  AUSTRALIA,ADAL IMMIGRATIONS LLP,Australia,3 - 8 Years,3,8,5.5,5,1,True,medio,1,1,1,0
PLC Programmer,Sudeep Consultancy,"Pune, Other City(s) in Maharashtra",3 - 5 Years,3,5,4.0,2,2,False,medio,0,2,1,0
Software Engineer  Job In MALTA,World wide Immigration Service Llp,Unknown,5 - 10 Years,5,10,7.5,5,1,True,medio,1,1,1,0
Web Designer  Job  In MALTA,PRIMEX IMMIGRATION LLP,Unknown,3 - 8 Years,3,8,5.5,5,1,False,medio,0,1,1,0
Software Devloper,SHREE ADISHAKTHI CONSULTANCY,Patna,2 - 5 Years,2,5,3.5,3,1,False,medio,0,1,1,0
QA | QC Engineer  Job In ABROAD,World wide Immigration Service Llp,"Canada, Singapore",2 - 7 Years,2,7,4.5,5,2,True,medio,1,2,1,0
Python Internship in Ahmedabad,Maxgen Technologies,"Ahmedabad, Anand, Gandhinagar, Mehsana, Surat",0 - 1 Years,0,1,0.5,1,5,False,junior,0,5,0,0
Canada# Power Plant Engineer,Anshi Immigration Private Limited,Canada,4 - 9 Years,4,9,6.5,5,1,True,medio,1,1,1,0
GCP Devops,Vividhataa,Navi Mumbai,6 - 8 Years,6,8,7.0,2,1,False,medio,0,1,1,0
Sr. Manager - Fresh Produce Supply Chain,Ample Leap Cognition,"Mumbai, Navi Mumbai",7 - 12 Years,7,12,9.5,5,2,False,senior,0,2,0,1
MEP Supervisor,ASMACS,Dubai,10 - 12 Years,10,12,11.0,2,1,True,medio,1,1,1,0
Leading Pvt Bank Hiring For CONSUMER DURABLE DEPT  ( inhouse job ),TALENT HUB JOBS,Mumbai,0 - 3 Years,0,3,1.5,3,1,False,senior,0,1,0,1
Camunda 8   Java   Spring Boot Developer  /  Lead,TALPRO INDIA PRIVATE LIMITED,Bengaluru / Bangalore,5 - 15 Years,5,15,10.0,10,1,False,senior,0,1,0,1
Web Designer  Job  In AUSTRALIA,PRIMEX IMMIGRATION LLP,Australia,4 - 8 Years,4,8,6.0,4,1,True,medio,1,1,1,0
Hardware Engineer Job In GERMANY,ADAL IMMIGRATIONS LLP,Germany,5 - 10 Years,5,10,7.5,5,1,True,medio,1,1,1,0
Software Engineer  Job In NEW ZEALAND,World wide Immigration Service Llp,New Zealand,5 - 10 Years,5,10,7.5,5,1,True,medio,1,1,1,0
Information Technology Managers Job For Canada,Anshi Immigration Private Limited,Canada,5 - 10 Years,5,10,7.5,5,1,True,senior,1,1,0,1
Accounts Receivable Accountant - J48536,SAMPOORNA CONSULTANTS PVT LTD,Chennai,5 - 8 Years,5,8,6.5,3,1,False,medio,0,1,1,0
Accountant - Finance - J48508,SAMPOORNA CONSULTANTS PVT LTD,Chennai,4 - 6 Years,4,6,5.0,2,1,False,medio,0,1,1,0
Sr Data Engineer Consultant,TALPRO INDIA PRIVATE LIMITED,Mumbai,5 - 10 Years,5,10,7.5,5,1,False,senior,0,1,0,1
Remote - Sales Associate,TALPRO INDIA PRIVATE LIMITED,Bengaluru / Bangalore,0 - 5 Years,0,5,2.5,5,1,False,junior,0,1,0,0
Vmc Machine Operator,SKYWALK VISA IMMIGRATION SERVICES LLP,"Australia, New Zealand, Singapore",2 - 7 Years,2,7,4.5,5,3,True,medio,1,3,1,0
Engineering Manager - J48528,SAMPOORNA CONSULTANTS PVT LTD,Chennai,10 - 14 Years,10,14,12.0,4,1,False,senior,0,1,0,1
React Js Internship in Ahmedabad,Maxgen Technologies,"Ahmedabad, Anand, Gandhinagar, Mehsana, Surat",0 - 1 Years,0,1,0.5,1,5,False,junior,0,5,0,0
Project Manager  ( Highways ),Suman kumar,"Bhopal, Imphal, Shillong, Bhubaneshwar, Jaipur",10 - 15 Years,10,15,12.5,5,5,False,senior,0,5,0,1
Network  Engineer Job In CANADA,World wide Immigration Service Llp,Canada,5 - 10 Years,5,10,7.5,5,1,True,medio,1,1,1,0
Remote -Oracle EBS Technical Consultant,TALPRO INDIA PRIVATE LIMITED,Bengaluru / Bangalore,5 - 15 Years,5,15,10.0,10,1,False,medio,0,1,1,0
E Commerce Manager,Vivek Flowers Exports India Private Limited,Other City(s) in Tamil Nadu,4 - 8 Years,4,8,6.0,4,1,False,senior,0,1,0,1
Middleware Expert,Advance Consultancy Services,Other City(s) in Saudi Arabia,6 - 11 Years,6,11,8.5,5,1,True,senior,1,1,0,1
Surveillance Executive,Jalan Infrastructure Llp,Kolkata,3 - 6 Years,3,6,4.5,3,1,False,medio,0,1,1,0
T24 Developer,Best Infosystems Ltd.,Bengaluru / Bangalore,5 - 10 Years,5,10,7.5,5,1,False,medio,0,1,1,0
Java Full Stack Developer - J48525,SAMPOORNA CONSULTANTS PVT LTD,Mumbai,3 - 5 Years,3,5,4.0,2,1,False,medio,0,1,1,0
OFFSHORE STEWARD,Hireglow Elegant Overseas International Private Limite,"Bengaluru / Bangalore, Mumbai, Mangalore, Kannur",0 - 2 Years,0,2,1.0,2,4,False,medio,0,4,1,0
Purchase  Manager  Job In SINGAPORE,World wide Immigration Service Llp,Singapore,3 - 8 Years,3,8,5.5,5,1,True,senior,1,1,0,1
Site  Engineer  Job In  SINGAPORE,World wide Immigration Service Llp,Singapore,3 - 8 Years,3,8,5.5,5,1,True,medio,1,1,1,0
"PLC  PROGRAMMMER  ,  ( MITSUBISHI )  , 5 - 10 Yr , 8 - 10 L , NOIDA",Swastic Enterprises,"Delhi/NCR, Noida/Greater Noida",5 - 10 Years,5,10,7.5,5,2,False,medio,0,2,1,0
Senior Manager,Aakash Kamal Placement,Mauritius,5 - 8 Years,5,8,6.5,3,1,False,senior,0,1,0,1
Alternate investment  &  Finance manager,Aakash Kamal Placement,Mauritius,5 - 8 Years,5,8,6.5,3,1,False,senior,0,1,0,1
Cyber Security Engineer - J48515,SAMPOORNA CONSULTANTS PVT LTD,Pune,4 - 9 Years,4,9,6.5,5,1,False,medio,0,1,1,0
"Software Delivery Manager , Senior Software Engineer",Peopleplease Consulting,Mumbai,3 - 8 Years,3,8,5.5,5,1,False,senior,0,1,0,1
Python Internship in Ahmedabad,Maxgen Technologies,"Ahmedabad, Bhavnagar, Junagarh, Rajkot, Surendranagar",0 - 1 Years,0,1,0.5,1,5,False,junior,0,5,0,0
".net Developer , Software Engineer",SHREE ADISHAKTHI CONSULTANCY,Bengaluru / Bangalore,4 - 6 Years,4,6,5.0,2,1,False,medio,0,1,1,0
Brand Representative,Echobooom Management & Entrepreneurial Solutions Pvt.Ltd.,Guwahati,0 - 2 Years,0,2,1.0,2,1,False,medio,0,1,1,0
Human resources manager,Sarosh Karki,"Bangladesh, Nepal, Pakistan, Philippines",10 - 15 Years,10,15,12.5,5,4,False,senior,0,4,0,1
Business Development Manager,Suhail Nizamuddin shaikh,"Hyderabad/Secunderabad, Kolkata, Mumbai, Noida/Greater Noida, Pune",5 - 10 Years,5,10,7.5,5,5,False,senior,0,5,0,1
Radiologist,Space COnsultant,Other City(s) in Kerala,1 - 6 Years,1,6,3.5,5,1,False,medio,0,1,1,0
Unit Sales Manager / Uttrakhand,TEKPILLAR SERVICES PRIVATE LIMITED,"Dehradun, Haldwani, Haridwar, Nainital, Other City(s) in Uttaranchal",2 - 5 Years,2,5,3.5,3,5,False,senior,0,5,0,1
92433 - Java Full Stack Lead Developer,TALPRO INDIA PRIVATE LIMITED,Bengaluru / Bangalore,5 - 15 Years,5,15,10.0,10,1,False,senior,0,1,0,1
Java Developer  ( 4-8 Yrs )  - J48512,SAMPOORNA CONSULTANTS PVT LTD,Mumbai,4 - 6 Years,4,6,5.0,2,1,False,medio,0,1,1,0
Hardware  Engineer  Job In UAE,World wide Immigration Service Llp,Unknown,3 - 8 Years,3,8,5.5,5,1,True,medio,1,1,1,0
Software Engineer  Job In UAE,World wide Immigration Service Llp,Unknown,3 - 8 Years,3,8,5.5,5,1,True,medio,1,1,1,0
Logistic Manager Job In GERMANY,ADAL IMMIGRATIONS LLP,Germany,4 - 8 Years,4,8,6.0,4,1,True,senior,1,1,0,1
Azure Devops + Azure Cloud,Vividhataa,Navi Mumbai,7 - 12 Years,7,12,9.5,5,1,False,medio,0,1,1,0
MEP Technician,ASMACS,Dubai,5 - 8 Years,5,8,6.5,3,1,True,medio,1,1,1,0
NAV / BC Operations Functional Consultant  ( Fresher )  - J48500,SAMPOORNA CONSULTANTS PVT LTD,Pune,0 - 3 Years,0,3,1.5,3,1,False,junior,0,1,0,0
Abroad job Opportunity Computer Engineer,Anshi Immigration Private Limited,Canada,4 - 9 Years,4,9,6.5,5,1,True,medio,1,1,1,0
"Software Developer , Senior Software Developer",Anshi Immigration Private Limited,Canada,3 - 8 Years,3,8,5.5,5,1,True,senior,1,1,0,1
Developer :c ++with linux Bangalore Job,White Horse Manpower Consultancy P Ltd,Bengaluru / Bangalore,5 - 10 Years,5,10,7.5,5,1,False,medio,0,1,1,0
MIS Executive | Senior MIS Analyst  Job In CANADA,PRIMEX IMMIGRATION LLP,Canada,5 - 10 Years,5,10,7.5,5,1,True,senior,1,1,0,1
Research and Development Executive,One World,"Delhi/NCR, Gurgaon",5 - 10 Years,5,10,7.5,5,2,False,medio,0,2,1,0
Site Engineer Jobs in Germany,TALENT VAULT LLP,"Australia, Canada, New Zealand, Singapore",2 - 7 Years,2,7,4.5,5,4,True,medio,1,4,1,0
Application Specialist,SKYWALK VISA IMMIGRATION SERVICES LLP,"Australia, Singapore",2 - 7 Years,2,7,4.5,5,2,True,medio,1,2,1,0
ABAP Programmer,Aadis Jobs,Agra,3 - 8 Years,3,8,5.5,5,1,False,medio,0,1,1,0
PHP Developer Job In   CANADA,PRIMEX IMMIGRATION LLP,Canada,6 - 11 Years,6,11,8.5,5,1,True,medio,1,1,1,0
Software Engineer Job In GERMANY,ADAL IMMIGRATIONS LLP,Germany,7 - 12 Years,7,12,9.5,5,1,True,medio,1,1,1,0
Android Intership in Ahmedabad,Maxgen Technologies,"Ahmedabad, Bhavnagar, Junagarh, Rajkot, Surendranagar",0 - 1 Years,0,1,0.5,1,5,False,medio,0,5,1,0
Automation Tester  ( 3-5 Yrs )  - J48531,SAMPOORNA CONSULTANTS PVT LTD,Mumbai,3 - 5 Years,3,5,4.0,2,1,False,medio,0,1,1,0
RIGGER,ASMACS,Other City(s) in Saudi Arabia,5 - 7 Years,5,7,6.0,2,1,True,medio,1,1,1,0
Sales  Manager  Job In  GERMANY,World wide Immigration Service Llp,Germany,5 - 10 Years,5,10,7.5,5,1,True,senior,1,1,0,1
Senior Executive - SAP SD - J48495,SAMPOORNA CONSULTANTS PVT LTD,Mumbai,3 - 6 Years,3,6,4.5,3,1,False,senior,0,1,0,1
Site  Engineer  Job In  GERMANY,World wide Immigration Service Llp,Germany,5 - 10 Years,5,10,7.5,5,1,True,medio,1,1,1,0
Software Engineer  Job In GERMANY,World wide Immigration Service Llp,Germany,5 - 10 Years,5,10,7.5,5,1,True,medio,1,1,1,0
"HR Recruiter ,  2 To 4 Years In Mumbai  ( Worli )",Mangalam Placments Pvt. ltd.,Mumbai,2 - 4 Years,2,4,3.0,2,1,False,medio,0,1,1,0
Doctor  Job In LUXEMBOURG,World wide Immigration Service Llp,Unknown,5 - 10 Years,5,10,7.5,5,1,True,medio,1,1,1,0
Teamcenter Technical Architect,Techno Wise,"Bengaluru / Bangalore, Pune",12 - 15 Years,12,15,13.5,3,2,False,senior,0,2,0,1
network and harware executive,Resource Power Consultancy,Kolkata,2 - 3 Years,2,3,2.5,1,1,False,medio,0,1,1,0
Data Science Internship in Pune,Maxgen Technologies,"Pune, Jalgaon, Kolhapur, Nasik, Solapur",0 - 1 Years,0,1,0.5,1,5,False,junior,0,5,0,0
Lead Java  AWS Developer,TALPRO INDIA PRIVATE LIMITED,Bengaluru / Bangalore,5 - 15 Years,5,15,10.0,10,1,False,senior,0,1,0,1
Network  Engineer Job In NEW ZEALAND,World wide Immigration Service Llp,New Zealand,4 - 8 Years,4,8,6.0,4,1,True,medio,1,1,1,0
FP & A Functional Consultant – Temenos T24,Best Infosystems Ltd.,Bengaluru / Bangalore,5 - 10 Years,5,10,7.5,5,1,False,medio,0,1,1,0
Innovation Engineer  ( Gen AI )  - BLR - AM - J48523,SAMPOORNA CONSULTANTS PVT LTD,Bengaluru / Bangalore,7 - 10 Years,7,10,8.5,3,1,False,medio,0,1,1,0
Site engineer,Sudeep Consultancy,"Ahmedabad, Vadodara, Mumbai, Nasik, Pune",1 - 5 Years,1,5,3.0,4,5,False,medio,0,5,1,0
Analytical Research development -Documentation- ARD,US,Mumbai,3 - 7 Years,3,7,5.0,4,1,False,medio,0,1,1,0
Android Developer - J48517,SAMPOORNA CONSULTANTS PVT LTD,Mumbai,5 - 7 Years,5,7,6.0,2,1,False,medio,0,1,1,0
Web development Internship in Ahmedabad,Maxgen Technologies,"Ahmedabad, Anand, Gandhinagar, Mehsana, Surat",0 - 1 Years,0,1,0.5,1,5,False,junior,0,5,0,0
"""Full Stack Java Developer""",SHREE ADISHAKTHI CONSULTANCY,"Bengaluru / Bangalore, Chennai, Mumbai, Pune",5 - 8 Years,5,8,6.5,3,4,False,medio,0,4,1,0
Purchase  Manager  Job In ABROAD,World wide Immigration Service Llp,"Canada, Singapore",2 - 7 Years,2,7,4.5,5,2,True,senior,1,2,0,1
Network  Engineer Job In UAE,World wide Immigration Service Llp,Unknown,3 - 8 Years,3,8,5.5,5,1,True,medio,1,1,1,0
"Sales  &  Marketing , Sales Adviser , Sales Executive , Business Advisor",Acme Human Management,"Delhi, Noida/Greater Noida, Ghaziabad, Mathura, Meerut",1 - 5 Years,1,5,3.0,4,5,False,medio,0,5,1,0
SAP Project Manager,eSkillport HR Services Pvt. Ltd,Kolkata,12 - 15 Years,12,15,13.5,3,1,False,senior,0,1,0,1
Factory Manager Operation Head Garments Textile,Suman kumar,"Delhi/NCR, Mumbai, Surat, Aurangabad, Ludhiana",10 - 15 Years,10,15,12.5,5,5,False,senior,0,5,0,1
Human Resource Manager,MIGPOINT SERVICES,"Delhi, Delhi/NCR, Gurgaon",2 - 5 Years,2,5,3.5,3,3,False,senior,0,3,0,1
Accounts Executive Direct Taxation,Ample Leap Cognition,Faridabad,3 - 8 Years,3,8,5.5,5,1,False,medio,0,1,1,0
Full Stack developer Node JS and React - J48503,SAMPOORNA CONSULTANTS PVT LTD,Pune,6 - 10 Years,6,10,8.0,4,1,False,medio,0,1,1,0
PHP Developer Job In MALTA,PRIMEX IMMIGRATION LLP,Unknown,3 - 8 Years,3,8,5.5,5,1,True,medio,1,1,1,0
Hardware Engineer  Job In  MALTA,ADAL IMMIGRATIONS LLP,Unknown,3 - 8 Years,3,8,5.5,5,1,True,medio,1,1,1,0
Gynecologist vacancy at Nagpur  ( Mahaashtra ),Space COnsultant,Nagpur,1 - 6 Years,1,6,3.5,5,1,False,medio,0,1,1,0
Cashier Job In AUSTRALIA,ADAL IMMIGRATIONS LLP,Australia,4 - 8 Years,4,8,6.0,4,1,True,medio,1,1,1,0
HVAC  Engineer  Job In GERMANY,World wide Immigration Service Llp,Germany,5 - 10 Years,5,10,7.5,5,1,True,medio,1,1,1,0
Financial Advisor   Job In GERMANY,World wide Immigration Service Llp,Germany,4 - 8 Years,4,8,6.0,4,1,True,medio,1,1,1,0
Physician   Job In GERMANY,World wide Immigration Service Llp,Germany,5 - 10 Years,5,10,7.5,5,1,True,medio,1,1,1,0
Front Office Executive  Job In GERMANY,World wide Immigration Service Llp,Germany,5 - 10 Years,5,10,7.5,5,1,True,medio,1,1,1,0
Network  Engineer  Job In GERMANY,World wide Immigration Service Llp,Germany,5 - 10 Years,5,10,7.5,5,1,True,medio,1,1,1,0
Specialist - Software Engineering,LTIMindtree Ltd.,Pune,7 - 10 Years,7,10,8.5,3,1,False,medio,0,1,1,0
Java Kotlin-Senior Specialist - Software Engineering,LTIMindtree Ltd.,Gurgaon,6 - 9 Years,6,9,7.5,3,1,False,senior,0,1,0,1
Senior Software Engineer QA Automation - J48489,SAMPOORNA CONSULTANTS PVT LTD,Pune,6 - 8 Years,6,8,7.0,2,1,False,senior,0,1,0,1
UX | UI Designer Job In POLAND,EXOTIC EXPERT SOLUTIONS LLP,Unknown,4 - 8 Years,4,8,6.0,4,1,True,medio,1,1,1,0
Web Designer  Job  In NEW ZEALAND,PRIMEX IMMIGRATION LLP,New Zealand,5 - 10 Years,5,10,7.5,5,1,True,medio,1,1,1,0
VMC Programmer,Corporate destination,Noida/Greater Noida,4 - 9 Years,4,9,6.5,5,1,False,medio,0,1,1,0
NAV / BC Operations Functional Consultant - J47015,SAMPOORNA CONSULTANTS PVT LTD,Pune,8 - 13 Years,8,13,10.5,5,1,False,medio,0,1,1,0
"Developer VBA Automation ,  SAP Scripting ,  Python  RPA  Bangalore",White Horse Manpower Consultancy P Ltd,Bengaluru / Bangalore,4 - 8 Years,4,8,6.0,4,1,False,medio,0,1,1,0
Manager Facilities  &  Administration  ( Only Ex-Servicemen ),Suman kumar,"Delhi/NCR, Kolkata, Ranchi, Jaipur, Lucknow",10 - 15 Years,10,15,12.5,5,5,False,senior,0,5,0,1
Import / Export Agent,Pdm Extrusions Private Limited,Delhi,2 - 4 Years,2,4,3.0,2,1,False,medio,0,1,1,0
Cyber Security Training In Ahmedabad,Sparks To Ideas,"Ahmedabad, Bhavnagar, Botad, Junagarh, Rajkot",0 - 1 Years,0,1,0.5,1,5,False,medio,0,5,1,0
Platform Engineering: Azure DevOps Engineer,TALPRO INDIA PRIVATE LIMITED,Bengaluru / Bangalore,5 - 15 Years,5,15,10.0,10,1,False,medio,0,1,1,0
Workday Adaptive Planning - Consultant - BLR - J48486,SAMPOORNA CONSULTANTS PVT LTD,Bengaluru / Bangalore,4 - 7 Years,4,7,5.5,3,1,False,medio,0,1,1,0
Python internship in Ahmedabad,Maxgen Technologies,"Ahmedabad, Anand, Gandhinagar, Mehsana, Surat",0 - 1 Years,0,1,0.5,1,5,False,junior,0,5,0,0
Automation Tester  ( 1-3 Yrs )  - J48530,SAMPOORNA CONSULTANTS PVT LTD,Mumbai,1 - 3 Years,1,3,2.0,2,1,False,medio,0,1,1,0
Director Business Management,Sarosh Karki,"Nepal, Singapore, South Africa, South Korea",10 - 15 Years,10,15,12.5,5,4,True,senior,1,4,0,1
"""Accounts executive"" , Accountant , Assistant Accountant",Acme Human Management,"Delhi, Delhi/NCR",2 - 5 Years,2,5,3.5,3,2,False,medio,0,2,1,0
"""Account Manager""",Job Classify,Mumbai,3 - 7 Years,3,7,5.0,4,1,False,senior,0,1,0,1
"( MS )  , Ophthalmology",Space COnsultant,Other City(s) in Karnataka,0 - 3 Years,0,3,1.5,3,1,False,medio,0,1,1,0
"Sales And Business Development Executive ,  in Gujarat",Mangalam Placments Pvt. ltd.,Other City(s) in Gujarat,2 - 5 Years,2,5,3.5,3,1,False,medio,0,1,1,0
""" Computer Operator""",PUNYAM ACADEMY PRIVATE LIMITED,Ahmedabad,0 - 3 Years,0,3,1.5,3,1,False,medio,0,1,1,0
"""Admin Officer""",Etrust Travel & Placements Pvt Ltd,Unknown,4 - 9 Years,4,9,6.5,5,1,False,medio,0,1,1,0
Java Tech Lead,Maven Workforce Pvt. Ltd.,"Bengaluru / Bangalore, Pune, Bhubaneshwar",4 - 9 Years,4,9,6.5,5,3,False,senior,0,3,0,1
Software Engineer Job In UAE,PRIMEX IMMIGRATION LLP,Unknown,5 - 10 Years,5,10,7.5,5,1,True,medio,1,1,1,0
Software Engineer  Job In AUSTRALIA,World wide Immigration Service Llp,Australia,5 - 10 Years,5,10,7.5,5,1,True,medio,1,1,1,0
Network  Engineer  Job In AUSTRALIA,World wide Immigration Service Llp,Australia,5 - 10 Years,5,10,7.5,5,1,True,medio,1,1,1,0
UX | UI Designer Job In GERMANY,EXOTIC EXPERT SOLUTIONS LLP,Germany,5 - 10 Years,5,10,7.5,5,1,True,medio,1,1,1,0
SQL AND ORACLE DATABASE DEVELOPER,Advance Consultancy Services,Other City(s) in Saudi Arabia,6 - 8 Years,6,8,7.0,2,1,True,medio,1,1,1,0
Java Lead - Gurgaon - J48484,SAMPOORNA CONSULTANTS PVT LTD,Gurgaon,8 - 12 Years,8,12,10.0,4,1,False,senior,0,1,0,1
Hardware Engineer Job In NEW ZEALAND,ADAL IMMIGRATIONS LLP,New Zealand,3 - 8 Years,3,8,5.5,5,1,True,medio,1,1,1,0
Java Fullstack  ( UI Heavy )  -P8 - J48372,SAMPOORNA CONSULTANTS PVT LTD,Hyderabad/Secunderabad,15 - 18 Years,15,18,16.5,3,1,False,medio,0,1,1,0
Network Engineer Job In GERMANY,ADAL IMMIGRATIONS LLP,Germany,5 - 10 Years,5,10,7.5,5,1,True,medio,1,1,1,0
Machine learning Internship in Ahmedabad,Maxgen Technologies,"Ahmedabad, Bhavnagar, Junagarh, Rajkot, Surendranagar",0 - 1 Years,0,1,0.5,1,5,False,junior,0,5,0,0
Data Engineer - J48492,SAMPOORNA CONSULTANTS PVT LTD,Pune,3 - 4 Years,3,4,3.5,1,1,False,medio,0,1,1,0
MIS Executive | Senior MIS Analyst  Job In GERMANY,PRIMEX IMMIGRATION LLP,Germany,3 - 8 Years,3,8,5.5,5,1,True,senior,1,1,0,1
Sales  Manager  Job In DUBAI,World wide Immigration Service Llp,Dubai,2 - 7 Years,2,7,4.5,5,1,True,senior,1,1,0,1
Nephrologist,Space COnsultant,Other City(s) in Punjab,1 - 6 Years,1,6,3.5,5,1,False,medio,0,1,1,0
React js Internship in Ahmedabad,Maxgen Technologies,"Ahmedabad, Anand, Gandhinagar, Mehsana, Surat",0 - 1 Years,0,1,0.5,1,5,False,junior,0,5,0,0
Data Science Internship in Ahmedabad,Maxgen Technologies,"Ahmedabad, Anand, Gandhinagar, Mehsana, Surat",0 - 1 Years,0,1,0.5,1,5,False,junior,0,5,0,0
Fullstak Developer,SHREE ADISHAKTHI CONSULTANCY,"Bengaluru / Bangalore, Chennai, Mumbai, Pune",4 - 6 Years,4,6,5.0,2,4,False,medio,0,4,1,0
QA /  QC Engineer Jobs in Dubai,TALENT VAULT LLP,"Australia, Canada, New Zealand, Singapore",3 - 8 Years,3,8,5.5,5,4,True,medio,1,4,1,0
UX | UI Designer  Job In QATAR,EXOTIC EXPERT SOLUTIONS LLP,Other City(s) in Qatar,4 - 8 Years,4,8,6.0,4,1,True,medio,1,1,1,0
Salesforce Administrator - J48278,SAMPOORNA CONSULTANTS PVT LTD,Chennai,3 - 5 Years,3,5,4.0,2,1,False,medio,0,1,1,0
Network Engineer Job In  GERMANY,PRIMEX IMMIGRATION LLP,Germany,3 - 8 Years,3,8,5.5,5,1,True,medio,1,1,1,0
PHP Developer Job In  GERMANY,PRIMEX IMMIGRATION LLP,Germany,3 - 8 Years,3,8,5.5,5,1,True,medio,1,1,1,0
Software Engineer Job In UAE,ADAL IMMIGRATIONS LLP,Unknown,3 - 8 Years,3,8,5.5,5,1,True,medio,1,1,1,0
Network  Engineer  Job In Dubai,World wide Immigration Service Llp,Dubai,2 - 7 Years,2,7,4.5,5,1,True,medio,1,1,1,0
MIS Executive Job in USA,CLOUD VISA IMMIGRATION LLP,Unknown,3 - 7 Years,3,7,5.0,4,1,True,medio,1,1,1,0
Hardware Engineer Job in USA,CLOUD VISA IMMIGRATION LLP,Unknown,3 - 7 Years,3,7,5.0,4,1,True,medio,1,1,1,0
Hardware Engineer Job  In GERMANY,ADAL IMMIGRATIONS LLP,Germany,4 - 8 Years,4,8,6.0,4,1,True,medio,1,1,1,0
QA | QC Engineer  Job In GULF,World wide Immigration Service Llp,"Abu Dhabi, Dubai",4 - 8 Years,4,8,6.0,4,2,True,medio,1,2,1,0
Java Lead - J48482,SAMPOORNA CONSULTANTS PVT LTD,Mumbai,8 - 12 Years,8,12,10.0,4,1,False,senior,0,1,0,1
ABAP TOWER LEAD,eSkillport HR Services Pvt. Ltd,Kolkata,15 - 20 Years,15,20,17.5,5,1,False,senior,0,1,0,1
Adobe Campaign Developer,LTIMindtree Ltd.,Navi Mumbai,3 - 6 Years,3,6,4.5,3,1,False,medio,0,1,1,0
Emergency Medicine Doctor  Job In GERMANY,World wide Immigration Service Llp,Germany,5 - 10 Years,5,10,7.5,5,1,True,medio,1,1,1,0
Java Kotlin- Senior Specialist - Software Engineering,LTIMindtree Ltd.,Gurgaon,8 - 12 Years,8,12,10.0,4,1,False,senior,0,1,0,1
Senior Software Engineer Manual QA Engineer - J48490,SAMPOORNA CONSULTANTS PVT LTD,Pune,6 - 8 Years,6,8,7.0,2,1,False,senior,0,1,0,1
Flutter Internship in Ahmedabad,Maxgen Technologies,"Ahmedabad, Bhavnagar, Junagarh, Rajkot, Surendranagar",0 - 1 Years,0,1,0.5,1,5,False,junior,0,5,0,0
D365 F and O Finance Functional Consultant  ( Mid to Sr. )  - J48499,SAMPOORNA CONSULTANTS PVT LTD,Pune,5 - 9 Years,5,9,7.0,4,1,False,senior,0,1,0,1
"Telecaller Jobs Opening at International Airport ,  Bangalore",Akash A,"Bengaluru / Bangalore, Belgaum, Bellary, Gulbarga, Mysoru / Mysore",0 - 3 Years,0,3,1.5,3,5,False,junior,0,5,0,0
Hardware Engineer Job In UAE,ADAL IMMIGRATIONS LLP,Unknown,3 - 8 Years,3,8,5.5,5,1,True,medio,1,1,1,0
Network Engineer Jobs in Gulf,TALENT VAULT LLP,"Australia, Canada, New Zealand, Singapore",3 - 8 Years,3,8,5.5,5,4,True,medio,1,4,1,0
FMCG   Manager  Job In DUBAI,World wide Immigration Service Llp,Dubai,3 - 8 Years,3,8,5.5,5,1,True,senior,1,1,0,1
"Marketing Executive , Direct Marketing Executive / Officer , Sales",ASSOCIATIVE,Pune,0 - 1 Years,0,1,0.5,1,1,False,medio,0,1,1,0
"Business Development Executive , Sales  &  Marketing , Sales Executive",ASSOCIATIVE,Pune,0 - 1 Years,0,1,0.5,1,1,False,medio,0,1,1,0
"Digital Marketing Executive , Marketing Executive",ASSOCIATIVE,Pune,0 - 1 Years,0,1,0.5,1,1,False,medio,0,1,1,0
React Js Internship At Ahmedabad,Maxgen Technologies,"Ahmedabad, Anand, Gandhinagar, Mehsana, Surat",0 - 1 Years,0,1,0.5,1,5,False,junior,0,5,0,0
Angular Developer  ( 4-6 Yrs )  - J48533,SAMPOORNA CONSULTANTS PVT LTD,Mumbai,4 - 6 Years,4,6,5.0,2,1,False,medio,0,1,1,0
Assistant Manager - SAP SD - J48496,SAMPOORNA CONSULTANTS PVT LTD,Mumbai,6 - 9 Years,6,9,7.5,3,1,False,senior,0,1,0,1
Human Resource Manager  Job In CANADA,World wide Immigration Service Llp,Canada,4 - 8 Years,4,8,6.0,4,1,True,senior,1,1,0,1
FMCG   Manager  Job In AUSTRALIA,World wide Immigration Service Llp,Australia,5 - 10 Years,5,10,7.5,5,1,True,senior,1,1,0,1
PHP Developer Job In  POLAND,PRIMEX IMMIGRATION LLP,Unknown,5 - 10 Years,5,10,7.5,5,1,True,medio,1,1,1,0
Quantitative Trader - J48242B,SAMPOORNA CONSULTANTS PVT LTD,Bengaluru / Bangalore,2 - 5 Years,2,5,3.5,3,1,False,medio,0,1,1,0
UX | UI Designer Job In DUBAI,EXOTIC EXPERT SOLUTIONS LLP,Dubai,5 - 10 Years,5,10,7.5,5,1,True,medio,1,1,1,0
Software Deve Cloud Gaming  Data Engineering ERP QA Auto Jobs,White Horse Manpower Consultancy P Ltd,Bengaluru / Bangalore,5 - 10 Years,5,10,7.5,5,1,False,medio,0,1,1,0
Hotel Manager Jobs In  GERMANY,PRIMEX IMMIGRATION LLP,Germany,3 - 8 Years,3,8,5.5,5,1,True,senior,1,1,0,1
Financial Advisor   Job In USA,World wide Immigration Service Llp,Unknown,5 - 8 Years,5,8,6.5,3,1,True,medio,1,1,1,0
QA / QC Engineer Job in Dubai,CLOUD VISA IMMIGRATION LLP,Dubai,3 - 7 Years,3,7,5.0,4,1,True,medio,1,1,1,0
Service Engineer,Waytogo Consultants Pvt Ltd,Bengaluru / Bangalore,1 - 4 Years,1,4,2.5,3,1,False,medio,0,1,1,0
Data Scientist Job in Canada,EXOTIC EXPERT SOLUTIONS LLP,Canada,3 - 7 Years,3,7,5.0,4,1,True,medio,1,1,1,0
Software Engineer Jobs in  Abroad,TALENT VAULT LLP,"Australia, Canada, New Zealand, Singapore",3 - 8 Years,3,8,5.5,5,4,True,medio,1,4,1,0
Lead Platform Engineer  ( Azure Kubernetes Services ),TALPRO INDIA PRIVATE LIMITED,Bengaluru / Bangalore,5 - 15 Years,5,15,10.0,10,1,False,senior,0,1,0,1
Software Engineer Hiring For AUSTRALIA,ADAL IMMIGRATIONS LLP,Australia,5 - 10 Years,5,10,7.5,5,1,True,medio,1,1,1,0
Hardware Engineer Hiring For AUSTRALIA,ADAL IMMIGRATIONS LLP,Australia,5 - 10 Years,5,10,7.5,5,1,True,medio,1,1,1,0
Hardware  Engineer  Job In USA,World wide Immigration Service Llp,Unknown,5 - 10 Years,5,10,7.5,5,1,True,medio,1,1,1,0
"ERP Software Engineer , Software Developer",ExponentJobs,Unknown,5 - 9 Years,5,9,7.0,4,1,False,medio,0,1,1,0
Network  Engineer  Job In  GULF,World wide Immigration Service Llp,"Abu Dhabi, Dubai",4 - 8 Years,4,8,6.0,4,2,True,medio,1,2,1,0
Required HR Manager,Sparks To Ideas,Ahmedabad,0 - 1 Years,0,1,0.5,1,1,False,senior,0,1,0,1
Electrical Testing Technician,ASMACS,Other City(s) in Saudi Arabia,3 - 5 Years,3,5,4.0,2,1,True,medio,1,1,1,0
Radiologist,Space COnsultant,Agra,1 - 6 Years,1,6,3.5,5,1,False,medio,0,1,1,0
Procurement  Manager  Job In ABROAD,World wide Immigration Service Llp,"Canada, Singapore",2 - 7 Years,2,7,4.5,5,2,True,senior,1,2,0,1
Sr. Executive  /  Asst. Manager  ( Apparel Sales )  @ Sunrise,Space COnsultant,"Bengaluru / Bangalore, Chennai, Delhi, Mumbai",4 - 9 Years,4,9,6.5,5,4,False,senior,0,4,0,1
SAP FI Application Lead,eSkillport HR Services Pvt. Ltd,Kolkata,8 - 10 Years,8,10,9.0,2,1,False,senior,0,1,0,1
Audience Platform Lead- Salesforce Data Cloud - J48483,SAMPOORNA CONSULTANTS PVT LTD,"Bengaluru / Bangalore, Gurgaon, Mumbai, Pune",7 - 10 Years,7,10,8.5,3,4,False,senior,0,4,0,1
Carpenter,ASMACS,Dubai,3 - 5 Years,3,5,4.0,2,1,True,medio,1,1,1,0
c# Developer - J48502,SAMPOORNA CONSULTANTS PVT LTD,Mumbai,3 - 6 Years,3,6,4.5,3,1,False,medio,0,1,1,0
Golang Developer - J48509,SAMPOORNA CONSULTANTS PVT LTD,Mumbai,2 - 4 Years,2,4,3.0,2,1,False,medio,0,1,1,0
Network Engineer,Sunbridge Solutions  Opc Private Limited,"Germany, Ireland, Netherlands, New Zealand, Singapore",2 - 7 Years,2,7,4.5,5,5,True,medio,1,5,1,0
Software Engineer Job In NEW ZEALAND,ADAL IMMIGRATIONS LLP,New Zealand,4 - 8 Years,4,8,6.0,4,1,True,medio,1,1,1,0
Oracle CC & B Techno / Functional Consultant For Immediate joining,White Horse Manpower Consultancy P Ltd,Other City(s) in Saudi Arabia,5 - 10 Years,5,10,7.5,5,1,True,medio,1,1,1,0
CONSULTANT - SAP BUSINESS ONE,Options & Ideas,Kolkata,6 - 11 Years,6,11,8.5,5,1,False,medio,0,1,1,0
"""Chartered Accountant"" , C.A. , CA",Next Step Associates,Unknown,2 - 4 Years,2,4,3.0,2,1,False,medio,0,1,1,0
MANAGER – PLANNING  &  BILLING,Suman kumar,"Delhi/NCR, Hyderabad/Secunderabad, Kolkata, Pune, Lucknow",15 - 20 Years,15,20,17.5,5,5,False,senior,0,5,0,1
Marketing Analyst - Remote - US Market,EDGESYS INC.,"Bengaluru / Bangalore, Delhi/NCR, Mumbai, Noida/Greater Noida, Pune",4 - 9 Years,4,9,6.5,5,5,False,medio,0,5,1,0
Java Kotlin-Senior Specialist - Software Engineering,LTIMindtree Ltd.,Gurgaon,8 - 12 Years,8,12,10.0,4,1,False,senior,0,1,0,1
Software  Engineer  Required In ABROAD,World wide Immigration Service Llp,"Dubai, Canada, Germany",2 - 7 Years,2,7,4.5,5,3,True,medio,1,3,1,0
"""Angular Developer"" , Software Developer",SHREE ADISHAKTHI CONSULTANCY,Bengaluru / Bangalore,5 - 8 Years,5,8,6.5,3,1,False,medio,0,1,1,0
Power Platform Developer,D B Consultancy,"Bengaluru / Bangalore, Pune",5 - 10 Years,5,10,7.5,5,2,False,medio,0,2,1,0
"Finance Manager , Jobs in Abroad",TALENT VAULT LLP,"Australia, Canada, New Zealand, Singapore",3 - 8 Years,3,8,5.5,5,4,True,senior,1,4,0,1
Store Head,Ample Leap Cognition,"Chennai, Hosur, Other City(s) in Tamil Nadu",11 - 15 Years,11,15,13.0,4,3,False,senior,0,3,0,1
Admin Manager  Job In HONG KONG,PRIMEX IMMIGRATION LLP,Hong Kong,5 - 10 Years,5,10,7.5,5,1,True,senior,1,1,0,1
Network  Engineer  Job In  NEW ZEALAND,World wide Immigration Service Llp,New Zealand,5 - 10 Years,5,10,7.5,5,1,True,medio,1,1,1,0
Network Engineer   Job In POLAND,EXOTIC EXPERT SOLUTIONS LLP,Unknown,5 - 10 Years,5,10,7.5,5,1,True,medio,1,1,1,0
Network Engineer Job In USA,ADAL IMMIGRATIONS LLP,Unknown,5 - 10 Years,5,10,7.5,5,1,True,medio,1,1,1,0
PHP Developer Job  In HONG KONG,PRIMEX IMMIGRATION LLP,Hong Kong,3 - 8 Years,3,8,5.5,5,1,False,medio,0,1,1,0
QA | QC Engineer  Job In NEW ZEALAND,World wide Immigration Service Llp,New Zealand,4 - 8 Years,4,8,6.0,4,1,True,medio,1,1,1,0
Angular Developer  ( 2-3 Yrs )  - J48532,SAMPOORNA CONSULTANTS PVT LTD,Mumbai,2 - 3 Years,2,3,2.5,1,1,False,medio,0,1,1,0
TPRM - A Con / Con / Manager - J48494,SAMPOORNA CONSULTANTS PVT LTD,Bengaluru / Bangalore,2 - 7 Years,2,7,4.5,5,1,False,senior,0,1,0,1
Field Sales,Mart2Global,Ahmedabad,1 - 5 Years,1,5,3.0,4,1,False,medio,0,1,1,0
PHP Developer Job In  MALTA,PRIMEX IMMIGRATION LLP,Unknown,8 - 13 Years,8,13,10.5,5,1,True,medio,1,1,1,0
Quantitative Trader - J48242A,SAMPOORNA CONSULTANTS PVT LTD,Bengaluru / Bangalore,2 - 5 Years,2,5,3.5,3,1,False,medio,0,1,1,0
"""network engineer""",Next Step Associates,Ahmedabad,2 - 6 Years,2,6,4.0,4,1,False,medio,0,1,1,0
BSE / FC-finance sector-orissa,LINEUP MANPOWER SOLUTIONS PRIVATE LIMTED,"Bhubaneshwar, Cuttack, Rourkela, Other City(s) in Orrisa",1 - 3 Years,1,3,2.0,2,4,False,medio,0,4,1,0
Teacher  Job In NETHERLANDS,EXOTIC EXPERT SOLUTIONS LLP,Netherlands,5 - 10 Years,5,10,7.5,5,1,True,medio,1,1,1,0
Anesthesiologist ( For medical college ),Space COnsultant,Other City(s) in Uttar Pradesh,0 - 3 Years,0,3,1.5,3,1,False,medio,0,1,1,0
Mechanical Engineer Overseas job,SKYWALK VISA IMMIGRATION SERVICES LLP,"Australia, Canada, Germany, Netherlands",2 - 7 Years,2,7,4.5,5,4,True,medio,1,4,1,0
"""c"" , c ++",KANDPAL CONSULTANT,"Ahmedabad, Bengaluru / Bangalore, Chennai, Delhi, Hyderabad/Secunderabad",4 - 5 Years,4,5,4.5,1,5,False,medio,0,5,1,0
Network Engineer   Job In NETHERLANDS,EXOTIC EXPERT SOLUTIONS LLP,Netherlands,5 - 10 Years,5,10,7.5,5,1,True,medio,1,1,1,0
Hardware Engineer Job In MALTA,ADAL IMMIGRATIONS LLP,Unknown,5 - 10 Years,5,10,7.5,5,1,True,medio,1,1,1,0
Android Internship in Ahmedabad,Maxgen Technologies,"Ahmedabad, Anand, Gandhinagar, Mehsana, Surat",0 - 1 Years,0,1,0.5,1,5,False,junior,0,5,0,0
FIX - Java developer,Element Skill,"Bengaluru / Bangalore, Hyderabad/Secunderabad, Mumbai, Pune",5 - 10 Years,5,10,7.5,5,4,False,medio,0,4,1,0
MIS Executive | Senior MIS Analyst  Job In UAE,PRIMEX IMMIGRATION LLP,Unknown,3 - 8 Years,3,8,5.5,5,1,True,senior,1,1,0,1
Sales  /  Marketing Managers,Navyah Immigration Services Private Limited,"Australia, Canada, Hong Kong, New Zealand",2 - 7 Years,2,7,4.5,5,4,True,senior,1,4,0,1
Azure Infrastructure Architect - J48247A,SAMPOORNA CONSULTANTS PVT LTD,Bengaluru / Bangalore,20 - 25 Years,20,25,22.5,5,1,False,senior,0,1,0,1
Network Engineer Job In  UAE,PRIMEX IMMIGRATION LLP,Unknown,3 - 8 Years,3,8,5.5,5,1,True,medio,1,1,1,0
c ++ Routing Developer,Element Skill,"Bengaluru / Bangalore, Hyderabad/Secunderabad, Mumbai, Pune",5 - 10 Years,5,10,7.5,5,4,False,medio,0,4,1,0
Doctor  Job In SINGAPORE,World wide Immigration Service Llp,Singapore,3 - 8 Years,3,8,5.5,5,1,True,medio,1,1,1,0
Electrician,ASMACS,Dubai,4 - 6 Years,4,6,5.0,2,1,True,medio,1,1,1,0
Lead Analyst- Semiconductor,Element Skill,Pune,5 - 10 Years,5,10,7.5,5,1,False,senior,0,1,0,1
Microsoft Dynamics NAV / BC Techno Funcitonal Consultant - J48441,SAMPOORNA CONSULTANTS PVT LTD,Pune,8 - 13 Years,8,13,10.5,5,1,False,medio,0,1,1,0
UX | UI Designer Job In AUSTRALIA,EXOTIC EXPERT SOLUTIONS LLP,Australia,3 - 8 Years,3,8,5.5,5,1,True,medio,1,1,1,0
PHP Developer Job In UAE,PRIMEX IMMIGRATION LLP,Unknown,3 - 8 Years,3,8,5.5,5,1,True,medio,1,1,1,0
Hardware Engineer  Job In  DUBAI,ADAL IMMIGRATIONS LLP,Dubai,2 - 7 Years,2,7,4.5,5,1,True,medio,1,1,1,0
Network Engineer Job In  GERMANY,PRIMEX IMMIGRATION LLP,Germany,4 - 8 Years,4,8,6.0,4,1,True,medio,1,1,1,0
Team Manager,Anuj saklani,Delhi/NCR,15 - 20 Years,15,20,17.5,5,1,False,senior,0,1,0,1
"""Java Backend Developer""",KANDPAL CONSULTANT,"Delhi, Delhi/NCR",4 - 8 Years,4,8,6.0,4,2,False,medio,0,2,1,0
Hardware  Engineer  Job In NEW ZEALAND,World wide Immigration Service Llp,New Zealand,3 - 8 Years,3,8,5.5,5,1,True,medio,1,1,1,0
MIS Executive | Senior MIS Analyst  Job In HONG KONG,PRIMEX IMMIGRATION LLP,Hong Kong,4 - 8 Years,4,8,6.0,4,1,True,senior,1,1,0,1
Talent Acquisition Executive,Waytogo Consultants Pvt Ltd,Pune,1 - 2 Years,1,2,1.5,1,1,False,medio,0,1,1,0
Bank Manage   Job In  MALTA,ADAL IMMIGRATIONS LLP,Unknown,3 - 8 Years,3,8,5.5,5,1,True,medio,1,1,1,0
Inside sales executive,Waytogo Consultants Pvt Ltd,Hyderabad/Secunderabad,1 - 2 Years,1,2,1.5,1,1,False,medio,0,1,1,0
.net integration Lead - J48042A,SAMPOORNA CONSULTANTS PVT LTD,Chennai,8 - 13 Years,8,13,10.5,5,1,False,senior,0,1,0,1
Blockchain Engineer,SKYWALK VISA IMMIGRATION SERVICES LLP,"Australia, New Zealand, Singapore",2 - 7 Years,2,7,4.5,5,3,True,medio,1,3,1,0
Lead Software Engineer -Python - J48456,SAMPOORNA CONSULTANTS PVT LTD,Chennai,5 - 9 Years,5,9,7.0,4,1,False,senior,0,1,0,1
Developer  ( Guidewire / Mulesoft ),One World,"Ahmedabad, Bengaluru / Bangalore, Chennai, Gurgaon, Mumbai",5 - 10 Years,5,10,7.5,5,5,False,medio,0,5,1,0
Warehouse Manager jobs in Canada,TALENT VAULT LLP,"Australia, Canada, New Zealand, Singapore",3 - 8 Years,3,8,5.5,5,4,True,senior,1,4,0,1
Team  Manager Job In MALTA,ADAL IMMIGRATIONS LLP,Unknown,5 - 10 Years,5,10,7.5,5,1,True,senior,1,1,0,1
FMCG   Manager  Job In GERMANY,World wide Immigration Service Llp,Germany,3 - 8 Years,3,8,5.5,5,1,True,senior,1,1,0,1
BDE /  Marketing Analyst @ Remote - #547,EDGESYS INC.,"Ahmedabad, Bengaluru / Bangalore, Delhi/NCR, Mumbai, Pune",5 - 10 Years,5,10,7.5,5,5,False,medio,0,5,1,0
B2B Sales Officer,TEKPILLAR SERVICES PRIVATE LIMITED,"Amritsar, Bathinda, Chandigarh, Hoshiarpur, Jalandhar",2 - 5 Years,2,5,3.5,3,5,False,medio,0,5,1,0
Digital Marketing - J46184,SAMPOORNA CONSULTANTS PVT LTD,Mumbai,1 - 5 Years,1,5,3.0,4,1,False,medio,0,1,1,0
Senior Production Designer - MA - J48348,SAMPOORNA CONSULTANTS PVT LTD,Bengaluru / Bangalore,4 - 7 Years,4,7,5.5,3,1,False,senior,0,1,0,1
Senior Documentation Specialist,Horizen,Other City(s) in West Bengal,5 - 7 Years,5,7,6.0,2,1,False,senior,0,1,0,1
Network  Engineer  Job In GERMANY,World wide Immigration Service Llp,Germany,3 - 8 Years,3,8,5.5,5,1,True,medio,1,1,1,0
Lab Technician Job in Abroad,TALENT VAULT LLP,"Australia, Canada, New Zealand, Singapore",4 - 9 Years,4,9,6.5,5,4,True,medio,1,4,1,0
Urgent Hiring For Gynecologist UP Agra,Space COnsultant,Other City(s) in Uttar Pradesh,1 - 6 Years,1,6,3.5,5,1,False,medio,0,1,1,0
FMCG Manager Jobs in Germany,TALENT VAULT LLP,"Australia, Canada, New Zealand, Singapore",3 - 8 Years,3,8,5.5,5,4,True,senior,1,4,0,1
Sales executive,Waytogo Consultants Pvt Ltd,Hyderabad/Secunderabad,1 - 2 Years,1,2,1.5,1,1,False,medio,0,1,1,0
FC-finance -Ranchi,LINEUP MANPOWER SOLUTIONS PRIVATE LIMTED,Ranchi,1 - 3 Years,1,3,2.0,2,1,False,medio,0,1,1,0
Graphic Designer Job in Canada,EXOTIC EXPERT SOLUTIONS LLP,Canada,3 - 7 Years,3,7,5.0,4,1,True,medio,1,1,1,0
Integration Lead - J48511,SAMPOORNA CONSULTANTS PVT LTD,Hyderabad/Secunderabad,10 - 15 Years,10,15,12.5,5,1,False,senior,0,1,0,1
Senior PBCS Consultant,TALPRO INDIA PRIVATE LIMITED,Bengaluru / Bangalore,5 - 15 Years,5,15,10.0,10,1,False,senior,0,1,0,1
PHP Developer Job In  UAE,PRIMEX IMMIGRATION LLP,Unknown,4 - 8 Years,4,8,6.0,4,1,True,medio,1,1,1,0
Senior Graphic Designer,Career Job Solution,"Mumbai, Nagpur, Navi Mumbai",5 - 10 Years,5,10,7.5,5,3,False,senior,0,3,0,1
Java Developer,LDT TECHNOLOGY,Other City(s) in Punjab,6 - 10 Years,6,10,8.0,4,1,False,medio,0,1,1,0
Web Designer  Required In UNITED KINGDOM,PRIMEX IMMIGRATION LLP,Unknown,5 - 10 Years,5,10,7.5,5,1,False,medio,0,1,1,0
Hardware Engineer Job In USA,ADAL IMMIGRATIONS LLP,Unknown,4 - 8 Years,4,8,6.0,4,1,True,medio,1,1,1,0
UX | UI Designer Job In  UNITED KINGDOM,EXOTIC EXPERT SOLUTIONS LLP,Unknown,3 - 8 Years,3,8,5.5,5,1,True,medio,1,1,1,0
Network  Engineer  Job In SINGAPORE,World wide Immigration Service Llp,Singapore,3 - 8 Years,3,8,5.5,5,1,True,medio,1,1,1,0
Librarian  Job In NEW ZEALAND,EXOTIC EXPERT SOLUTIONS LLP,New Zealand,3 - 8 Years,3,8,5.5,5,1,True,medio,1,1,1,0
Lab Technician  Job In CANADA,World wide Immigration Service Llp,Canada,4 - 8 Years,4,8,6.0,4,1,True,medio,1,1,1,0
Purchase  Manager  Job In MALTA,World wide Immigration Service Llp,Unknown,2 - 7 Years,2,7,4.5,5,1,True,senior,1,1,0,1
Urgent opening for Business Associate Sales Position:,Osaka International,"Delhi, Mumbai, Valsad -Vapi",1 - 3 Years,1,3,2.0,2,3,False,junior,0,3,0,0
Gifting - Purchase Manager,Suresh Gopalan Acharya,Mumbai,3 - 6 Years,3,6,4.5,3,1,False,senior,0,1,0,1
Chiller Technician,ASMACS,Dubai,3 - 5 Years,3,5,4.0,2,1,True,medio,1,1,1,0
Automation Engineer- - J48501,SAMPOORNA CONSULTANTS PVT LTD,"Mumbai, Pune",4 - 7 Years,4,7,5.5,3,2,False,medio,0,2,1,0
c ++ Developer -  ( Rotational Shift )  - J48518,SAMPOORNA CONSULTANTS PVT LTD,Mumbai,5 - 8 Years,5,8,6.5,3,1,False,medio,0,1,1,0
Senior Consultant - System Management,LTIMindtree Ltd.,Navi Mumbai,3 - 6 Years,3,6,4.5,3,1,False,senior,0,1,0,1
SAP Time Off- Software Engineering Professional - J48438,SAMPOORNA CONSULTANTS PVT LTD,Bengaluru / Bangalore,3 - 8 Years,3,8,5.5,5,1,False,medio,0,1,1,0
SAP Business one,Options & Ideas,Kolkata,0 - 3 Years,0,3,1.5,3,1,False,medio,0,1,1,0
Remote Oracle EPM ARCS Senior Consultant,TALPRO INDIA PRIVATE LIMITED,Bengaluru / Bangalore,5 - 15 Years,5,15,10.0,10,1,False,senior,0,1,0,1
Hardware Engineer  Job In  MALTA,ADAL IMMIGRATIONS LLP,Unknown,4 - 8 Years,4,8,6.0,4,1,True,medio,1,1,1,0
Software Engineer Job In  MALTA,ADAL IMMIGRATIONS LLP,Unknown,3 - 8 Years,3,8,5.5,5,1,True,medio,1,1,1,0
Business Development Manager,TEKPILLAR SERVICES PRIVATE LIMITED,"Mumbai, Pune, Navi Mumbai, Thane",2 - 7 Years,2,7,4.5,5,4,False,senior,0,4,0,1
Librarian  Job In SINGAPORE,EXOTIC EXPERT SOLUTIONS LLP,Singapore,5 - 10 Years,5,10,7.5,5,1,True,medio,1,1,1,0
Finance  Manager  Job  In  USA,PRIMEX IMMIGRATION LLP,Unknown,6 - 11 Years,6,11,8.5,5,1,False,senior,0,1,0,1
Radiologist,Space COnsultant,Other City(s) in Haryana,1 - 6 Years,1,6,3.5,5,1,False,medio,0,1,1,0
Network  Engineer  Job In LUXEMBOURG,World wide Immigration Service Llp,Unknown,3 - 8 Years,3,8,5.5,5,1,True,medio,1,1,1,0
"Punching  &  Lining operator Cum Supervisor ,  Loc- Ghana",ExponentJobs,Unknown,5 - 10 Years,5,10,7.5,5,1,False,medio,0,1,1,0
Final Year Project Internship,Sparks To Ideas,"Ahmedabad, Bhavnagar, Gandhinagar, Junagarh, Rajkot",0 - 1 Years,0,1,0.5,1,5,False,junior,0,5,0,0
Prompt Engineer - Con - Bangalore - J48237,SAMPOORNA CONSULTANTS PVT LTD,Bengaluru / Bangalore,4 - 6 Years,4,6,5.0,2,1,False,medio,0,1,1,0
Hardware Engineer Job In USA,ADAL IMMIGRATIONS LLP,Unknown,5 - 10 Years,5,10,7.5,5,1,True,medio,1,1,1,0
UX | UI Designer Job In SINGAPORE,EXOTIC EXPERT SOLUTIONS LLP,Singapore,5 - 10 Years,5,10,7.5,5,1,True,medio,1,1,1,0
PHP Developer Job In USA,PRIMEX IMMIGRATION LLP,Unknown,4 - 8 Years,4,8,6.0,4,1,True,medio,1,1,1,0
Sales  Manager  Job In GERMANY,World wide Immigration Service Llp,Germany,3 - 8 Years,3,8,5.5,5,1,True,senior,1,1,0,1
Senior Graphic Designer - JH - J48350,SAMPOORNA CONSULTANTS PVT LTD,Bengaluru / Bangalore,4 - 7 Years,4,7,5.5,3,1,False,senior,0,1,0,1
DTP Operator,SAPPHIRE INDIA PUBLISHERS PVT. LTD.,Gurgaon,1 - 2 Years,1,2,1.5,1,1,False,medio,0,1,1,0
Hitachi Storage Administration,LTIMindtree Ltd.,Bengaluru / Bangalore,8 - 12 Years,8,12,10.0,4,1,False,medio,0,1,1,0
Cobol Developer,Waytogo Consultants Pvt Ltd,Kolkata,3 - 6 Years,3,6,4.5,3,1,False,medio,0,1,1,0
Senior Oracle FUSION Finance  FUNCTIONAL consultants,Hucon Solutions India Pvt ltd,"Ahmedabad, Bengaluru / Bangalore, Chennai, Delhi, Pune",10 - 15 Years,10,15,12.5,5,5,False,senior,0,5,0,1
SAP ABAP Consultant,Aadis Jobs,Agra,3 - 8 Years,3,8,5.5,5,1,False,medio,0,1,1,0
Software Engineer  Job In USA,World wide Immigration Service Llp,Unknown,5 - 10 Years,5,10,7.5,5,1,True,medio,1,1,1,0
Haryana ( Kalayat Kaithal District ),Space COnsultant,Other City(s) in Haryana,0 - 3 Years,0,3,1.5,3,1,False,medio,0,1,1,0
MIS Executive | Senior MIS Analyst Job In Australia,CLOUD VISA IMMIGRATION LLP,Australia,3 - 8 Years,3,8,5.5,5,1,True,senior,1,1,0,1
Electronics Engineer,Sudeep Consultancy,Nasik,3 - 5 Years,3,5,4.0,2,1,False,medio,0,1,1,0
Software Developer Job in Canada,EXOTIC EXPERT SOLUTIONS LLP,Canada,3 - 7 Years,3,7,5.0,4,1,True,medio,1,1,1,0
"Spanish Language Instructor , Spanish Language Teacher",SHREE ADISHAKTHI CONSULTANCY,Bengaluru / Bangalore,2 - 5 Years,2,5,3.5,3,1,False,medio,0,1,1,0
Senior Quality Assurance 3D Artist - J48227,SAMPOORNA CONSULTANTS PVT LTD,"Bengaluru / Bangalore, Chennai",6 - 11 Years,6,11,8.5,5,2,False,senior,0,2,0,1
.net  API + Azure- ( UK )  - Con- BLR - J48411,SAMPOORNA CONSULTANTS PVT LTD,Bengaluru / Bangalore,5 - 6 Years,5,6,5.5,1,1,False,medio,0,1,1,0
PHP Developer Required In UNITED KINGDOM,PRIMEX IMMIGRATION LLP,Unknown,5 - 10 Years,5,10,7.5,5,1,False,medio,0,1,1,0
Marketing Manager,Hardicon Limited,Noida/Greater Noida,4 - 5 Years,4,5,4.5,1,1,False,senior,0,1,0,1
Customer Service Executive,Suresh Gopalan Acharya,Mumbai,2 - 7 Years,2,7,4.5,5,1,False,medio,0,1,1,0
Purchase  Manager  Job In POLAND,World wide Immigration Service Llp,Unknown,4 - 8 Years,4,8,6.0,4,1,True,senior,1,1,0,1
Sales  Manager  Job In POLAND,World wide Immigration Service Llp,Unknown,4 - 8 Years,4,8,6.0,4,1,True,senior,1,1,0,1
GM MEP PROJECTS,Suman kumar,"Chennai, Gurgaon, Pune, Ahmedabad, Bhopal",10 - 15 Years,10,15,12.5,5,5,False,senior,0,5,0,1
.net Core Developer - J48505,SAMPOORNA CONSULTANTS PVT LTD,Mumbai,1 - 4 Years,1,4,2.5,3,1,False,medio,0,1,1,0
Backend Sales Support Executive,Waytogo Consultants Pvt Ltd,Bengaluru / Bangalore,0 - 3 Years,0,3,1.5,3,1,False,medio,0,1,1,0
SEO Executive,Techno Wise,Ahmedabad,1 - 3 Years,1,3,2.0,2,1,False,medio,0,1,1,0
Sr Python Developer - J48410,SAMPOORNA CONSULTANTS PVT LTD,Chennai,8 - 13 Years,8,13,10.5,5,1,False,senior,0,1,0,1
Specialist - Package Implementation,LTIMindtree Ltd.,Chennai,5 - 8 Years,5,8,6.5,3,1,False,medio,0,1,1,0
Costing Engineer,Multilink Management Consultant Pvt Ltd,Abu Dhabi,10 - 15 Years,10,15,12.5,5,1,False,medio,0,1,1,0
Network  Engineer Job In POLAND,World wide Immigration Service Llp,Unknown,4 - 8 Years,4,8,6.0,4,1,True,medio,1,1,1,0
Assistant Manager,TORRENT POWER LIMITED,Ahmedabad,10 - 12 Years,10,12,11.0,2,1,False,senior,0,1,0,1
Finance  Manager  Required In GERMANY,PRIMEX IMMIGRATION LLP,Germany,4 - 8 Years,4,8,6.0,4,1,True,senior,1,1,0,1
Area Sales Manager,TEKPILLAR SERVICES PRIVATE LIMITED,"Bikaner, Kota",1 - 5 Years,1,5,3.0,4,2,False,senior,0,2,0,1
OCI Service Reliability Engineer,TALPRO INDIA PRIVATE LIMITED,Bengaluru / Bangalore,5 - 15 Years,5,15,10.0,10,1,False,medio,0,1,1,0
"""DIGITAL MARKETING EXECUTIVE""",AMIN MIGRATION LLP,Ahmedabad,1 - 5 Years,1,5,3.0,4,1,False,medio,0,1,1,0
Service Desk Knowledge Manager - J48409,SAMPOORNA CONSULTANTS PVT LTD,Chennai,8 - 12 Years,8,12,10.0,4,1,False,senior,0,1,0,1
Machine Learning + Python + Azure - AM -BLR - J48114,SAMPOORNA CONSULTANTS PVT LTD,Bengaluru / Bangalore,7 - 10 Years,7,10,8.5,3,1,False,medio,0,1,1,0
Power Platform Lead - J48436,SAMPOORNA CONSULTANTS PVT LTD,Hyderabad/Secunderabad,8 - 10 Years,8,10,9.0,2,1,False,senior,0,1,0,1
IVR Developer,Advance Consultancy Services,Other City(s) in Saudi Arabia,6 - 11 Years,6,11,8.5,5,1,True,medio,1,1,1,0
PHP Developer Required In GERMANY,PRIMEX IMMIGRATION LLP,Germany,5 - 10 Years,5,10,7.5,5,1,True,medio,1,1,1,0
Power Platform -Consultant-BLR - J47539A,SAMPOORNA CONSULTANTS PVT LTD,Bengaluru / Bangalore,4 - 7 Years,4,7,5.5,3,1,False,medio,0,1,1,0
Accountant to work in Andheri East Office,SUDHEENDRA AND COMPANY LLP,Mumbai,2 - 7 Years,2,7,4.5,5,1,False,medio,0,1,1,0
Snap Logic Developer,SKYWALK VISA IMMIGRATION SERVICES LLP,"Australia, Canada, Singapore",2 - 7 Years,2,7,4.5,5,3,True,medio,1,3,1,0
"""Enterprise Cloud Architect""",SKYWALK VISA IMMIGRATION SERVICES LLP,"Canada, Singapore, UK",1 - 6 Years,1,6,3.5,5,3,True,senior,1,3,0,1
Safety Officer,Ample Leap Cognition,Pune,5 - 10 Years,5,10,7.5,5,1,False,medio,0,1,1,0
"FOUNDRY MANAGER , 8 - 10 Yr , 10 - 12 L , GHAZIABAD",Swastic Enterprises,"Ahmedabad, Delhi/NCR",10 - 12 Years,10,12,11.0,2,2,False,senior,0,2,0,1
Technical Solution Specialist  Sales Engineer - J48416,SAMPOORNA CONSULTANTS PVT LTD,Pune,7 - 12 Years,7,12,9.5,5,1,False,medio,0,1,1,0
Graphic Designer - JH - J48349,SAMPOORNA CONSULTANTS PVT LTD,Bengaluru / Bangalore,2 - 4 Years,2,4,3.0,2,1,False,medio,0,1,1,0
Data Scientist,SKYWALK VISA IMMIGRATION SERVICES LLP,"Canada, Germany",2 - 7 Years,2,7,4.5,5,2,True,medio,1,2,1,0
Oracle EBS Cloud Apps Technical Architect,LTIMindtree Ltd.,"Ahmedabad, Bengaluru / Bangalore, Chennai, Gurgaon, Kolkata",12 - 15 Years,12,15,13.5,3,5,False,senior,0,5,0,1
SAP PS Consultant,LTIMindtree Ltd.,"Ahmedabad, Bengaluru / Bangalore, Chennai, Delhi, Hyderabad/Secunderabad",5 - 10 Years,5,10,7.5,5,5,False,medio,0,5,1,0
Senior Oracle FUSION SCM  FUNCTIONAL consultants,Hucon Solutions India Pvt ltd,"Ahmedabad, Bengaluru / Bangalore, Chennai, Delhi, Pune",10 - 15 Years,10,15,12.5,5,5,False,senior,0,5,0,1
Director Business Development,Sarosh Karki,"Amreli, Dharamshala, Jammu, Mysoru / Mysore, Bhopal",10 - 15 Years,10,15,12.5,5,5,False,senior,0,5,0,1
Tech Risk and Regulatory compliance - J48393,SAMPOORNA CONSULTANTS PVT LTD,Mumbai,4 - 9 Years,4,9,6.5,5,1,False,medio,0,1,1,0
VueJS Tech Lead,Hucon Solutions India Pvt ltd,"Bengaluru / Bangalore, Pune, Bhubaneshwar",10 - 15 Years,10,15,12.5,5,3,False,senior,0,3,0,1
Cable jointer,Tawakkal Manpower Services,Other City(s) in Saudi Arabia,0 - 3 Years,0,3,1.5,3,1,True,medio,1,1,1,0
Hardware Engineer Job  In POLAND,ADAL IMMIGRATIONS LLP,Unknown,5 - 10 Years,5,10,7.5,5,1,False,medio,0,1,1,0
Network  Engineer Job In MALTA,World wide Immigration Service Llp,Unknown,5 - 10 Years,5,10,7.5,5,1,True,medio,1,1,1,0
UX | UI Designer Required In  SINGAPORE,EXOTIC EXPERT SOLUTIONS LLP,Singapore,5 - 10 Years,5,10,7.5,5,1,True,medio,1,1,1,0
Orthopaedic required for agra,Space COnsultant,Other City(s) in Uttar Pradesh,1 - 6 Years,1,6,3.5,5,1,False,medio,0,1,1,0
"""Automation Test Architect""",LTIMindtree Ltd.,"Hyderabad/Secunderabad, Pune",8 - 12 Years,8,12,10.0,4,2,False,senior,0,2,0,1
Bank Manage   Job In UAE,ADAL IMMIGRATIONS LLP,Unknown,5 - 10 Years,5,10,7.5,5,1,True,medio,1,1,1,0
Sales  &  Marketing Engineer,Sudeep Consultancy,"Pune, Other City(s) in Maharashtra",0 - 2 Years,0,2,1.0,2,2,False,medio,0,2,1,0
"Senior Graphic Designer , Graphic Designer",Suresh Gopalan Acharya,Mumbai,5 - 10 Years,5,10,7.5,5,1,False,senior,0,1,0,1
Workday People Analytics Developer,LTIMindtree Ltd.,"Bengaluru / Bangalore, Delhi/NCR, Hyderabad/Secunderabad, Mumbai, Pune",5 - 8 Years,5,8,6.5,3,5,False,medio,0,5,1,0
UX DESIGNER JOB IN SINGAPORE,CLOUD VISA IMMIGRATION LLP,Singapore,3 - 8 Years,3,8,5.5,5,1,True,medio,1,1,1,0
Data Modelling Engineer with Azure Databricks Exp Redshift,White Horse Manpower Consultancy P Ltd,Bengaluru / Bangalore,5 - 10 Years,5,10,7.5,5,1,False,medio,0,1,1,0
.net Architect - J48506,SAMPOORNA CONSULTANTS PVT LTD,Mumbai,10 - 15 Years,10,15,12.5,5,1,False,senior,0,1,0,1
.net Developer - J48514,SAMPOORNA CONSULTANTS PVT LTD,Mumbai,1 - 3 Years,1,3,2.0,2,1,False,medio,0,1,1,0
Lead Data Engineer - J48412,SAMPOORNA CONSULTANTS PVT LTD,Chennai,8 - 13 Years,8,13,10.5,5,1,False,senior,0,1,0,1
PHP Developer Hiring For GERMANY,PRIMEX IMMIGRATION LLP,Germany,4 - 8 Years,4,8,6.0,4,1,True,medio,1,1,1,0
SAP Data Integration,eSkillport HR Services Pvt. Ltd,"Kolkata, Mumbai",8 - 12 Years,8,12,10.0,4,2,False,medio,0,2,1,0
Openings For Virtual Relationship Manager For Bank - Thane,Hy Fly Consultancy,"Hyderabad/Secunderabad, Mumbai, Pune, Navi Mumbai, Thane",1 - 6 Years,1,6,3.5,5,5,False,senior,0,5,0,1
Sales Manager Jobs in Gulf,TALENT VAULT LLP,"Australia, Canada, New Zealand, Singapore",4 - 9 Years,4,9,6.5,5,4,True,senior,1,4,0,1
ServiceNow CSM / ITSM Lead - J48395,SAMPOORNA CONSULTANTS PVT LTD,Chennai,10 - 15 Years,10,15,12.5,5,1,False,senior,0,1,0,1
Power Platform Consultant - J48437,SAMPOORNA CONSULTANTS PVT LTD,Hyderabad/Secunderabad,4 - 7 Years,4,7,5.5,3,1,False,medio,0,1,1,0
Site Merchandising Assistant - J47254A,SAMPOORNA CONSULTANTS PVT LTD,Bengaluru / Bangalore,5 - 8 Years,5,8,6.5,3,1,False,medio,0,1,1,0
Website and Digital Marketing Sales Executive,Reliqus,Delhi,0 - 1 Years,0,1,0.5,1,1,False,medio,0,1,1,0
Network Engineer Job In MALTA,CLOUD VISA IMMIGRATION LLP,"Canada, Singapore",3 - 8 Years,3,8,5.5,5,2,True,medio,1,2,1,0
Teacher  Job In  SINGAPORE,EXOTIC EXPERT SOLUTIONS LLP,Singapore,4 - 8 Years,4,8,6.0,4,1,True,medio,1,1,1,0
"Sales Executive , Senior Sales Executive",GLOBAL SOURCES EXHIBITIONS  EVENTS INDIA PRIVATE LIMITED,Delhi,1 - 6 Years,1,6,3.5,5,1,False,senior,0,1,0,1
DFT Engineers,Hucon Solutions India Pvt ltd,"Ahmedabad, Bengaluru / Bangalore, Chennai, Hyderabad/Secunderabad, Noida/Greater Noida",6 - 11 Years,6,11,8.5,5,5,False,medio,0,5,1,0
Specialist - Software Engineering,LTIMindtree Ltd.,Bengaluru / Bangalore,8 - 12 Years,8,12,10.0,4,1,False,medio,0,1,1,0
Oracle EDI developer,LTIMindtree Ltd.,"Ahmedabad, Bengaluru / Bangalore, Chennai, Hyderabad/Secunderabad, Kolkata",5 - 10 Years,5,10,7.5,5,5,False,medio,0,5,1,0
SAP FSCM Functional consultant,Hucon Solutions India Pvt ltd,"Ahmedabad, Bengaluru / Bangalore, Chennai, Delhi, Pune",8 - 13 Years,8,13,10.5,5,5,False,medio,0,5,1,0
Senior Network Administrator - J48400,SAMPOORNA CONSULTANTS PVT LTD,Chennai,10 - 15 Years,10,15,12.5,5,1,False,senior,0,1,0,1
Java Fullstack  ( UI Heavy )  - J48370,SAMPOORNA CONSULTANTS PVT LTD,Bengaluru / Bangalore,10 - 13 Years,10,13,11.5,3,1,False,medio,0,1,1,0
Project Management trainer,Shalom cadd centre,Mumbai,0 - 3 Years,0,3,1.5,3,1,False,medio,0,1,1,0
Java Fullstack Developer,Hucon Solutions India Pvt ltd,Bengaluru / Bangalore,4 - 8 Years,4,8,6.0,4,1,False,medio,0,1,1,0
EA - Strategy and Special Projects - J48403,SAMPOORNA CONSULTANTS PVT LTD,Mumbai,5 - 10 Years,5,10,7.5,5,1,False,medio,0,1,1,0
Finance  &  Accounts manager,Electrobrain modern technologies pvt ltd,"Rajkot, Surat, Surendranagar",5 - 10 Years,5,10,7.5,5,3,False,senior,0,3,0,1
Lab Technician  Job In USA,World wide Immigration Service Llp,Unknown,5 - 10 Years,5,10,7.5,5,1,True,medio,1,1,1,0
"International Sales -  , Debt Collection",sharda consultancy Services,"Delhi, Delhi/NCR, Gurgaon",1 - 4 Years,1,4,2.5,3,3,False,junior,0,3,0,0
Defence channel,LINEUP MANPOWER SOLUTIONS PRIVATE LIMTED,"Bengaluru / Bangalore, Pune, Nasik",0 - 1 Years,0,1,0.5,1,3,False,medio,0,3,1,0
Psychiatrist,Space COnsultant,Other City(s) in Uttar Pradesh,0 - 3 Years,0,3,1.5,3,1,False,medio,0,1,1,0
Academic Counselor,Forgebs Technologies Pvt Ltd.,"Kolkata, Dibrugarh, Bhagalpur, Patna, Ranchi",0 - 3 Years,0,3,1.5,3,5,False,medio,0,5,1,0
ServiceNow CSM / ITSM Developer  ( 115 )  - J48396,SAMPOORNA CONSULTANTS PVT LTD,Chennai,4 - 7 Years,4,7,5.5,3,1,False,medio,0,1,1,0
PHP Developer Job In  GERMANY,PRIMEX IMMIGRATION LLP,Germany,5 - 10 Years,5,10,7.5,5,1,True,medio,1,1,1,0
Finance  &  Accounts management,Electrobrain modern technologies pvt ltd,"Mathura, Meerut, Moradabad",5 - 10 Years,5,10,7.5,5,3,False,medio,0,3,1,0
Safety Advisor Jobs in Canada - Australia - New Zealand - UK,Srv global consultancy Pvt Ltd,"Australia, Canada, Germany, New Zealand",2 - 7 Years,2,7,4.5,5,4,True,medio,1,4,1,0
Healthcare Manager Hiring For  Germany,CLOUD VISA IMMIGRATION LLP,"Dubai, Canada, Germany",3 - 8 Years,3,8,5.5,5,3,True,senior,1,3,0,1
SEO Intern,Reliqus,Delhi,0 - 1 Years,0,1,0.5,1,1,False,junior,0,1,0,0
PS  &  PPM Senior Consultant,eSkillport HR Services Pvt. Ltd,"Kolkata, Mumbai",5 - 9 Years,5,9,7.0,4,2,False,senior,0,2,0,1
Hardware Engineer,SKYWALK VISA IMMIGRATION SERVICES LLP,"Australia, Canada, Singapore",2 - 7 Years,2,7,4.5,5,3,True,medio,1,3,1,0
Support Analyst – Finance - J48344,SAMPOORNA CONSULTANTS PVT LTD,Chennai,3 - 5 Years,3,5,4.0,2,1,False,medio,0,1,1,0
"""Business Development Executive  ( BDE ) """,GLOBAL SOURCES EXHIBITIONS  EVENTS INDIA PRIVATE LIMITED,Delhi,1 - 6 Years,1,6,3.5,5,1,False,medio,0,1,1,0
Sr DevOps Engineer - J48354,SAMPOORNA CONSULTANTS PVT LTD,Hyderabad/Secunderabad,6 - 10 Years,6,10,8.0,4,1,False,senior,0,1,0,1
FPGA Prototyping TVC Engineers,Hucon Solutions India Pvt ltd,"Ahmedabad, Bengaluru / Bangalore, Chennai, Hyderabad/Secunderabad, Noida/Greater Noida",6 - 11 Years,6,11,8.5,5,5,False,medio,0,5,1,0
Java Developer,Electrobrain modern technologies pvt ltd,"Madurai, Nagercoil",3 - 8 Years,3,8,5.5,5,2,False,medio,0,2,1,0
Hitachi Storage Administration,LTIMindtree Ltd.,"Chennai, Hyderabad/Secunderabad, Kolkata, Mumbai, Pune",8 - 12 Years,8,12,10.0,4,5,False,medio,0,5,1,0
SAP TRM Lead,Hucon Solutions India Pvt ltd,"Ahmedabad, Bengaluru / Bangalore, Chennai, Delhi, Pune",8 - 13 Years,8,13,10.5,5,5,False,senior,0,5,0,1
Network Data Admin - L3 - J48388,SAMPOORNA CONSULTANTS PVT LTD,Chennai,6 - 10 Years,6,10,8.0,4,1,False,medio,0,1,1,0
Full-Stack Developer  ( Back-End )  #93 - J48272,SAMPOORNA CONSULTANTS PVT LTD,Chennai,5 - 8 Years,5,8,6.5,3,1,False,medio,0,1,1,0
Logistic Manager Job In POLAND,ADAL IMMIGRATIONS LLP,Unknown,5 - 10 Years,5,10,7.5,5,1,True,senior,1,1,0,1
Dietician  Job In  NEW ZEALAND,World wide Immigration Service Llp,New Zealand,3 - 8 Years,3,8,5.5,5,1,True,medio,1,1,1,0
Creative Strategist – Copy,Elixir Integrated Brandcomm Private Limited,"Mumbai, Pune",4 - 8 Years,4,8,6.0,4,2,False,medio,0,2,1,0
Snowflake Developer,Hucon Solutions India Pvt ltd,Bengaluru / Bangalore,4 - 9 Years,4,9,6.5,5,1,False,medio,0,1,1,0
Finance  &  Accounts manager,Electrobrain modern technologies pvt ltd,"Palanpur, Patan, Porbandar",5 - 10 Years,5,10,7.5,5,3,False,senior,0,3,0,1
ServiceNow CSM / ITSM Developer - J48397,SAMPOORNA CONSULTANTS PVT LTD,Chennai,4 - 7 Years,4,7,5.5,3,1,False,medio,0,1,1,0
"Senior Backend Developer , Team Lead Software Engineer , Tech Lead",PREDATORS CONSULTING,"Mumbai, Navi Mumbai",3 - 8 Years,3,8,5.5,5,2,False,senior,0,2,0,1
Finance  &  Accounts management,Electrobrain modern technologies pvt ltd,"Gorakhpur, Kanpur, Lucknow",5 - 10 Years,5,10,7.5,5,3,False,medio,0,3,1,0
Pediatrician / Neonatologist,Space COnsultant,Other City(s) in Chhattisgarh,0 - 3 Years,0,3,1.5,3,1,False,medio,0,1,1,0
SAP Fiori / UI5 Consultant,eSkillport HR Services Pvt. Ltd,"Kolkata, Mumbai",8 - 10 Years,8,10,9.0,2,2,False,medio,0,2,1,0
UX  /  UI Designer Hiring For GERMANY,CLOUD VISA IMMIGRATION LLP,Germany,3 - 8 Years,3,8,5.5,5,1,True,medio,1,1,1,0
Senior Cloud Operations Engineer - J48358,SAMPOORNA CONSULTANTS PVT LTD,Chennai,8 - 12 Years,8,12,10.0,4,1,False,senior,0,1,0,1
Emulation Engineers,Hucon Solutions India Pvt ltd,"Ahmedabad, Bengaluru / Bangalore, Chennai, Hyderabad/Secunderabad, Noida/Greater Noida",6 - 11 Years,6,11,8.5,5,5,False,medio,0,5,1,0
Java Developer,Electrobrain modern technologies pvt ltd,"Meerut, Moradabad, Muzaffarnagar",3 - 8 Years,3,8,5.5,5,3,False,medio,0,3,1,0
Oracle WMS Intellinum Consultant,LTIMindtree Ltd.,"Ahmedabad, Bengaluru / Bangalore, Chennai, Hyderabad/Secunderabad, Kolkata",6 - 11 Years,6,11,8.5,5,5,False,medio,0,5,1,0
SAP APO DP SNP,Hucon Solutions India Pvt ltd,"Ahmedabad, Bengaluru / Bangalore, Chennai, Delhi, Pune",6 - 10 Years,6,10,8.0,4,5,False,medio,0,5,1,0
Radiologist,Space COnsultant,Other City(s) in Chhattisgarh,1 - 6 Years,1,6,3.5,5,1,False,medio,0,1,1,0
Finance  &  Accounts manager,Electrobrain modern technologies pvt ltd,"Morbi, Nadiad, Navsari",5 - 10 Years,5,10,7.5,5,3,False,senior,0,3,0,1
Finance  &  Accounts management,Electrobrain modern technologies pvt ltd,"Bareilly, Faizabad, Ghaziabad",5 - 10 Years,5,10,7.5,5,3,False,medio,0,3,1,0
Analog Layout Design Engineers,Hucon Solutions India Pvt ltd,"Ahmedabad, Bengaluru / Bangalore, Chennai, Hyderabad/Secunderabad, Noida/Greater Noida",6 - 11 Years,6,11,8.5,5,5,False,medio,0,5,1,0
Flutter Internship in Ahmedabad,Maxgen Technologies,"Ahmedabad, Bhavnagar, Junagarh, Rajkot, Surat",0 - 1 Years,0,1,0.5,1,5,False,junior,0,5,0,0
Java Developer,Electrobrain modern technologies pvt ltd,"Kanpur, Lucknow, Mathura",3 - 8 Years,3,8,5.5,5,3,False,medio,0,3,1,0
Senior ABAP HANA  developers,Hucon Solutions India Pvt ltd,"Ahmedabad, Bengaluru / Bangalore, Chennai, Delhi, Pune",6 - 10 Years,6,10,8.0,4,5,False,senior,0,5,0,1
Automation Lead,LTIMindtree Ltd.,Chennai,16 - 19 Years,16,19,17.5,3,1,False,senior,0,1,0,1
.netcore Lead - J48366,SAMPOORNA CONSULTANTS PVT LTD,Bengaluru / Bangalore,8 - 12 Years,8,12,10.0,4,1,False,senior,0,1,0,1
ML Architect,Hucon Solutions India Pvt ltd,Hyderabad/Secunderabad,10 - 15 Years,10,15,12.5,5,1,False,senior,0,1,0,1
Finance  &  Accounts manager,Electrobrain modern technologies pvt ltd,"Kalol, Kandla, Mehsana",5 - 10 Years,5,10,7.5,5,3,False,senior,0,3,0,1
Python Automation Engineer - J48392,SAMPOORNA CONSULTANTS PVT LTD,Chennai,6 - 8 Years,6,8,7.0,2,1,False,medio,0,1,1,0
Finance  &  Accounts management,Electrobrain modern technologies pvt ltd,"Agra, Aligarh, Allahabad",5 - 10 Years,5,10,7.5,5,3,False,medio,0,3,1,0
Business Development Manager - Agency Channel  ( Life Insurance ),TEKPILLAR SERVICES PRIVATE LIMITED,"Guwahati, Jorhat, Tinsukia, Kolkata",1 - 5 Years,1,5,3.0,4,4,True,senior,1,4,0,1
IOS Architect - J48376,SAMPOORNA CONSULTANTS PVT LTD,Bengaluru / Bangalore,10 - 13 Years,10,13,11.5,3,1,False,senior,0,1,0,1
Analog Circuit Design Engineers,Hucon Solutions India Pvt ltd,"Ahmedabad, Bengaluru / Bangalore, Chennai, Hyderabad/Secunderabad, Noida/Greater Noida",6 - 11 Years,6,11,8.5,5,5,False,medio,0,5,1,0
Java Developer,Electrobrain modern technologies pvt ltd,"Dehradun, Haldwani, Haridwar",3 - 8 Years,3,8,5.5,5,3,False,medio,0,3,1,0
Radiologist,Space COnsultant,Other City(s) in Uttar Pradesh,1 - 6 Years,1,6,3.5,5,1,False,medio,0,1,1,0
Lead SAP EWM Functional Consultant,Hucon Solutions India Pvt ltd,"Ahmedabad, Bengaluru / Bangalore, Chennai, Delhi, Pune",6 - 10 Years,6,10,8.0,4,5,False,senior,0,5,0,1
.netcore - J48365,SAMPOORNA CONSULTANTS PVT LTD,Bengaluru / Bangalore,4 - 7 Years,4,7,5.5,3,1,False,medio,0,1,1,0
Salesforce Developer,Hucon Solutions India Pvt ltd,"Bengaluru / Bangalore, Pune, Bhubaneshwar",8 - 10 Years,8,10,9.0,2,3,False,medio,0,3,1,0
Finance  &  Accounts manager,Electrobrain modern technologies pvt ltd,"Jamnagar, Jetpur, Junagarh",5 - 10 Years,5,10,7.5,5,3,False,senior,0,3,0,1
Network Architecture - Design and Engineering Lead - J48401,SAMPOORNA CONSULTANTS PVT LTD,Chennai,15 - 20 Years,15,20,17.5,5,1,False,senior,0,1,0,1
Finance  &  Accounts,Electrobrain modern technologies pvt ltd,"Ahmedabad, Bengaluru / Bangalore, Chennai",5 - 10 Years,5,10,7.5,5,3,False,medio,0,3,1,0
Global Recertification Lead - J48378,SAMPOORNA CONSULTANTS PVT LTD,Chennai,8 - 12 Years,8,12,10.0,4,1,False,senior,0,1,0,1
Design Verification Engineers,Hucon Solutions India Pvt ltd,"Ahmedabad, Bengaluru / Bangalore, Chennai, Hyderabad/Secunderabad, Noida/Greater Noida",6 - 11 Years,6,11,8.5,5,5,False,medio,0,5,1,0
Java Developer,Electrobrain modern technologies pvt ltd,"Asansol, Burdwan, Durgapur",3 - 8 Years,3,8,5.5,5,3,False,medio,0,3,1,0
Ariba upstream CONSULTANT,Hucon Solutions India Pvt ltd,"Ahmedabad, Bengaluru / Bangalore, Chennai, Delhi, Pune",8 - 12 Years,8,12,10.0,4,5,False,medio,0,5,1,0
Pediatrician,Space COnsultant,Other City(s) in Rajasthan,0 - 3 Years,0,3,1.5,3,1,False,medio,0,1,1,0
Data Scientist,Hucon Solutions India Pvt ltd,Bengaluru / Bangalore,8 - 12 Years,8,12,10.0,4,1,False,medio,0,1,1,0
Finance  &  Accounts manager,Electrobrain modern technologies pvt ltd,"Gir, Godhra, Gondal",5 - 10 Years,5,10,7.5,5,3,False,senior,0,3,0,1
Lead Network Administrator - J48402,SAMPOORNA CONSULTANTS PVT LTD,Chennai,15 - 20 Years,15,20,17.5,5,1,False,senior,0,1,0,1
Finance Administrator,Electrobrain modern technologies pvt ltd,"Delhi, Delhi/NCR, Gurgaon, Mumbai, Noida/Greater Noida",5 - 10 Years,5,10,7.5,5,5,False,medio,0,5,1,0
Physical Design Engineers,Hucon Solutions India Pvt ltd,"Ahmedabad, Bengaluru / Bangalore, Chennai, Hyderabad/Secunderabad, Noida/Greater Noida",6 - 11 Years,6,11,8.5,5,5,False,medio,0,5,1,0
Java Developer,Electrobrain modern technologies pvt ltd,"Bhiwandi, Bhusawal, Buldhana",3 - 8 Years,3,8,5.5,5,3,True,medio,1,3,1,0
Sr. SAP BTP Developer,Hucon Solutions India Pvt ltd,"Ahmedabad, Bengaluru / Bangalore, Chennai, Delhi, Pune",6 - 10 Years,6,10,8.0,4,5,False,senior,0,5,0,1
Finance  &  Accounts manager,Electrobrain modern technologies pvt ltd,"Deesa, Gandhidham, Gandhinagar",5 - 10 Years,5,10,7.5,5,3,False,senior,0,3,0,1
Raw Material Sourcing Manager,Electrobrain modern technologies pvt ltd,"Ankleshwar, Bharuch, Bhavnagar",8 - 10 Years,8,10,9.0,2,3,False,senior,0,3,0,1
ASIC / SoC RTL Engineer,Hucon Solutions India Pvt ltd,"Ahmedabad, Bengaluru / Bangalore, Chennai, Hyderabad/Secunderabad, Noida/Greater Noida",6 - 11 Years,6,11,8.5,5,5,False,medio,0,5,1,0
CREATIVE ACCOUNT MANAGER - MA - J48381,SAMPOORNA CONSULTANTS PVT LTD,Bengaluru / Bangalore,6 - 10 Years,6,10,8.0,4,1,False,senior,0,1,0,1
Java Developer,Electrobrain modern technologies pvt ltd,"Akola, Amravati, Aurangabad",3 - 8 Years,3,8,5.5,5,3,False,medio,0,3,1,0
SAP FICO  Product Costing consultant,Hucon Solutions India Pvt ltd,"Ahmedabad, Bengaluru / Bangalore, Chennai, Delhi, Pune",8 - 12 Years,8,12,10.0,4,5,False,medio,0,5,1,0
NodeJS FullStack Developer,Hucon Solutions India Pvt ltd,"Bengaluru / Bangalore, Pune, Bhubaneshwar",4 - 9 Years,4,9,6.5,5,3,False,medio,0,3,1,0
Finance  &  Accounts manager,Electrobrain modern technologies pvt ltd,"Bhuj, Botad, Dahod",5 - 10 Years,5,10,7.5,5,3,False,senior,0,3,0,1
Java Backend Developer  ( 36795 ) -Sat Drive - J48406,SAMPOORNA CONSULTANTS PVT LTD,Bengaluru / Bangalore,4 - 7 Years,4,7,5.5,3,1,False,medio,0,1,1,0
Android Architect - J48375,SAMPOORNA CONSULTANTS PVT LTD,Bengaluru / Bangalore,10 - 13 Years,10,13,11.5,3,1,False,senior,0,1,0,1
Java Developer,Electrobrain modern technologies pvt ltd,"Jabalpur, Katni, Ratlam",3 - 8 Years,3,8,5.5,5,3,False,medio,0,3,1,0
Loftware,Hucon Solutions India Pvt ltd,"Ahmedabad, Bengaluru / Bangalore, Chennai, Delhi, Pune",6 - 11 Years,6,11,8.5,5,5,False,medio,0,5,1,0
SITE RELIABILITY Senior Developer,Hucon Solutions India Pvt ltd,"Bengaluru / Bangalore, Pune, Bhubaneshwar",6 - 10 Years,6,10,8.0,4,3,False,senior,0,3,0,1
Finance  &  Accounts manager,Electrobrain modern technologies pvt ltd,"Ankleshwar, Bharuch, Bhavnagar",5 - 10 Years,5,10,7.5,5,3,False,senior,0,3,0,1
Raw Material Sourcing Manager,Electrobrain modern technologies pvt ltd,"Sangareddy, Srikakulam, Tirupati",8 - 10 Years,8,10,9.0,2,3,False,senior,0,3,0,1
Global Cloud Network Infra Manager - J48399,SAMPOORNA CONSULTANTS PVT LTD,Chennai,15 - 20 Years,15,20,17.5,5,1,False,senior,0,1,0,1
SAP Ariba,Hucon Solutions India Pvt ltd,"Ahmedabad, Bengaluru / Bangalore, Chennai, Delhi, Pune",6 - 11 Years,6,11,8.5,5,5,False,medio,0,5,1,0
Machine LearningSenior Developer,Hucon Solutions India Pvt ltd,Hyderabad/Secunderabad,6 - 10 Years,6,10,8.0,4,1,False,senior,0,1,0,1
Finance  &  Accounts manager,Electrobrain modern technologies pvt ltd,"Bengaluru / Bangalore, Chennai",5 - 10 Years,5,10,7.5,5,2,False,senior,0,2,0,1
Java Developer,Electrobrain modern technologies pvt ltd,"Belgaum, Bellary, Bidar",3 - 8 Years,3,8,5.5,5,3,False,medio,0,3,1,0
SAP MDG  &  ECC,Hucon Solutions India Pvt ltd,"Ahmedabad, Bengaluru / Bangalore, Chennai, Delhi, Pune",6 - 11 Years,6,11,8.5,5,5,False,medio,0,5,1,0
Tableau Senior Developer,Hucon Solutions India Pvt ltd,Hyderabad/Secunderabad,6 - 10 Years,6,10,8.0,4,1,False,senior,0,1,0,1
Finance  &  Accounts manager,Electrobrain modern technologies pvt ltd,"Ahmedabad, Amreli, Anand",5 - 10 Years,5,10,7.5,5,3,False,senior,0,3,0,1
Raw Material Sourcing Manager,Electrobrain modern technologies pvt ltd,"Mumbai, Noida/Greater Noida, Pune",8 - 10 Years,8,10,9.0,2,3,False,senior,0,3,0,1
.net full stack + Dot net core - Consultant - BLRPUN - J47092,SAMPOORNA CONSULTANTS PVT LTD,Bengaluru / Bangalore,4 - 6 Years,4,6,5.0,2,1,False,medio,0,1,1,0
SAP BODS consultant,Hucon Solutions India Pvt ltd,"Ahmedabad, Bengaluru / Bangalore, Chennai, Delhi, Pune",6 - 11 Years,6,11,8.5,5,5,False,medio,0,5,1,0
PHP Senior Developer,Hucon Solutions India Pvt ltd,Hyderabad/Secunderabad,6 - 10 Years,6,10,8.0,4,1,False,senior,0,1,0,1
Finance  &  Accounts manager,Electrobrain modern technologies pvt ltd,"Bhilai-Durg, Bilaspur, Raipur",5 - 10 Years,5,10,7.5,5,3,False,senior,0,3,0,1
Network Data Admin - L2 - J48389,SAMPOORNA CONSULTANTS PVT LTD,Chennai,3 - 6 Years,3,6,4.5,3,1,False,medio,0,1,1,0
SAP SAC Consultant,Hucon Solutions India Pvt ltd,"Ahmedabad, Bengaluru / Bangalore, Chennai, Delhi, Pune",6 - 11 Years,6,11,8.5,5,5,False,medio,0,5,1,0
SAP NATIVE HANA consultant,Hucon Solutions India Pvt ltd,"Bengaluru / Bangalore, Pune, Bhubaneshwar",4 - 9 Years,4,9,6.5,5,3,False,medio,0,3,1,0
Finance  &  Accounts manager,Electrobrain modern technologies pvt ltd,"Silchar, Tezpur, Tinsukia",5 - 10 Years,5,10,7.5,5,3,True,senior,1,3,0,1
Raw Material Sourcing Manager,Electrobrain modern technologies pvt ltd,"Delhi, Delhi/NCR, Gurgaon, Chandigarh, Faridabad",8 - 10 Years,8,10,9.0,2,5,False,senior,0,5,0,1
AEM Developer,Hucon Solutions India Pvt ltd,"Bengaluru / Bangalore, Pune, Bhubaneshwar",5 - 10 Years,5,10,7.5,5,3,False,medio,0,3,1,0
Finance  &  Accounts manager,Electrobrain modern technologies pvt ltd,"Guwahati, Jorhat, Sibsagar",5 - 10 Years,5,10,7.5,5,3,False,senior,0,3,0,1
Python Developer,Hucon Solutions India Pvt ltd,"Bengaluru / Bangalore, Cochin/ Kochi/ Ernakulam",8 - 12 Years,8,12,10.0,4,2,False,medio,0,2,1,0
Finance  &  Accounts manager,Electrobrain modern technologies pvt ltd,"Bongaigaon, Dhubri, Dibrugarh",5 - 10 Years,5,10,7.5,5,3,False,senior,0,3,0,1
Cloud Database SME - J48387,SAMPOORNA CONSULTANTS PVT LTD,Chennai,8 - 12 Years,8,12,10.0,4,1,False,medio,0,1,1,0
Teamcenter Developer,Hucon Solutions India Pvt ltd,Pune,6 - 11 Years,6,11,8.5,5,1,False,medio,0,1,1,0
Finance  &  Accounts manager,Electrobrain modern technologies pvt ltd,"Tirupati, Vijayawada, Visakhapatnam",5 - 10 Years,5,10,7.5,5,3,False,senior,0,3,0,1
Associate Consultant - D365 BC Finance - J48382,SAMPOORNA CONSULTANTS PVT LTD,Pune,1 - 3 Years,1,3,2.0,2,1,False,junior,0,1,0,0
AWS Cloud Architect,Hucon Solutions India Pvt ltd,Pune,13 - 18 Years,13,18,15.5,5,1,False,senior,0,1,0,1
Mechanical Engineer,Electrobrain modern technologies pvt ltd,"Ahmedabad, Bengaluru / Bangalore, Chennai, Delhi, Delhi/NCR",3 - 8 Years,3,8,5.5,5,5,False,medio,0,5,1,0
"Graphic Designer , Designer , Illustrator",Seabit Technologies Pvt Ltd,Kolkata,1 - 6 Years,1,6,3.5,5,1,False,medio,0,1,1,0
"Head Finance , Finance  &  Accounts , CA-Finance",US,Mumbai,6 - 11 Years,6,11,8.5,5,1,False,senior,0,1,0,1
MIS Executive,Anshi Immigration Private Limited,Canada,4 - 9 Years,4,9,6.5,5,1,True,medio,1,1,1,0
Production Engineer  /  Sr. Production Manager,Suman kumar,"Gurgaon, Noida/Greater Noida, Pune, Bhubaneshwar",5 - 10 Years,5,10,7.5,5,4,False,senior,0,4,0,1
Software Engineer Hiring For CANADA under PR visa,World Overseas immigration Consultancy Pvt Ltd,"Australia, Canada",2 - 7 Years,2,7,4.5,5,2,True,medio,1,2,1,0
Graphic Designer settle in Canada,World Overseas immigration Consultancy Pvt Ltd,"Australia, Canada",2 - 7 Years,2,7,4.5,5,2,True,medio,1,2,1,0
Mechanical  &  Physical Engineer,Electrobrain modern technologies pvt ltd,"Ahmedabad, Delhi, Delhi/NCR, Gurgaon, Noida/Greater Noida",3 - 8 Years,3,8,5.5,5,5,False,medio,0,5,1,0
Python Internship in Pune,Maxgen Technologies,"Pune, Amravati, Dhule, Sangli, Satara",0 - 1 Years,0,1,0.5,1,5,False,junior,0,5,0,0
Computer Programmer,Vasantdada Sugar Institute,Pune,0 - 1 Years,0,1,0.5,1,1,False,medio,0,1,1,0
Lead Flutter Devloper,Sparks To Ideas,Ahmedabad,0 - 1 Years,0,1,0.5,1,1,False,senior,0,1,0,1
SharePoint development Support  FullStac wit Net B'lore Mumbai,White Horse Manpower Consultancy P Ltd,"Bengaluru / Bangalore, Mumbai",10 - 15 Years,10,15,12.5,5,2,False,medio,0,2,1,0
Data Analyst Internship in Pune,Maxgen Technologies,"Pune, Amravati, Dhule, Sangli, Satara",0 - 1 Years,0,1,0.5,1,5,False,junior,0,5,0,0
React Js Internship in Pune,Maxgen Technologies,"Pune, Amravati, Dhule, Sangli, Satara",0 - 1 Years,0,1,0.5,1,5,False,junior,0,5,0,0
Junior Engineer,Electrobrain modern technologies pvt ltd,"Ahmedabad, Delhi, Delhi/NCR, Gurgaon, Noida/Greater Noida",3 - 8 Years,3,8,5.5,5,5,False,junior,0,5,0,0
Group Head Purchase  &  SCM,Ample Leap Cognition,Pune,18 - 23 Years,18,23,20.5,5,1,False,senior,0,1,0,1
Automation And Control Engineer,ENIGMASOFT TECHNOLOGIES PRIVATE LIMITED,Panjim/Panaji,3 - 5 Years,3,5,4.0,2,1,False,medio,0,1,1,0
Data Analyst Internship in Pune,Maxgen Technologies,"Pune, Jalgaon, Kolhapur, Nasik, Solapur",0 - 1 Years,0,1,0.5,1,5,False,junior,0,5,0,0
Accountant / Accounts Executive,MIAECT Pvt Ltd,Navi Mumbai,2 - 5 Years,2,5,3.5,3,1,False,medio,0,1,1,0
Java Developer -KJMG - J48519,SAMPOORNA CONSULTANTS PVT LTD,Mumbai,2 - 7 Years,2,7,4.5,5,1,False,medio,0,1,1,0
Junior Accountant,Final Round,Kolkata,0 - 1 Years,0,1,0.5,1,1,False,junior,0,1,0,0
Python Internship in Pune,Maxgen Technologies,"Pune, Jalgaon, Kolhapur, Nasik, Solapur",0 - 1 Years,0,1,0.5,1,5,False,junior,0,5,0,0
Web Development Internship in Pune,Maxgen Technologies,"Pune, Amravati, Dhule, Sangli, Satara",0 - 1 Years,0,1,0.5,1,5,False,junior,0,5,0,0
QA | QC Engineer  Job In GERMANY,World wide Immigration Service Llp,Germany,5 - 10 Years,5,10,7.5,5,1,True,medio,1,1,1,0
Manager  /  Sr. Manager - Import Export Documentation,Suman kumar,"Delhi/NCR, Mumbai, Noida/Greater Noida, Pune, Indore",15 - 20 Years,15,20,17.5,5,5,False,senior,0,5,0,1
"BUSINESS DEVELOPMENT  (  MEP  )  , 8 - 10 Yr , 25 - 35 L , DELHI",Swastic Enterprises,"Delhi, Delhi/NCR",8 - 12 Years,8,12,10.0,4,2,False,medio,0,2,1,0
CAE Engineer,Electrobrain modern technologies pvt ltd,"Ahmedabad, Delhi, Delhi/NCR, Gurgaon, Noida/Greater Noida",3 - 8 Years,3,8,5.5,5,5,False,medio,0,5,1,0
AWS Solution Architect Internship in Pune,Maxgen Technologies,"Pune, Jalgaon, Kolhapur, Nasik, Solapur",0 - 1 Years,0,1,0.5,1,5,False,senior,0,5,0,1
Senior .net Developer - VB6,TALPRO INDIA PRIVATE LIMITED,Bengaluru / Bangalore,6 - 15 Years,6,15,10.5,9,1,False,senior,0,1,0,1
Java - Design engineer professional - J48487,SAMPOORNA CONSULTANTS PVT LTD,Bengaluru / Bangalore,3 - 5 Years,3,5,4.0,2,1,False,medio,0,1,1,0
Python Developer Internship in Ahmedabad,Maxgen Technologies,"Ahmedabad, Anand, Gandhinagar, Mehsana, Surat",0 - 1 Years,0,1,0.5,1,5,False,junior,0,5,0,0
Specialist - Quality Engineering,LTIMindtree Ltd.,Bengaluru / Bangalore,3 - 6 Years,3,6,4.5,3,1,False,medio,0,1,1,0
Fullstack PHP CodeIgniter developer,Waytogo Consultants Pvt Ltd,Bengaluru / Bangalore,2 - 4 Years,2,4,3.0,2,1,False,medio,0,1,1,0
Mern Stack Internship in Pune,Maxgen Technologies,"Pune, Amravati, Dhule, Sangli, Satara",0 - 1 Years,0,1,0.5,1,5,False,junior,0,5,0,0
Mern Stack Internship in Pune,Maxgen Technologies,"Pune, Jalgaon, Kolhapur, Nasik, Solapur",0 - 1 Years,0,1,0.5,1,5,False,junior,0,5,0,0
Hardware Engineer Job In GERMANY,ADAL IMMIGRATIONS LLP,Germany,7 - 12 Years,7,12,9.5,5,1,True,medio,1,1,1,0
Principle Engineer,Electrobrain modern technologies pvt ltd,"Ahmedabad, Bengaluru / Bangalore, Chennai, Delhi, Delhi/NCR",3 - 8 Years,3,8,5.5,5,5,False,medio,0,5,1,0
OCI Architect,LTIMindtree Ltd.,"Bengaluru / Bangalore, Chennai, Kolkata, Mumbai, Pune",15 - 20 Years,15,20,17.5,5,5,False,senior,0,5,0,1
"Software engineer , Software Designer , Systems architect",Anavrin Adviser Pvt Ltd,"Australia, Canada, Singapore",3 - 8 Years,3,8,5.5,5,3,True,senior,1,3,0,1
Final Year Project Internship,Sparks To Ideas,Ahmedabad,0 - 1 Years,0,1,0.5,1,1,False,junior,0,1,0,0
Flexcube Technical Consultant,LTIMindtree Ltd.,"Bengaluru / Bangalore, Chennai, Hyderabad/Secunderabad, Mumbai, Pune",5 - 10 Years,5,10,7.5,5,5,False,medio,0,5,1,0
Java Developer  ( 2-4 Yrs )  - J48510,SAMPOORNA CONSULTANTS PVT LTD,Mumbai,2 - 4 Years,2,4,3.0,2,1,False,medio,0,1,1,0
Winter Inter in cyber,Sparks To Ideas,Ahmedabad,0 - 1 Years,0,1,0.5,1,1,False,medio,0,1,1,0
Key Accounts Manager,ANIRUDDHA ROY CHOUDHURY,"Chennai, Gurgaon, Kolkata, Mumbai",13 - 18 Years,13,18,15.5,5,4,False,senior,0,4,0,1
Product Owner-Senior Manager - Program  &  Project Management,LTIMindtree Ltd.,Gurgaon,8 - 12 Years,8,12,10.0,4,1,False,senior,0,1,0,1
Data  Analyst Internship in Pune,Maxgen Technologies,"Pune, Jalgaon, Kolhapur, Nasik, Solapur",0 - 1 Years,0,1,0.5,1,5,False,junior,0,5,0,0
Senior Manager Retail Underwriting Mumbai,Client of placement company,"Mumbai, Navi Mumbai, Thane",4 - 9 Years,4,9,6.5,5,3,False,senior,0,3,0,1
Mechanical / BOE Engineer,Electrobrain modern technologies pvt ltd,"Delhi, Delhi/NCR, Gurgaon, Noida/Greater Noida, Pune",3 - 8 Years,3,8,5.5,5,5,False,medio,0,5,1,0
Python AI / ML Developer,Mart2Global,Ahmedabad,1 - 5 Years,1,5,3.0,4,1,False,medio,0,1,1,0
Network Engineer Required In MALTA,PRIMEX IMMIGRATION LLP,Unknown,8 - 13 Years,8,13,10.5,5,1,False,medio,0,1,1,0
Last Sem Project Internship,Sparks To Ideas,"Ahmedabad, Gandhinagar, Junagarh, Mehsana, Rajkot",0 - 1 Years,0,1,0.5,1,5,False,junior,0,5,0,0
Java Internship in Ahmedabad,Maxgen Technologies,"Ahmedabad, Bhavnagar, Junagarh, Rajkot, Surendranagar",0 - 1 Years,0,1,0.5,1,5,False,junior,0,5,0,0
Network Engineer  Required In ABROAD,World wide Immigration Service Llp,"Dubai, Canada, Germany",2 - 7 Years,2,7,4.5,5,3,True,medio,1,3,1,0
"Airport jobs in Aircraft Maintenance Department , Mechanical ,",sachin kumar,"Ahmedabad, Bengaluru / Bangalore, Chennai, Hyderabad/Secunderabad, Mumbai",0 - 3 Years,0,3,1.5,3,5,False,medio,0,5,1,0
Project Internship,Sparks To Ideas,Ahmedabad,0 - 1 Years,0,1,0.5,1,1,False,junior,0,1,0,0
Remote - EDMCS Specialist,TALPRO INDIA PRIVATE LIMITED,Bengaluru / Bangalore,7 - 15 Years,7,15,11.0,8,1,False,medio,0,1,1,0
Machine Learning Internship in Pune,Maxgen Technologies,"Pune, Jalgaon, Kolhapur, Nasik, Solapur",0 - 1 Years,0,1,0.5,1,5,False,junior,0,5,0,0
Testing and Comissioning,eSkillport HR Services Pvt. Ltd,Bengaluru / Bangalore,2 - 5 Years,2,5,3.5,3,1,False,medio,0,1,1,0
Graphic Designer,Seabit Media Pvt Ltd,Kolkata,0 - 3 Years,0,3,1.5,3,1,False,medio,0,1,1,0
Delivery Management - Mobile Application - J48493,SAMPOORNA CONSULTANTS PVT LTD,Bengaluru / Bangalore,15 - 20 Years,15,20,17.5,5,1,False,medio,0,1,1,0
Require Data Entry Operator work from home,Gentech Global,"Delhi, Delhi/NCR, Gurgaon, Noida/Greater Noida, Ghaziabad",0 - 1 Years,0,1,0.5,1,5,False,junior,0,5,0,0
"Alteryx ,  Visualization ,  ETL Developer ,  Jobs IN B'lore  &  Pune",White Horse Manpower Consultancy P Ltd,"Bengaluru / Bangalore, Pune",3 - 8 Years,3,8,5.5,5,2,False,medio,0,2,1,0
Sales  &  Marketing - Head,Ample Leap Cognition,Pune,15 - 20 Years,15,20,17.5,5,1,False,senior,0,1,0,1
Remote -Senior Tableau Developer,TALPRO INDIA PRIVATE LIMITED,Bengaluru / Bangalore,6 - 15 Years,6,15,10.5,9,1,False,senior,0,1,0,1
"Office Executive , ""Front Office Executive"" , Back Office Executive",ASSOCIATIVE,Pune,0 - 1 Years,0,1,0.5,1,1,False,medio,0,1,1,0
Business Development Manager,DANUSH SYSTEMS AND SOLUTIONS,Bengaluru / Bangalore,5 - 10 Years,5,10,7.5,5,1,False,senior,0,1,0,1
Urgent hiring For banking process ( Phone banking -Voice process ),Hy Fly Consultancy,"Mumbai, Pune, Navi Mumbai, Thane",0 - 3 Years,0,3,1.5,3,4,False,medio,0,4,1,0
QA | QC Engineer  Job In CANADA,World wide Immigration Service Llp,Canada,4 - 8 Years,4,8,6.0,4,1,True,medio,1,1,1,0
Tech Lead,LTIMindtree Ltd.,"Hyderabad/Secunderabad, Kolkata",8 - 12 Years,8,12,10.0,4,2,False,senior,0,2,0,1
FINANCE HEAD-FARIDABAD-REAL ESTATE,Eternal HR Services Pvt Ltd,Faridabad,10 - 15 Years,10,15,12.5,5,1,False,senior,0,1,0,1
Final Year Project Internship,Sparks To Ideas,"Ahmedabad, Gandhinagar, Junagarh, Mehsana, Rajkot",0 - 1 Years,0,1,0.5,1,5,False,junior,0,5,0,0
Quality Assurance,Equniox Business Solutions,Bengaluru / Bangalore,4 - 6 Years,4,6,5.0,2,1,False,medio,0,1,1,0
Graphic Designer,Agra Products Pvt Ltd,"Delhi, Delhi/NCR, Noida/Greater Noida",2 - 5 Years,2,5,3.5,3,3,False,medio,0,3,1,0
Software Engineer\Sr. Software Engineer - J48459,SAMPOORNA CONSULTANTS PVT LTD,Bengaluru / Bangalore,4 - 7 Years,4,7,5.5,3,1,False,senior,0,1,0,1
Developer C  ( Kernel  )  C platform experience with linux Bangalore,White Horse Manpower Consultancy P Ltd,Bengaluru / Bangalore,5 - 10 Years,5,10,7.5,5,1,False,medio,0,1,1,0
Software Engineer Hiring For  NEW ZEALAND,EXOTIC EXPERT SOLUTIONS LLP,New Zealand,3 - 8 Years,3,8,5.5,5,1,True,medio,1,1,1,0
Engineering Managers,Electrobrain modern technologies pvt ltd,"Ahmedabad, Chennai, Delhi, Delhi/NCR, Gurgaon",3 - 8 Years,3,8,5.5,5,5,False,senior,0,5,0,1
Business Analyst,Techno Wise,Ahmedabad,3 - 4 Years,3,4,3.5,1,1,False,medio,0,1,1,0
Maximo Technical Consultant,LTIMindtree Ltd.,"Bengaluru / Bangalore, Chennai, Hyderabad/Secunderabad, Mumbai, Pune",5 - 10 Years,5,10,7.5,5,5,False,medio,0,5,1,0
Full Stack Developer,Equniox Business Solutions,Bengaluru / Bangalore,4 - 7 Years,4,7,5.5,3,1,False,medio,0,1,1,0
"Content Implementation HTML ,  CSS ,  AEM6 Sanity Exp in CMS Chennai",White Horse Manpower Consultancy P Ltd,Chennai,3 - 8 Years,3,8,5.5,5,1,False,medio,0,1,1,0
Remote -Oracle EBS Technical Consultant,TALPRO INDIA PRIVATE LIMITED,Bengaluru / Bangalore,7 - 15 Years,7,15,11.0,8,1,False,medio,0,1,1,0
"Computer Operator , Computer Operator / Data Entry Operator",ASSOCIATIVE,Pune,0 - 1 Years,0,1,0.5,1,1,False,junior,0,1,0,0
Logistic Manager Hiring For DUBAI,ADAL IMMIGRATIONS LLP,Dubai,8 - 13 Years,8,13,10.5,5,1,True,senior,1,1,0,1
HR Generalist,SKYWALK VISA IMMIGRATION SERVICES LLP,"Canada, Germany, New Zealand",4 - 9 Years,4,9,6.5,5,3,True,medio,1,3,1,0
Java FullStack Developer,LTIMindtree Ltd.,"Chennai, Hyderabad/Secunderabad, Kolkata, Pune",4 - 7 Years,4,7,5.5,3,4,False,medio,0,4,1,0
Network Engineer Hiring For DUBAI,ADAL IMMIGRATIONS LLP,Dubai,8 - 13 Years,8,13,10.5,5,1,True,medio,1,1,1,0
Innovation Engineer - AI - J48457,SAMPOORNA CONSULTANTS PVT LTD,"Bengaluru / Bangalore, Chennai",3 - 5 Years,3,5,4.0,2,2,False,medio,0,2,1,0
Live Project Internship in Ahmedabad,Sparks To Ideas,"Ajmer, Bikaner, Jaipur, Kota, Udaipur",0 - 1 Years,0,1,0.5,1,5,False,junior,0,5,0,0
Software Integration Lead,Equniox Business Solutions,Bengaluru / Bangalore,10 - 15 Years,10,15,12.5,5,1,False,senior,0,1,0,1
Web Developer Job in Canada,EXOTIC EXPERT SOLUTIONS LLP,Canada,3 - 7 Years,3,7,5.0,4,1,True,medio,1,1,1,0
Web Designer  Job In DUBAI,PRIMEX IMMIGRATION LLP,Dubai,3 - 8 Years,3,8,5.5,5,1,True,medio,1,1,1,0
Ahmedabad's internship for cyber security,Sparks To Ideas,Ahmedabad,0 - 1 Years,0,1,0.5,1,1,False,junior,0,1,0,0
"""Chief Security Officer""",Ample Leap Cognition,Faridabad,12 - 15 Years,12,15,13.5,3,1,False,senior,0,1,0,1
Network Engineer,Techno Wise,Ahmedabad,1 - 5 Years,1,5,3.0,4,1,False,medio,0,1,1,0
Wordpress Developer,Vishal Consultancy,Ahmedabad,3 - 4 Years,3,4,3.5,1,1,False,medio,0,1,1,0
Python Internship in Ahmedabad,Maxgen Technologies,Ahmedabad,0 - 1 Years,0,1,0.5,1,1,False,junior,0,1,0,0
Senior Principal - Architecture,LTIMindtree Ltd.,Hyderabad/Secunderabad,15 - 22 Years,15,22,18.5,7,1,False,senior,0,1,0,1
Graphic Designers,Navyah Immigration Services Private Limited,"Dubai, Australia, Canada, Singapore",2 - 7 Years,2,7,4.5,5,4,True,medio,1,4,1,0
DOT NET Developer,Waytogo Consultants Pvt Ltd,Pune,3 - 7 Years,3,7,5.0,4,1,False,medio,0,1,1,0
Python Developer,Element Skill,"Bengaluru / Bangalore, Gurgaon, Mumbai, Noida/Greater Noida, Pune",4 - 9 Years,4,9,6.5,5,5,False,medio,0,5,1,0
Network Engineer L2 - J48287,SAMPOORNA CONSULTANTS PVT LTD,Chennai,4 - 6 Years,4,6,5.0,2,1,False,medio,0,1,1,0
Finance Accountant,Electrobrain modern technologies pvt ltd,"Vijayawada, Visakhapatnam, Ahmedabad, Bhuj, Gandhinagar",5 - 10 Years,5,10,7.5,5,5,False,medio,0,5,1,0
Required Flutter Developer,Sparks To Ideas,Ahmedabad,0 - 1 Years,0,1,0.5,1,1,False,medio,0,1,1,0
SAP Time Off- Software Engineering Professional J48438,SAMPOORNA CONSULTANTS PVT LTD,Bengaluru / Bangalore,3 - 8 Years,3,8,5.5,5,1,False,medio,0,1,1,0
Java Backend Developer,LTIMindtree Ltd.,"Chennai, Hyderabad/Secunderabad, Kolkata, Pune",4 - 7 Years,4,7,5.5,3,4,False,medio,0,4,1,0
Software Engineer  Job In GERMANY,World wide Immigration Service Llp,Germany,3 - 8 Years,3,8,5.5,5,1,True,medio,1,1,1,0
QA | QC Engineer  Job In DUBAI,World wide Immigration Service Llp,Dubai,2 - 7 Years,2,7,4.5,5,1,True,medio,1,1,1,0
"""Accounts executive"" , Account Assistant , Accountant",MOUNTAIN RANGE PROPERTIES and RESORTS PVT. LTD.,"Mumbai, Thane",3 - 5 Years,3,5,4.0,2,2,False,medio,0,2,1,0
Live Project Internship in Ahmedabad,Sparks To Ideas,"Ahmedabad, Gandhinagar, Junagarh, Mehsana, Rajkot",0 - 1 Years,0,1,0.5,1,5,False,junior,0,5,0,0
GM Finance Accounts,Electrobrain modern technologies pvt ltd,"Delhi, Delhi/NCR, Gurgaon, Mumbai, Noida/Greater Noida",5 - 10 Years,5,10,7.5,5,5,False,senior,0,5,0,1
Internship for Flutter,Sparks To Ideas,Ahmedabad,0 - 1 Years,0,1,0.5,1,1,False,junior,0,1,0,0
PYTHON INTERNSHIP IN AHEMDABAD,Sparks To Ideas,Ahmedabad,0 - 1 Years,0,1,0.5,1,1,False,junior,0,1,0,0
Software Testing internship in Ahmedabad,Maxgen Technologies,"Ahmedabad, Anand, Gandhinagar, Mehsana, Surat",0 - 1 Years,0,1,0.5,1,5,False,junior,0,5,0,0
Software Engineer Job In  POLAND,ADAL IMMIGRATIONS LLP,Unknown,3 - 8 Years,3,8,5.5,5,1,True,medio,1,1,1,0
Network  Engineer  Job In MALTA,World wide Immigration Service Llp,Unknown,2 - 7 Years,2,7,4.5,5,1,True,medio,1,1,1,0
Full Stack developer,Element Skill,"Bengaluru / Bangalore, Hyderabad/Secunderabad, Mumbai, Pune",5 - 10 Years,5,10,7.5,5,4,False,medio,0,4,1,0
Art Director - MA - J48369,SAMPOORNA CONSULTANTS PVT LTD,Bengaluru / Bangalore,8 - 13 Years,8,13,10.5,5,1,False,senior,0,1,0,1
Production Manager  / Quality Manager,Suman kumar,"Delhi/NCR, Gurgaon, Kolkata, Mumbai, Pune",10 - 15 Years,10,15,12.5,5,5,False,senior,0,5,0,1
UX Designer - Manager  ( IC Role ) - BLR - J48440,SAMPOORNA CONSULTANTS PVT LTD,"Bengaluru / Bangalore, Pune",10 - 14 Years,10,14,12.0,4,2,False,senior,0,2,0,1
Test - Delivery Manager,LTIMindtree Ltd.,Kolkata,15 - 20 Years,15,20,17.5,5,1,False,senior,0,1,0,1
QA | QC Engineer  Job In CANADA,World wide Immigration Service Llp,Canada,5 - 10 Years,5,10,7.5,5,1,True,medio,1,1,1,0
B.Tech Project Internship in PHP,Sparks To Ideas,Ahmedabad,0 - 1 Years,0,1,0.5,1,1,False,junior,0,1,0,0
Admin Manager  Job In GERMANY,PRIMEX IMMIGRATION LLP,Germany,3 - 8 Years,3,8,5.5,5,1,True,senior,1,1,0,1
AngularJS Full-Stack Developer,TALPRO INDIA PRIVATE LIMITED,Bengaluru / Bangalore,7 - 15 Years,7,15,11.0,8,1,False,medio,0,1,1,0
"Full Stack Developer , Fineos Developer , Consultant",One World,"Bengaluru / Bangalore, Chennai, Delhi/NCR, Mumbai, Pune",5 - 10 Years,5,10,7.5,5,5,False,medio,0,5,1,0
QA | QC Engineer  Job In LUXEMBOURG,World wide Immigration Service Llp,Unknown,4 - 8 Years,4,8,6.0,4,1,True,medio,1,1,1,0
Finance Accounting Manager,Electrobrain modern technologies pvt ltd,"Chennai, Delhi, Delhi/NCR, Noida/Greater Noida, Pune",5 - 10 Years,5,10,7.5,5,5,False,senior,0,5,0,1
QA | QC Engineer  Job In GERMANY,World wide Immigration Service Llp,Germany,3 - 8 Years,3,8,5.5,5,1,True,medio,1,1,1,0
Accessibility Test Lead,Hucon Solutions India Pvt ltd,"Bengaluru / Bangalore, Pune, Bhubaneshwar",5 - 10 Years,5,10,7.5,5,3,False,senior,0,3,0,1
Nodejs developer,Proconnxt,Chennai,5 - 7 Years,5,7,6.0,2,1,False,medio,0,1,1,0
Finance Accounts Executive,Electrobrain modern technologies pvt ltd,"Chennai, Delhi, Delhi/NCR, Noida/Greater Noida, Pune",5 - 10 Years,5,10,7.5,5,5,False,medio,0,5,1,0
"Aeronautical engineering , Mechanical engineer , Design Engineer",sachin kumar,"Pondicherry/Puducherry, Visakhapatnam, Rajkot, Cochin/ Kochi/ Ernakulam, Navi Mumbai",1 - 6 Years,1,6,3.5,5,5,False,medio,0,5,1,0
NET Fullstake developer with Migration of MVC To Core Net,White Horse Manpower Consultancy P Ltd,"Bengaluru / Bangalore, Chennai, Pune",8 - 13 Years,8,13,10.5,5,3,False,medio,0,3,1,0
Web Designer  Job  In DUBAI,PRIMEX IMMIGRATION LLP,Dubai,3 - 8 Years,3,8,5.5,5,1,True,medio,1,1,1,0
Senior SAP Associates,Navyah Immigration Services Private Limited,"Dubai, Australia, Canada, Singapore",2 - 5 Years,2,5,3.5,3,4,True,senior,1,4,0,1
Customer Service Executive - Mutual Fund Co Payrolll,Hy Fly Consultancy,"Mumbai, Pune, Navi Mumbai, Thane",0 - 3 Years,0,3,1.5,3,4,False,medio,0,4,1,0
Senior .net Backend  /  Full Stack Developers,TALPRO INDIA PRIVATE LIMITED,Bengaluru / Bangalore,5 - 15 Years,5,15,10.0,10,1,False,senior,0,1,0,1
"social media executive , video editor",Orbex Technologies Private Limited,"Delhi, Delhi/NCR, Gurgaon",0 - 3 Years,0,3,1.5,3,3,False,medio,0,3,1,0
Junior .net Developer,TALPRO INDIA PRIVATE LIMITED,Bengaluru / Bangalore,5 - 15 Years,5,15,10.0,10,1,False,junior,0,1,0,0
Hardware Engineer  Job In  SINGAPORE,ADAL IMMIGRATIONS LLP,Singapore,5 - 10 Years,5,10,7.5,5,1,True,medio,1,1,1,0
Computer Science Engineer jobs in Canada - Australia,Srv global consultancy Pvt Ltd,"Australia, Canada",2 - 7 Years,2,7,4.5,5,2,True,medio,1,2,1,0
Remote - Senior CNC Implementation Consultant,TALPRO INDIA PRIVATE LIMITED,Bengaluru / Bangalore,7 - 15 Years,7,15,11.0,8,1,False,senior,0,1,0,1
QA / QC Engineer Job In USA,CLOUD VISA IMMIGRATION LLP,Unknown,3 - 8 Years,3,8,5.5,5,1,True,medio,1,1,1,0
"Finance ,  Accounts  &  Costing",Electrobrain modern technologies pvt ltd,"Chennai, Delhi, Delhi/NCR, Gurgaon, Noida/Greater Noida",5 - 10 Years,5,10,7.5,5,5,False,medio,0,5,1,0
Accountant,SKYWALK VISA IMMIGRATION SERVICES LLP,"Australia, Canada, Singapore",2 - 7 Years,2,7,4.5,5,3,True,medio,1,3,1,0
MANAGER – PLANNING  &  BILLING,Suman kumar,"Ahmedabad, Bengaluru / Bangalore, Chennai, Delhi, Hyderabad/Secunderabad",8 - 10 Years,8,10,9.0,2,5,False,senior,0,5,0,1
"Software Engineer , SEO Specialist",GigKafe.LLC Brand VLearnNow,"Ahmedabad, Bengaluru / Bangalore, Delhi/NCR, Kolkata",5 - 10 Years,5,10,7.5,5,4,False,medio,0,4,1,0
Node Js Internship in Ahmedabad,Maxgen Technologies,"Ahmedabad, Anand, Gandhinagar, Mehsana, Surat",0 - 1 Years,0,1,0.5,1,5,False,junior,0,5,0,0
Sales Manager | Cluster Manager,LINEUP MANPOWER SOLUTIONS PRIVATE LIMTED,"Kolkata, Bhubaneshwar, Cuttack, Asansol, Durgapur",1 - 3 Years,1,3,2.0,2,5,False,senior,0,5,0,1
B.tech Project Internship,Sparks To Ideas,"Ahmedabad, Anand, Bhavnagar, Gandhinagar, Junagarh",0 - 1 Years,0,1,0.5,1,5,False,junior,0,5,0,0
Remote - Azure DevOps Engineer,TALPRO INDIA PRIVATE LIMITED,Bengaluru / Bangalore,5 - 15 Years,5,15,10.0,10,1,False,medio,0,1,1,0
Java Backend Developer  ( 39041 )  - J48405,SAMPOORNA CONSULTANTS PVT LTD,Bengaluru / Bangalore,4 - 7 Years,4,7,5.5,3,1,False,medio,0,1,1,0
PHP Developer Job  In  DUBAI,PRIMEX IMMIGRATION LLP,Dubai,2 - 7 Years,2,7,4.5,5,1,True,medio,1,1,1,0
Head System Engineer jobs in Canada - Australia -  Germany,Srv global consultancy Pvt Ltd,"Australia, Canada",2 - 7 Years,2,7,4.5,5,2,True,senior,1,2,0,1
Technology Specialist  /  Architect - J48374,SAMPOORNA CONSULTANTS PVT LTD,"Bengaluru / Bangalore, Chennai",12 - 17 Years,12,17,14.5,5,2,False,senior,0,2,0,1
"HR MANAGER  , 5 - 10 Yr , 30 - 40 K , GHAZIABAD",Swastic Enterprises,"Delhi/NCR, Noida/Greater Noida",5 - 10 Years,5,10,7.5,5,2,False,senior,0,2,0,1
Senior Appian Developer / Lead / Architect,TALPRO INDIA PRIVATE LIMITED,Bengaluru / Bangalore,5 - 15 Years,5,15,10.0,10,1,False,senior,0,1,0,1
"PHP Developer , Php Programmer , ""Full Stack PHP Developer""",Peopleplease Consulting,Mumbai,1 - 5 Years,1,5,3.0,4,1,False,medio,0,1,1,0
Product Owner,TALPRO INDIA PRIVATE LIMITED,Bengaluru / Bangalore,5 - 15 Years,5,15,10.0,10,1,False,medio,0,1,1,0
Systems  &  Finance Accountant,Electrobrain modern technologies pvt ltd,"Delhi, Delhi/NCR, Noida/Greater Noida",5 - 10 Years,5,10,7.5,5,3,False,medio,0,3,1,0
.net Full Stack Developer,TALPRO INDIA PRIVATE LIMITED,Bengaluru / Bangalore,5 - 15 Years,5,15,10.0,10,1,False,medio,0,1,1,0
QA / QC Engineer Jobs in Abroad,TALENT VAULT LLP,"Australia, Canada, New Zealand, Singapore",4 - 9 Years,4,9,6.5,5,4,True,medio,1,4,1,0
GRAPHIC DESIGNER  &  VIDEO EDITOR,Options & Ideas,"Kolkata, Guwahati, Ranchi, Siliguri",0 - 3 Years,0,3,1.5,3,4,False,medio,0,4,1,0
Network Support Engineer,IT Mantra Techintellect  Private Limited,Bengaluru / Bangalore,4 - 6 Years,4,6,5.0,2,1,False,medio,0,1,1,0
Data Integration Engineer,LTIMindtree Ltd.,"Ahmedabad, Bengaluru / Bangalore, Chennai, Delhi, Hyderabad/Secunderabad",5 - 8 Years,5,8,6.5,3,5,False,medio,0,5,1,0
Electrical maintenance engineer,ShivaKumar S,Thailand,2 - 7 Years,2,7,4.5,5,1,False,medio,0,1,1,0
MIS Executive,SKYWALK VISA IMMIGRATION SERVICES LLP,Canada,7 - 12 Years,7,12,9.5,5,1,True,medio,1,1,1,0
Python Internshp in Ahmedabad,Maxgen Technologies,"Ahmedabad, Anand, Gandhinagar, Mehsana, Surat",0 - 1 Years,0,1,0.5,1,5,False,junior,0,5,0,0
HR Generalist,Electrobrain modern technologies pvt ltd,"Ahmedabad, Delhi, Delhi/NCR, Gurgaon, Noida/Greater Noida",3 - 8 Years,3,8,5.5,5,5,False,medio,0,5,1,0
QA | QC Engineer  Job In USA,World wide Immigration Service Llp,Unknown,5 - 10 Years,5,10,7.5,5,1,True,medio,1,1,1,0
Oracle Fusion Data Intelligence Consultant,LTIMindtree Ltd.,"Bengaluru / Bangalore, Kolkata, Mumbai, Noida/Greater Noida, Pune",3 - 8 Years,3,8,5.5,5,5,False,medio,0,5,1,0
"Flutter Developer , Senior Flutter Developer , Tech Lead - Flutter",PREDATORS CONSULTING,"Mumbai, Navi Mumbai",2 - 7 Years,2,7,4.5,5,2,False,senior,0,2,0,1
Solution Architect- Pre Sales - J48415,SAMPOORNA CONSULTANTS PVT LTD,Bengaluru / Bangalore,12 - 17 Years,12,17,14.5,5,1,False,senior,0,1,0,1
EUC Operations Manager - J48408,SAMPOORNA CONSULTANTS PVT LTD,Chennai,10 - 15 Years,10,15,12.5,5,1,False,senior,0,1,0,1
AWS DevOps Engineer,TALPRO INDIA PRIVATE LIMITED,Bengaluru / Bangalore,5 - 15 Years,5,15,10.0,10,1,False,medio,0,1,1,0
Website Designer Hiring For GERMANY,CLOUD VISA IMMIGRATION LLP,"Dubai, Canada, Germany",3 - 8 Years,3,8,5.5,5,3,True,medio,1,3,1,0
Remote - Senior Oracle Cloud Payroll Functional Consultant,TALPRO INDIA PRIVATE LIMITED,Bengaluru / Bangalore,5 - 15 Years,5,15,10.0,10,1,False,senior,0,1,0,1
Finance Accounts Officer,Electrobrain modern technologies pvt ltd,"Gandhinagar, Jamnagar, Junagarh, Palanpur",5 - 10 Years,5,10,7.5,5,4,False,medio,0,4,1,0
Oracle SCM Functional Lead,LTIMindtree Ltd.,"Ahmedabad, Bengaluru / Bangalore, Chennai, Hyderabad/Secunderabad, Kolkata",8 - 12 Years,8,12,10.0,4,5,False,senior,0,5,0,1
Oracle Data Intergrator,LTIMindtree Ltd.,Kolkata,3 - 8 Years,3,8,5.5,5,1,False,medio,0,1,1,0
Database analysts and  administrators,Navyah Immigration Services Private Limited,"Dubai, Australia, Canada, Singapore",2 - 7 Years,2,7,4.5,5,4,True,medio,1,4,1,0
Deputy Manager,Electrobrain modern technologies pvt ltd,"Ahmedabad, Chennai, Delhi, Delhi/NCR, Gurgaon",5 - 10 Years,5,10,7.5,5,5,False,senior,0,5,0,1
Website Designer,SKYWALK VISA IMMIGRATION SERVICES LLP,"New York City, Australia, Canada, New Zealand, Singapore",2 - 7 Years,2,7,4.5,5,5,True,medio,1,5,1,0
Test Architect,LTIMindtree Ltd.,"Chennai, Kolkata",12 - 16 Years,12,16,14.0,4,2,False,senior,0,2,0,1
.netcore Sr. Tech Lead - J48367,SAMPOORNA CONSULTANTS PVT LTD,Bengaluru / Bangalore,10 - 14 Years,10,14,12.0,4,1,False,senior,0,1,0,1
Finance  &  Accounts manager,Electrobrain modern technologies pvt ltd,"Delhi, Delhi/NCR, Mumbai, Noida/Greater Noida, Pune",5 - 10 Years,5,10,7.5,5,5,False,senior,0,5,0,1
Obiee Developer,LTIMindtree Ltd.,Kolkata,3 - 8 Years,3,8,5.5,5,1,False,medio,0,1,1,0
"""Back end Developer"" , Golang Develoer",PREDATORS CONSULTING,"Mumbai, Navi Mumbai",1 - 3 Years,1,3,2.0,2,2,False,medio,0,2,1,0
MS Dynamics F and O Finance Associate Consultant - J48196,SAMPOORNA CONSULTANTS PVT LTD,Pune,0 - 3 Years,0,3,1.5,3,1,False,junior,0,1,0,0
Oracle project accounting functional Consultant,LTIMindtree Ltd.,"Ahmedabad, Bengaluru / Bangalore, Chennai, Hyderabad/Secunderabad, Kolkata",7 - 12 Years,7,12,9.5,5,5,False,medio,0,5,1,0
"Senior Developer , Senior Developer / Software Engineer",PREDATORS CONSULTING,"Mumbai, Navi Mumbai",3 - 8 Years,3,8,5.5,5,2,False,senior,0,2,0,1
Data Science Internship in Ahmedabad,Maxgen Technologies,"Ahmedabad, Bhavnagar, Junagarh, Rajkot, Surat",0 - 1 Years,0,1,0.5,1,5,False,junior,0,5,0,0
IDAM - Transformation Director - J48377,SAMPOORNA CONSULTANTS PVT LTD,Chennai,18 - 23 Years,18,23,20.5,5,1,False,senior,0,1,0,1
UI Technical Lead,Hucon Solutions India Pvt ltd,"Bengaluru / Bangalore, Pune, Bhubaneshwar",8 - 12 Years,8,12,10.0,4,3,False,senior,0,3,0,1
Java Developer,Electrobrain modern technologies pvt ltd,"Bhopal, Gwalior, Indore",3 - 8 Years,3,8,5.5,5,3,False,medio,0,3,1,0
SENIOR SOFTWARE ENGINEER,Electrobrain modern technologies pvt ltd,"Delhi, Delhi/NCR, Gurgaon, Mumbai, Noida/Greater Noida",3 - 8 Years,3,8,5.5,5,5,False,senior,0,5,0,1
Data Management Developer- J48282,SAMPOORNA CONSULTANTS PVT LTD,"Bengaluru / Bangalore, Delhi, Mumbai",2 - 4 Years,2,4,3.0,2,3,False,medio,0,3,1,0
Cloud Operations Manager - J48386,SAMPOORNA CONSULTANTS PVT LTD,Chennai,15 - 20 Years,15,20,17.5,5,1,False,senior,0,1,0,1
Java Technical Architect,Hucon Solutions India Pvt ltd,Pune,13 - 18 Years,13,18,15.5,5,1,False,senior,0,1,0,1
Java Internship in Pune,Maxgen Technologies,"Pune, Amravati, Dhule, Sangli, Satara",0 - 1 Years,0,1,0.5,1,5,False,junior,0,5,0,0
Sharepoint Developer,LTIMindtree Ltd.,"Bengaluru / Bangalore, Chennai, Delhi/NCR, Hyderabad/Secunderabad, Mumbai",5 - 10 Years,5,10,7.5,5,5,False,medio,0,5,1,0
Job for Data Science in Ahmedabad,Sparks To Ideas,Ahmedabad,0 - 1 Years,0,1,0.5,1,1,False,medio,0,1,1,0
Sales and Marketing Manager - Finland  &  Singapore,LIMA FLY PRIVATE LIMITED,Singapore,7 - 12 Years,7,12,9.5,5,1,True,senior,1,1,0,1
Web Designer / Developer,sharda consultancy Services,"Delhi, Delhi/NCR",3 - 6 Years,3,6,4.5,3,2,False,medio,0,2,1,0
"Admin Executive , Administration Assistant / Executive",MIAECT Pvt Ltd,"Mumbai, Navi Mumbai, Thane",2 - 5 Years,2,5,3.5,3,3,False,medio,0,3,1,0
Internship For Data Science,Sparks To Ideas,Ahmedabad,0 - 1 Years,0,1,0.5,1,1,False,junior,0,1,0,0
Java Springboot  ( Req ID: 40675 ) -Level E - J48413,SAMPOORNA CONSULTANTS PVT LTD,Bengaluru / Bangalore,3 - 8 Years,3,8,5.5,5,1,False,medio,0,1,1,0
Team Leader Voice openings,White Horse Manpower Consultancy P Ltd,Bengaluru / Bangalore,1 - 6 Years,1,6,3.5,5,1,False,senior,0,1,0,1
Purchase / Material Management,U.S,Mumbai,3 - 8 Years,3,8,5.5,5,1,False,medio,0,1,1,0
"Aircraft Mechanical maintenance engineer , Electrical Engineer",sachin kumar,"Ahmedabad, Bengaluru / Bangalore, Chennai, Hyderabad/Secunderabad, Mumbai",1 - 6 Years,1,6,3.5,5,5,False,medio,0,5,1,0
Scrum master and Project manager,Midas Touch,"Bengaluru / Bangalore, Hyderabad/Secunderabad, Mumbai, Pune",7 - 12 Years,7,12,9.5,5,4,False,senior,0,4,0,1
QA Automation API  Rest assured  mandate  Cucumber java selenium,White Horse Manpower Consultancy P Ltd,Bengaluru / Bangalore,7 - 12 Years,7,12,9.5,5,1,False,medio,0,1,1,0
"Python Developer , Python , Python Full stack",Peopleplease Consulting,Mumbai,1 - 5 Years,1,5,3.0,4,1,False,medio,0,1,1,0
"Fullstake Developer , Senior Software Engineer , Software Engineer",SHREE ADISHAKTHI CONSULTANCY,"Bengaluru / Bangalore, Chennai",4 - 8 Years,4,8,6.0,4,2,False,senior,0,2,0,1
Python Developer - J48497,SAMPOORNA CONSULTANTS PVT LTD,Pune,1 - 4 Years,1,4,2.5,3,1,False,medio,0,1,1,0
Senior .net Developer - Back End,TALPRO INDIA PRIVATE LIMITED,Bengaluru / Bangalore,7 - 15 Years,7,15,11.0,8,1,False,senior,0,1,0,1
HR cum IR MANAGER,ANIRUDDHA ROY CHOUDHURY,"Chennai, Gurgaon, Kolkata, Mumbai",13 - 18 Years,13,18,15.5,5,4,False,senior,0,4,0,1
RPA Developer Process Excellence Mumbai,Client of placement company,Mumbai,2 - 6 Years,2,6,4.0,4,1,False,medio,0,1,1,0
Senior Consultant For Jira Immediate Joiners,White Horse Manpower Consultancy P Ltd,"Bengaluru / Bangalore, Chennai, Pune",12 - 17 Years,12,17,14.5,5,3,False,senior,0,3,0,1
Maintenance Manager,Suman kumar,"Chennai, Delhi/NCR, Bilaspur, Satna, Rourkela",10 - 15 Years,10,15,12.5,5,5,False,senior,0,5,0,1
Oracle Flexcube Technical with Corporate core banking,LTIMindtree Ltd.,"Bengaluru / Bangalore, Chennai, Hyderabad/Secunderabad, Mumbai, Pune",3 - 8 Years,3,8,5.5,5,5,False,medio,0,5,1,0
Full Stack Internship in Pune,Maxgen Technologies,"Pune, Amravati, Dhule, Sangli, Satara",0 - 1 Years,0,1,0.5,1,5,False,junior,0,5,0,0
Data science Internship,Sparks To Ideas,Ahmedabad,0 - 1 Years,0,1,0.5,1,1,False,junior,0,1,0,0
Cyber security Internship,Sparks To Ideas,Ahmedabad,0 - 1 Years,0,1,0.5,1,1,False,junior,0,1,0,0
Hardware Engineer Hiring  For DUBAI,ADAL IMMIGRATIONS LLP,Dubai,13 - 18 Years,13,18,15.5,5,1,True,medio,1,1,1,0
"PA to MD , Salary 30-32K , Charges applicable after selection",Spearhead Technology Services,Kolkata,5 - 10 Years,5,10,7.5,5,1,False,medio,0,1,1,0
SENIOR ACCOUNTS EXECUTIVE,Suman kumar,"Delhi/NCR, Kolkata, Pune, Jaipur, Lucknow",8 - 12 Years,8,12,10.0,4,5,False,senior,0,5,0,1
Oracle VBCS / VBS Developer,LTIMindtree Ltd.,"Bengaluru / Bangalore, Chennai, Delhi/NCR, Kolkata, Mumbai",3 - 8 Years,3,8,5.5,5,5,False,medio,0,5,1,0
"React JS Developer , ""Full Stack Software Developer""",Peopleplease Consulting,Mumbai,1 - 5 Years,1,5,3.0,4,1,False,medio,0,1,1,0
React JS Developer,Waytogo Consultants Pvt Ltd,Pune,3 - 7 Years,3,7,5.0,4,1,False,medio,0,1,1,0
SAP Project Manager required in Canada under PR,World Overseas immigration Consultancy Pvt Ltd,"Australia, Canada",2 - 7 Years,2,7,4.5,5,2,True,senior,1,2,0,1
"LWC Developer , Lightning Web Components Developer",One World,"Ahmedabad, Bengaluru / Bangalore, Gurgaon, Hyderabad/Secunderabad, Mumbai",3 - 8 Years,3,8,5.5,5,5,False,medio,0,5,1,0
Software Engineer II - J48455,SAMPOORNA CONSULTANTS PVT LTD,Chennai,2 - 5 Years,2,5,3.5,3,1,False,medio,0,1,1,0
Database Administrator,Waytogo Consultants Pvt Ltd,Hyderabad/Secunderabad,2 - 7 Years,2,7,4.5,5,1,False,medio,0,1,1,0
Lead Consultant Solutions Designing BPM immediate Joinings,White Horse Manpower Consultancy P Ltd,"Bengaluru / Bangalore, Chennai, Pune",12 - 17 Years,12,17,14.5,5,3,False,senior,0,3,0,1
"PHP Developer , Php Programmer , Software Engineer",Gaurangna Singh,"Ahmedabad, Pune, Bilaspur, Raipur, Indore",1 - 6 Years,1,6,3.5,5,5,False,medio,0,5,1,0
Computer Network and Systems Engineer,Navyah Immigration Services Private Limited,"Australia, Canada",2 - 5 Years,2,5,3.5,3,2,True,medio,1,2,1,0
Regional Head Business Development,Equniox Business Solutions,Bengaluru / Bangalore,15 - 20 Years,15,20,17.5,5,1,False,senior,0,1,0,1
Free internship in React Js,Sparks To Ideas,Ahmedabad,0 - 1 Years,0,1,0.5,1,1,False,junior,0,1,0,0
Sap Concur Consultant immediate Joining,White Horse Manpower Consultancy P Ltd,Bengaluru / Bangalore,5 - 8 Years,5,8,6.5,3,1,False,medio,0,1,1,0
Free Python Internship In Ahmedabad,Sparks To Ideas,"Ahmedabad, Bhavnagar, Botad, Gandhinagar, Junagarh",0 - 1 Years,0,1,0.5,1,5,False,junior,0,5,0,0
Full Stack Developer  ( c# / .net ),TALPRO INDIA PRIVATE LIMITED,Bengaluru / Bangalore,7 - 15 Years,7,15,11.0,8,1,False,medio,0,1,1,0
Winter Internship for cyber security,Sparks To Ideas,Ahmedabad,0 - 1 Years,0,1,0.5,1,1,False,junior,0,1,0,0
Data Analyst - AI / ML - J48458,SAMPOORNA CONSULTANTS PVT LTD,Chennai,3 - 5 Years,3,5,4.0,2,1,False,medio,0,1,1,0
"""DevOps Developer""",Medicca Limited,Bengaluru / Bangalore,3 - 8 Years,3,8,5.5,5,1,False,medio,0,1,1,0
Web Designers and Developers,Navyah Immigration Services Private Limited,"Dubai, Australia, Canada, Singapore",2 - 5 Years,2,5,3.5,3,4,True,medio,1,4,1,0
Python Developer Internship,Maxgen Technologies,"Ahmedabad, Anand, Gandhinagar, Mehsana, Surat",0 - 1 Years,0,1,0.5,1,5,False,junior,0,5,0,0
Senior Director - Program  &  Project Management,LTIMindtree Ltd.,Hyderabad/Secunderabad,18 - 22 Years,18,22,20.0,4,1,False,senior,0,1,0,1
Facility Manager,Suman kumar,"Gurgaon, Kolkata, Mumbai, Chandigarh, Indore",10 - 15 Years,10,15,12.5,5,5,False,senior,0,5,0,1
"Personal Assistant , Secretary",Indica Industries Pvt Ltd,Noida/Greater Noida,3 - 8 Years,3,8,5.5,5,1,False,medio,0,1,1,0
React js Internship in Pune,Maxgen Technologies,"Pune, Jalgaon, Kolhapur, Nasik, Solapur",0 - 1 Years,0,1,0.5,1,5,False,junior,0,5,0,0
Power BI Developer,Waytogo Consultants Pvt Ltd,Hyderabad/Secunderabad,3 - 8 Years,3,8,5.5,5,1,False,medio,0,1,1,0
Assistant Manager-Packaging Purchase,Venky's India Ltd.,Pune,10 - 15 Years,10,15,12.5,5,1,False,senior,0,1,0,1
Java internship in Ahmedabad,Maxgen Technologies,"Ahmedabad, Bhavnagar, Junagarh, Rajkot, Surendranagar",0 - 1 Years,0,1,0.5,1,5,False,junior,0,5,0,0
Aircraft Mechanical maintenance engineer,sachin kumar,"Bengaluru / Bangalore, Chennai, Mumbai, Pune, Visakhapatnam",1 - 6 Years,1,6,3.5,5,5,False,medio,0,5,1,0
"PHP Developer , Web Developer , Software Developer , Software Engineer",DATAMAX INFOTECH,Mumbai,4 - 5 Years,4,5,4.5,1,1,False,medio,0,1,1,0
"HR Jobs in Bangalore ,  Immediate Joining ,  DayShift ,  Sal 18k+Inc",White Horse Manpower Consultancy P Ltd,Bengaluru / Bangalore,1 - 4 Years,1,4,2.5,3,1,False,medio,0,1,1,0
General Ledger Accountant,EXO Edge,"Delhi/NCR, Gurgaon, Noida/Greater Noida, Chandigarh, Mohali",4 - 9 Years,4,9,6.5,5,5,False,medio,0,5,1,0
Business Analyst - J48343,SAMPOORNA CONSULTANTS PVT LTD,Hyderabad/Secunderabad,2 - 4 Years,2,4,3.0,2,1,False,medio,0,1,1,0
"QA Engineer , Software Testing Engineer",Times internetghtytutujhjd,Bongaigaon,2 - 7 Years,2,7,4.5,5,1,False,medio,0,1,1,0
Permanent Remote -AWS DevOps Engineer,TALPRO INDIA PRIVATE LIMITED,Bengaluru / Bangalore,7 - 15 Years,7,15,11.0,8,1,False,medio,0,1,1,0
3D Environmental artist,BLUEPULSE VENTURES PRIVATE LIMITED,"Bengaluru / Bangalore, Mumbai",2 - 3 Years,2,3,2.5,1,2,False,medio,0,2,1,0
Sr. Customer support executive Voice - Bank Payroll,Hy Fly Consultancy,"Pune, Mumbai, Navi Mumbai, Thane",0 - 3 Years,0,3,1.5,3,4,False,senior,0,4,0,1
"HRBP , Human Resource Business Partner , Human Resource Generalist",PREDATORS CONSULTING,"Mumbai, Navi Mumbai",5 - 9 Years,5,9,7.0,4,2,False,medio,0,2,1,0
"Course Designer , Content creator",Forgebs Technologies Pvt Ltd.,"Bengaluru / Bangalore, Hyderabad/Secunderabad, Kolkata, Mumbai, Pune",1 - 5 Years,1,5,3.0,4,5,False,medio,0,5,1,0
React JS Internship in Pune,Maxgen Technologies,"Pune, Amravati, Aurangabad, Nasik, Sangli",0 - 1 Years,0,1,0.5,1,5,False,junior,0,5,0,0
DevOps Cloud engineer - J48260,SAMPOORNA CONSULTANTS PVT LTD,Hyderabad/Secunderabad,3 - 5 Years,3,5,4.0,2,1,False,medio,0,1,1,0
Software and Applications Programmers,Navyah Immigration Services Private Limited,"Dubai, Australia, Canada, Japan",2 - 7 Years,2,7,4.5,5,4,True,medio,1,4,1,0
Winter Internship,Sparks To Ideas,Ahmedabad,0 - 1 Years,0,1,0.5,1,1,False,junior,0,1,0,0
React Js Internship in Ahmedabad,Maxgen Technologies,"Ahmedabad, Bhavnagar, Junagarh, Rajkot, Surat",0 - 1 Years,0,1,0.5,1,5,False,junior,0,5,0,0
Mern Stack Internship in Ahmedabad,Maxgen Technologies,Ahmedabad,0 - 1 Years,0,1,0.5,1,1,False,junior,0,1,0,0
React Js Internship in Ahmedabad,Maxgen Technologies,"Ahmedabad, Anand, Gandhinagar, Mehsana, Surendranagar",0 - 1 Years,0,1,0.5,1,5,False,junior,0,5,0,0
Data Management Developer-R1075025 - J48282,SAMPOORNA CONSULTANTS PVT LTD,"Bengaluru / Bangalore, Delhi, Mumbai",2 - 4 Years,2,4,3.0,2,3,False,medio,0,3,1,0
"""APPLICATION SUPPORT ENGINEER""",Electrobrain modern technologies pvt ltd,"Bengaluru / Bangalore, Delhi, Delhi/NCR, Gurgaon, Mumbai",3 - 8 Years,3,8,5.5,5,5,False,medio,0,5,1,0
Senior Accountant,Final Round,Kolkata,5 - 6 Years,5,6,5.5,1,1,False,senior,0,1,0,1
Software Application Developer,Electrobrain modern technologies pvt ltd,"Delhi, Delhi/NCR, Gurgaon, Mumbai, Noida/Greater Noida",3 - 8 Years,3,8,5.5,5,5,False,medio,0,5,1,0
Centre Head - J48373,SAMPOORNA CONSULTANTS PVT LTD,"Bengaluru / Bangalore, Chennai",15 - 20 Years,15,20,17.5,5,2,False,senior,0,2,0,1
Quality Associate,Electrobrain modern technologies pvt ltd,"Delhi, Delhi/NCR, Gurgaon, Noida/Greater Noida, Pune",3 - 8 Years,3,8,5.5,5,5,False,junior,0,5,0,0
Business Analyst,Electrobrain modern technologies pvt ltd,"Delhi, Delhi/NCR, Gurgaon, Noida/Greater Noida, Faridabad",3 - 8 Years,3,8,5.5,5,5,False,medio,0,5,1,0
"Data Entry ,  Back Office ,  Computer Operator",Laxmi Infotech,"Delhi/NCR, Mumbai, Pune",0 - 3 Years,0,3,1.5,3,3,False,junior,0,3,0,0
"network engineer , Software Engineer , Software Developer",RADKO INFOTECH,Chennai,0 - 1 Years,0,1,0.5,1,1,False,medio,0,1,1,0
"Jobs in  Automation c# ,  SDET ,  testing UAT ,  Selenium with Java",White Horse Manpower Consultancy P Ltd,"Hyderabad/Secunderabad, Pune, Visakhapatnam",3 - 8 Years,3,8,5.5,5,3,False,medio,0,3,1,0
Web development internship in Pune,Maxgen Technologies,"Pune, Jalgaon, Kolhapur, Nasik, Solapur",0 - 1 Years,0,1,0.5,1,5,False,junior,0,5,0,0
Senior Analyst - Data Science,Electrobrain modern technologies pvt ltd,"Delhi, Delhi/NCR, Gurgaon, Mumbai, Noida/Greater Noida",2 - 7 Years,2,7,4.5,5,5,False,senior,0,5,0,1
Web Development Internship in Ahmedabad,Maxgen Technologies,Ahmedabad,0 - 1 Years,0,1,0.5,1,1,False,junior,0,1,0,0
Full Stack Internship in Pune,Maxgen Technologies,Pune,0 - 1 Years,0,1,0.5,1,1,False,junior,0,1,0,0
Assistant General Manager  ( Logistics  &  Supply chain ),Suman kumar,"Delhi/NCR, Kolkata, Pune, Indore, Bhubaneshwar",15 - 20 Years,15,20,17.5,5,5,False,senior,0,5,0,1
Desktop Engineers Required in Canada under PR visa,World Overseas immigration Consultancy Pvt Ltd,"Australia, Canada",2 - 7 Years,2,7,4.5,5,2,True,medio,1,2,1,0
JD Edwrads Manufacturing Consultant,LTIMindtree Ltd.,"Delhi/NCR, Kolkata",4 - 9 Years,4,9,6.5,5,2,False,medio,0,2,1,0
Accounts  &  Finance Manager,Ample Leap Cognition,Gurgaon,10 - 15 Years,10,15,12.5,5,1,False,senior,0,1,0,1
Group HR Head  ( Core HR ),Ample Leap Cognition,Pune,20 - 25 Years,20,25,22.5,5,1,False,senior,0,1,0,1
System Analyst Required in Austria  ( Europe ) Under work visa,World Overseas immigration Consultancy Pvt Ltd,"Australia, Canada, Germany",3 - 8 Years,3,8,5.5,5,3,True,medio,1,3,1,0
Opportunities for Network Administrator in Canada,World Overseas immigration Consultancy Pvt Ltd,"Australia, Canada",2 - 7 Years,2,7,4.5,5,2,True,medio,1,2,1,0
Aircraft Mechanical maintenance engineer,sachin kumar,"Ahmedabad, Bengaluru / Bangalore, Chennai, Hyderabad/Secunderabad, Kolkata",0 - 3 Years,0,3,1.5,3,5,False,medio,0,5,1,0
Web Engineer  ( Frontend ),Electrobrain modern technologies pvt ltd,"Delhi, Delhi/NCR, Gurgaon, Mumbai, Faridabad",3 - 8 Years,3,8,5.5,5,5,False,medio,0,5,1,0
Want Python  interns,Sparks To Ideas,Ahmedabad,0 - 1 Years,0,1,0.5,1,1,False,junior,0,1,0,0
Java Developer Internship in Pune,Maxgen Technologies,"Pune, Jalgaon, Kolhapur, Nasik, Solapur",0 - 1 Years,0,1,0.5,1,5,False,junior,0,5,0,0
Data Analyst Internship in Pune,Maxgen Technologies,Pune,0 - 1 Years,0,1,0.5,1,1,False,junior,0,1,0,0
Python Developer,SKYWALK VISA IMMIGRATION SERVICES LLP,"Bengaluru / Bangalore, Australia, Canada, Germany, New Zealand",3 - 8 Years,3,8,5.5,5,5,True,medio,1,5,1,0
Test Automation Engineer,Electrobrain modern technologies pvt ltd,"Delhi, Delhi/NCR, Gurgaon, Noida/Greater Noida, Pune",3 - 8 Years,3,8,5.5,5,5,False,medio,0,5,1,0
JD Edwrads CNC,LTIMindtree Ltd.,"Delhi/NCR, Kolkata",4 - 9 Years,4,9,6.5,5,2,False,medio,0,2,1,0
INTERNSHIP FOR FRESHERS IN PHP,Sparks To Ideas,Ahmedabad,0 - 1 Years,0,1,0.5,1,1,False,junior,0,1,0,0
Project Manager PMP CPAM,White Horse Manpower Consultancy P Ltd,"Bengaluru / Bangalore, Chennai, Pune",12 - 17 Years,12,17,14.5,5,3,False,senior,0,3,0,1
PROFESSOR /  ASSOCIATE / ASTT. PROFESSOR - COMPUTER SCIENCE,SNJ Skye Management Consultant,Kanpur,1 - 6 Years,1,6,3.5,5,1,False,junior,0,1,0,0
OIC Developer,LTIMindtree Ltd.,"Bengaluru / Bangalore, Chennai, Delhi/NCR, Kolkata, Mumbai",3 - 8 Years,3,8,5.5,5,5,False,medio,0,5,1,0
Service Delivery Manager - J48414,SAMPOORNA CONSULTANTS PVT LTD,Bengaluru / Bangalore,18 - 23 Years,18,23,20.5,5,1,False,senior,0,1,0,1
Python Live Project Internship,Sparks To Ideas,Ahmedabad,0 - 1 Years,0,1,0.5,1,1,False,junior,0,1,0,0
Team lead  /  International Customer Service - Voice,White Horse Manpower Consultancy P Ltd,"Bengaluru / Bangalore, Chennai, Hyderabad/Secunderabad",0 - 3 Years,0,3,1.5,3,3,False,senior,0,3,0,1
"""Frontend Engineer""",KANDPAL CONSULTANT,"Bengaluru / Bangalore, Delhi, Hyderabad/Secunderabad, Pune, Chandigarh",3 - 4 Years,3,4,3.5,1,5,False,medio,0,5,1,0
"Test Automation Engineer  , Software Test Automation Engineer",SHREE ADISHAKTHI CONSULTANCY,"Bengaluru / Bangalore, Chennai, Mumbai, Pune",4 - 8 Years,4,8,6.0,4,4,False,medio,0,4,1,0
Software Developer,Medicca Limited,"Bengaluru / Bangalore, Chennai, Hyderabad/Secunderabad, Mumbai, Navi Mumbai",2 - 7 Years,2,7,4.5,5,5,False,medio,0,5,1,0
"content writer , Technical Writer , seo",Laxmi Infotech,"Gurgaon, Kolkata, Mumbai, Noida/Greater Noida, Pune",0 - 3 Years,0,3,1.5,3,5,False,medio,0,5,1,0
PHP / Wordpress Developer,Reliqus,Delhi,0 - 1 Years,0,1,0.5,1,1,False,medio,0,1,1,0
Senior Software Testers,Navyah Immigration Services Private Limited,"Dubai, Australia, Canada, Japan",2 - 5 Years,2,5,3.5,3,4,True,senior,1,4,0,1
Python Internship for freshers,Sparks To Ideas,Ahmedabad,0 - 1 Years,0,1,0.5,1,1,False,junior,0,1,0,0
"""Hardware  &  Networking Engineer""",Suresh Gopalan Acharya,Mumbai,1 - 4 Years,1,4,2.5,3,1,False,medio,0,1,1,0
Website Designer Intern,Reliqus,Delhi,0 - 1 Years,0,1,0.5,1,1,False,junior,0,1,0,0
General Ledger Accountant,Addenda Chemical India Private Limited,Gurgaon,3 - 8 Years,3,8,5.5,5,1,False,medio,0,1,1,0
"content writer , Technical Writer , seo",Laxmi Infotech,"Bengaluru / Bangalore, Chennai, Delhi, Hyderabad/Secunderabad",0 - 3 Years,0,3,1.5,3,4,False,medio,0,4,1,0
"Manual Testing with Enterprise Networking Experience ,  Bangalore",White Horse Manpower Consultancy P Ltd,Bengaluru / Bangalore,5 - 10 Years,5,10,7.5,5,1,False,medio,0,1,1,0
Project Manager  /  Delivery Manager,HR Jobs Placements,"Bengaluru / Bangalore, Chennai, Delhi/NCR, Kolkata, Mumbai",8 - 13 Years,8,13,10.5,5,5,False,senior,0,5,0,1
Database Administrator Required in Canada under PR visa,World Overseas immigration Consultancy Pvt Ltd,"Australia, Canada",2 - 7 Years,2,7,4.5,5,2,True,medio,1,2,1,0
QA Analyst II,Electrobrain modern technologies pvt ltd,"Ahmedabad, Bengaluru / Bangalore, Chennai, Mumbai",3 - 8 Years,3,8,5.5,5,4,False,medio,0,4,1,0
SAP Consultant,Aerro outsourcing pvt ltd,"Abu Dhabi, Dubai, Australia, Canada, Hong Kong",1 - 6 Years,1,6,3.5,5,5,True,medio,1,5,1,0
"Software Analyst , Programmer Analyst  ( Java )  , Ui Designer",RADKO INFOTECH,Chennai,0 - 1 Years,0,1,0.5,1,1,False,medio,0,1,1,0
JD Edwrads S & D Consultant,LTIMindtree Ltd.,"Bengaluru / Bangalore, Chennai, Hyderabad/Secunderabad, Mumbai, Pune",4 - 9 Years,4,9,6.5,5,5,False,medio,0,5,1,0
"Software Developer , Developer",Upholic Tech Private Limited,"Mumbai, Thane",1 - 3 Years,1,3,2.0,2,2,False,medio,0,2,1,0
JD Edwrads Finance Consultant,LTIMindtree Ltd.,"Bengaluru / Bangalore, Chennai, Hyderabad/Secunderabad, Mumbai, Pune",4 - 9 Years,4,9,6.5,5,5,False,medio,0,5,1,0
Python Internship in Pune,Maxgen Technologies,Pune,0 - 1 Years,0,1,0.5,1,1,False,junior,0,1,0,0
Junior Legal Associate,Cyberpolicies,"Delhi, Delhi/NCR",2 - 4 Years,2,4,3.0,2,2,False,junior,0,2,0,0
Workday Functional Consultant,LTIMindtree Ltd.,"Bengaluru / Bangalore, Kolkata, Mumbai, Noida/Greater Noida, Pune",3 - 8 Years,3,8,5.5,5,5,False,medio,0,5,1,0
Senior OCI admin,LTIMindtree Ltd.,"Bengaluru / Bangalore, Chennai, Kolkata, Mumbai, Pune",5 - 10 Years,5,10,7.5,5,5,False,senior,0,5,0,1
Qa Engineer,Electrobrain modern technologies pvt ltd,"Delhi, Delhi/NCR, Gurgaon, Noida/Greater Noida, Pune",3 - 8 Years,3,8,5.5,5,5,False,medio,0,5,1,0
PROFESSOR /  ASSOCIATE / ASSISTANT PROFESSOR -  BCA,SNJ Skye Management Consultant,Kanpur,0 - 3 Years,0,3,1.5,3,1,False,junior,0,1,0,0
JD Edwards Technical Consultant,LTIMindtree Ltd.,"Bengaluru / Bangalore, Delhi, Hyderabad/Secunderabad, Mumbai, Pune",4 - 9 Years,4,9,6.5,5,5,False,medio,0,5,1,0
IT MANAGER,HR Jobs Placements,"Hyderabad/Secunderabad, Kolkata, Mumbai, Noida/Greater Noida, Pune",7 - 12 Years,7,12,9.5,5,5,False,senior,0,5,0,1
MERN stack Developer,National Institute For Career Education,"Ahmedabad, Bengaluru / Bangalore, Chennai, Hyderabad/Secunderabad, Kolkata",0 - 3 Years,0,3,1.5,3,5,False,medio,0,5,1,0
Full Stack Internship in Pune,Maxgen Technologies,"Pune, Jalgaon, Kolhapur, Nasik, Solapur",0 - 1 Years,0,1,0.5,1,5,False,junior,0,5,0,0
"Software  Test  Engineer , Testing Engineer",SHREE ADISHAKTHI CONSULTANCY,"Bengaluru / Bangalore, Chennai, Mumbai, Pune",4 - 8 Years,4,8,6.0,4,4,False,medio,0,4,1,0
"Mis Executive , Sales Coordinator",New Global Technologies,"Ahmedabad, Delhi/NCR, Gurgaon, Kolkata, Noida/Greater Noida",0 - 3 Years,0,3,1.5,3,5,False,medio,0,5,1,0
Azure Devops Engineer,Laxmi Infotech,"Ahmedabad, Delhi, Gurgaon, Kolkata, Mumbai",3 - 8 Years,3,8,5.5,5,5,False,medio,0,5,1,0
Senior Angular Developer,White Horse Manpower Consultancy P Ltd,"Bengaluru / Bangalore, Mumbai, Pune",5 - 10 Years,5,10,7.5,5,3,False,senior,0,3,0,1
Senior .net Developer,White Horse Manpower Consultancy P Ltd,"Bengaluru / Bangalore, Mumbai, Pune",5 - 10 Years,5,10,7.5,5,3,False,senior,0,3,0,1
Senior Infrastructure Engineer,White Horse Manpower Consultancy P Ltd,"Bengaluru / Bangalore, Mumbai, Pune",2 - 7 Years,2,7,4.5,5,3,False,senior,0,3,0,1
Flash Animator  /  Multimedia graphics designer,Laxmi Infotech,"Ahmedabad, Gurgaon, Kolkata, Noida/Greater Noida",0 - 3 Years,0,3,1.5,3,4,False,medio,0,4,1,0
Senior Full Stack Developer,White Horse Manpower Consultancy P Ltd,"Bengaluru / Bangalore, Mumbai, Pune",5 - 10 Years,5,10,7.5,5,3,False,senior,0,3,0,1
Manual Test Engineer,Electrobrain modern technologies pvt ltd,"Delhi, Delhi/NCR, Gurgaon, Mumbai, Noida/Greater Noida",3 - 6 Years,3,6,4.5,3,5,False,medio,0,5,1,0
BPO AP Lead,White Horse Manpower Consultancy P Ltd,"Bengaluru / Bangalore, Mumbai, Pune",10 - 15 Years,10,15,12.5,5,3,False,senior,0,3,0,1
"Mis Executive , Sales Coordinator",New Global Technologies,"Bengaluru / Bangalore, Chennai, Hyderabad/Secunderabad, Mumbai, Pune",0 - 3 Years,0,3,1.5,3,5,False,medio,0,5,1,0
"Quality Analyst Technical Support Process ,  QA TSE",White Horse Manpower Consultancy P Ltd,Bengaluru / Bangalore,1 - 6 Years,1,6,3.5,5,1,False,medio,0,1,1,0
Business Analyst,LTIMindtree Ltd.,"Bengaluru / Bangalore, Chennai, Mumbai, Pune",1 - 2 Years,1,2,1.5,1,4,False,medio,0,4,1,0
"FrontEnd Developer , FrontEnd Engineer , FrontEnd Web Developer",PREDATORS CONSULTING,"Mumbai, Navi Mumbai",1 - 3 Years,1,3,2.0,2,2,False,medio,0,2,1,0
"Data Analyst , Database Administrator",Aerro outsourcing pvt ltd,"Abu Dhabi, Dubai, Australia, Canada, Hong Kong",1 - 6 Years,1,6,3.5,5,5,True,medio,1,5,1,0
Mechanical Engineer,Laxmi Infotech,"Bengaluru / Bangalore, Chennai, Hyderabad/Secunderabad, Mumbai, Pune",0 - 3 Years,0,3,1.5,3,5,False,medio,0,5,1,0
R2R Team Leader Or Manager,White Horse Manpower Consultancy P Ltd,Bengaluru / Bangalore,4 - 8 Years,4,8,6.0,4,1,False,senior,0,1,0,1
Technical Performance Specialist - Cloud Computing,New Global Technologies,"Bengaluru / Bangalore, Delhi, Hyderabad/Secunderabad, Mumbai, Pune",1 - 6 Years,1,6,3.5,5,5,False,medio,0,5,1,0
Jr. Software Tester,Reliqus,Delhi,0 - 1 Years,0,1,0.5,1,1,False,junior,0,1,0,0
IT infrastruture manager immediate Joining  8553281886,White Horse Manpower Consultancy P Ltd,Bengaluru / Bangalore,5 - 7 Years,5,7,6.0,2,1,False,senior,0,1,0,1
BPO Customer Care Voice Process call  Ayesha@ 9972020050,White Horse Manpower Consultancy P Ltd,Bengaluru / Bangalore,2 - 6 Years,2,6,4.0,4,1,False,medio,0,1,1,0
"B.E  , B.tech  , Diploma- engineers",New Global Technologies,"Bengaluru / Bangalore, Chennai, Hyderabad/Secunderabad, Kolkata, Mumbai",0 - 3 Years,0,3,1.5,3,5,False,medio,0,5,1,0
Dev Manager,White Horse Manpower Consultancy P Ltd,"Bengaluru / Bangalore, Mumbai, Pune",10 - 15 Years,10,15,12.5,5,3,False,senior,0,3,0,1
"SAP Consultant , Sap Basis Consultant",HR Jobs Placements,"Bengaluru / Bangalore, Chennai, Delhi/NCR, Hyderabad/Secunderabad, Mumbai",5 - 10 Years,5,10,7.5,5,5,False,medio,0,5,1,0
"Java Developer , Software Engineer , Developer",Peopleplease Consulting,Mumbai,0 - 3 Years,0,3,1.5,3,1,False,medio,0,1,1,0
Senior Software Engineer,New Global Technologies,"Visakhapatnam, Patna, Gandhinagar, Ranchi, Cochin/ Kochi/ Ernakulam",1 - 6 Years,1,6,3.5,5,5,False,senior,0,5,0,1
Network Administrator I,Laxmi Infotech,"Ahmedabad, Gurgaon, Kolkata, Noida/Greater Noida, Pune",0 - 3 Years,0,3,1.5,3,5,False,medio,0,5,1,0
Telco lead For Incident and Fault Management immediate Joining,White Horse Manpower Consultancy P Ltd,Bengaluru / Bangalore,9 - 14 Years,9,14,11.5,5,1,False,senior,0,1,0,1
Network Engineer,Laxmi Infotech,"Bengaluru / Bangalore, Chennai, Hyderabad/Secunderabad",1 - 6 Years,1,6,3.5,5,3,False,medio,0,3,1,0
ETL Developer,New Global Technologies,"Ahmedabad, Gurgaon, Kolkata, Noida/Greater Noida, Cochin/ Kochi/ Ernakulam",0 - 3 Years,0,3,1.5,3,5,False,medio,0,5,1,0
Manual Test Engineer Required in Canada Under PNP program,World Overseas immigration Consultancy Pvt Ltd,"Australia, Canada",2 - 7 Years,2,7,4.5,5,2,True,medio,1,2,1,0
General Manager,HR Jobs Placements,"Bengaluru / Bangalore, Chennai, Delhi/NCR, Hyderabad/Secunderabad, Mumbai",8 - 13 Years,8,13,10.5,5,5,False,senior,0,5,0,1
"datawarehousing  , database developer",New Global Technologies,"Bengaluru / Bangalore, Chennai, Hyderabad/Secunderabad, Mumbai, Noida/Greater Noida",0 - 3 Years,0,3,1.5,3,5,False,medio,0,5,1,0
"Technical Engineer ,  Computer Hardware Engineer ,  Support Engineer",Laxmi Infotech,"Bengaluru / Bangalore, Chennai, Hyderabad/Secunderabad, Mumbai, Pune",1 - 6 Years,1,6,3.5,5,5,False,medio,0,5,1,0
Android Developer,New Global Technologies,"Bengaluru / Bangalore, Chennai, Hyderabad/Secunderabad, Mumbai, Pune",1 - 6 Years,1,6,3.5,5,5,False,medio,0,5,1,0
"Network Engineer , System Administrator , Hardware Engineer",Laxmi Infotech,"Delhi/NCR, Mumbai, Pune",1 - 6 Years,1,6,3.5,5,3,False,medio,0,3,1,0
"Network Administrator , Network Engineer , System Engineer",AppSoft Solutions,"Bengaluru / Bangalore, Chennai, Delhi, Mumbai, Pune",0 - 3 Years,0,3,1.5,3,5,False,medio,0,5,1,0
Financial Analyst,HR Jobs Placements,"Bengaluru / Bangalore, Chennai, Delhi/NCR, Hyderabad/Secunderabad, Mumbai",2 - 7 Years,2,7,4.5,5,5,False,medio,0,5,1,0
Azure Devops Engineer,New Global Technologies,"Bengaluru / Bangalore, Chennai, Hyderabad/Secunderabad, Mumbai, Pune",1 - 6 Years,1,6,3.5,5,5,False,medio,0,5,1,0
Hardware Networking Engineer,New Global Technologies,"Bengaluru / Bangalore, Chennai, Hyderabad/Secunderabad, Mumbai, Pune",0 - 3 Years,0,3,1.5,3,5,False,medio,0,5,1,0
Technical Support Engineer,Laxmi Infotech,"Ahmedabad, Delhi, Gurgaon, Noida/Greater Noida, Pune",0 - 3 Years,0,3,1.5,3,5,False,medio,0,5,1,0
Business Analyst,White Horse Manpower Consultancy P Ltd,"Bengaluru / Bangalore, Mumbai, Pune",4 - 9 Years,4,9,6.5,5,3,False,medio,0,3,1,0
Senior Business Analyst / Data Engineer - Python  &  Cloud Computing,New Global Technologies,"Bengaluru / Bangalore, Delhi/NCR, Hyderabad/Secunderabad, Mumbai, Pune",1 - 6 Years,1,6,3.5,5,5,False,senior,0,5,0,1
"DBA , Database Administrative , Oracle Dba",AppSoft Solutions,"Bengaluru / Bangalore, Chennai, Delhi, Mumbai, Pune",0 - 3 Years,0,3,1.5,3,5,False,medio,0,5,1,0
"Associate Engineer , diploma  , be , btech",Laxmi Infotech,"Ahmedabad, Delhi, Gurgaon, Kolkata, Noida/Greater Noida",0 - 3 Years,0,3,1.5,3,5,False,junior,0,5,0,0
"""Android  /  iOS Developer""",Laxmi Infotech,"Ahmedabad, Delhi, Gurgaon, Kolkata, Noida/Greater Noida",0 - 3 Years,0,3,1.5,3,5,False,medio,0,5,1,0
"Network Engineer , System Administrator , Hardware Engineer",Laxmi Infotech,"Ahmedabad, Gurgaon, Kolkata, Noida/Greater Noida, Pune",0 - 3 Years,0,3,1.5,3,5,False,medio,0,5,1,0
Oracle Database Administrator,Laxmi Infotech,"Bengaluru / Bangalore, Hyderabad/Secunderabad, Pune",0 - 3 Years,0,3,1.5,3,3,False,medio,0,3,1,0
"L1 , l2 Support Engineer",New Global Technologies,"Ahmedabad, Gurgaon, Kolkata, Noida/Greater Noida, Pune",0 - 3 Years,0,3,1.5,3,5,False,medio,0,5,1,0
"Software Engineer , Software Developer",ASSOCIATIVE,Pune,0 - 1 Years,0,1,0.5,1,1,False,medio,0,1,1,0
Opening of Accountant  ( Mid Level )  for a Manufacturing Company,Universal Consultant and Management Services,Kolkata,2 - 7 Years,2,7,4.5,5,1,False,medio,0,1,1,0
Service Delivery- Manager,HR Jobs Placements,"Bengaluru / Bangalore, Chennai, Delhi/NCR, Hyderabad/Secunderabad, Pune",8 - 13 Years,8,13,10.5,5,5,False,senior,0,5,0,1
Automation Test Manager,HR Jobs Placements,"Bengaluru / Bangalore, Chennai, Delhi/NCR, Kolkata, Mumbai",8 - 13 Years,8,13,10.5,5,5,False,senior,0,5,0,1
Mobile Application Developer,New Global Technologies,"Ahmedabad, Bengaluru / Bangalore, Gurgaon, Kolkata, Noida/Greater Noida",0 - 3 Years,0,3,1.5,3,5,False,medio,0,5,1,0
"JAVA Applications Developer , JAVA Developer",Suresh Gopalan Acharya,Mumbai,0 - 2 Years,0,2,1.0,2,1,False,medio,0,1,1,0
Computer Operator / Data Entry Operator,Aryan technologies,"Akola, Latur, Lonavala, Thane, Vasai",0 - 3 Years,0,3,1.5,3,5,False,junior,0,5,0,0
Computer Operator / Data Entry Operator,Aryan technologies,"Bongaigaon, Dhubri, Dibrugarh, Guwahati, Jorhat",0 - 3 Years,0,3,1.5,3,5,False,junior,0,5,0,0
"Cloud Engineer , ""AWS Cloud Engineer""",AppSoft Solutions,"Bengaluru / Bangalore, Chennai, Delhi, Mumbai, Pune",0 - 3 Years,0,3,1.5,3,5,False,medio,0,5,1,0
IT Manager,HR Jobs Placements,"Hyderabad/Secunderabad, Kolkata, Mumbai, Noida/Greater Noida, Pune",14 - 18 Years,14,18,16.0,4,5,False,senior,0,5,0,1
Computer Operator / Data Entry Operator,Aryan technologies,"Panjim/Panaji, Vasco Da Gama, Gandhinagar, Surat, Vadodara",0 - 3 Years,0,3,1.5,3,5,False,junior,0,5,0,0
"L1 , l2 Support Engineer",New Global Technologies,"Bengaluru / Bangalore, Chennai, Delhi/NCR, Hyderabad/Secunderabad, Mumbai",0 - 3 Years,0,3,1.5,3,5,False,medio,0,5,1,0
Computer Operator / Data Entry Operator,Aryan technologies,"Jalgaon, Kolhapur, Nasik, Satara",0 - 3 Years,0,3,1.5,3,4,False,junior,0,4,0,0
IT / Non-IT recruiter,RANGAM INFOTECH PVT. LTD.,Vadodara,0 - 3 Years,0,3,1.5,3,1,False,medio,0,1,1,0
Embedded Software Engineer,New Global Technologies,"Bengaluru / Bangalore, Chennai, Hyderabad/Secunderabad, Mumbai, Pune",0 - 3 Years,0,3,1.5,3,5,False,medio,0,5,1,0
IT Coordinator  /  IT Technician,Hilton Hotels & Resorts,Doha,1 - 5 Years,1,5,3.0,4,1,False,medio,0,1,1,0
Configuration / Release Manager,HR Jobs Placements,"Hyderabad/Secunderabad, Kolkata, Mumbai, Noida/Greater Noida, Pune",7 - 12 Years,7,12,9.5,5,5,False,senior,0,5,0,1
Operations Manager,HR Jobs Placements,"Bengaluru / Bangalore, Chennai, Delhi, Delhi/NCR, Gurgaon",9 - 14 Years,9,14,11.5,5,5,False,senior,0,5,0,1
Computer Operator / Data Entry Operator,Aryan technologies,"Amritsar, Batala, Bathinda, Chandigarh, Faridkot",0 - 3 Years,0,3,1.5,3,5,False,junior,0,5,0,0
General Manager,HR Jobs Placements,"Ahmedabad, Bengaluru / Bangalore, Delhi/NCR, Hyderabad/Secunderabad, Pune",8 - 13 Years,8,13,10.5,5,5,False,senior,0,5,0,1
Web Designer  /  Visualiser  /  Graphic Designer,New Global Technologies,"Bengaluru / Bangalore, Delhi/NCR, Hyderabad/Secunderabad, Mumbai, Pune",0 - 3 Years,0,3,1.5,3,5,False,medio,0,5,1,0
Data Entry Jobs,Aryan technologies,"Bidar, Gulbarga, Hubli, Mangalore, Mysoru / Mysore",0 - 3 Years,0,3,1.5,3,5,False,junior,0,5,0,0
Big Data Analyst,HR Jobs Placements,"Bengaluru / Bangalore, Delhi/NCR, Hyderabad/Secunderabad, Kolkata, Mumbai",11 - 16 Years,11,16,13.5,5,5,False,medio,0,5,1,0
Program  &  Project Manager,HR Jobs Placements,"Delhi/NCR, Hyderabad/Secunderabad, Kolkata, Mumbai, Pune",5 - 10 Years,5,10,7.5,5,5,False,senior,0,5,0,1
Web Designer  /  Visualiser  /  Graphic Designer,New Global Technologies,"Ahmedabad, Chennai, Gurgaon, Kolkata, Noida/Greater Noida",0 - 3 Years,0,3,1.5,3,5,False,medio,0,5,1,0
PHP Developer,New Global Technologies,"Bengaluru / Bangalore, Chennai, Hyderabad/Secunderabad, Mumbai, Pune",0 - 3 Years,0,3,1.5,3,5,False,medio,0,5,1,0
Design Engineer I,Laxmi Infotech,"Bengaluru / Bangalore, Chennai, Hyderabad/Secunderabad, Mumbai, Pune",0 - 3 Years,0,3,1.5,3,5,False,medio,0,5,1,0
Network Engineer / system admin,New Global Technologies,"Bengaluru / Bangalore, Chennai, Delhi/NCR, Hyderabad/Secunderabad, Mumbai",0 - 3 Years,0,3,1.5,3,5,False,medio,0,5,1,0
Senior Business Analyst / Data Engineer - Python  &  Cloud Computing,New Global Technologies,"Ahmedabad, Chennai, Gurgaon, Kolkata, Noida/Greater Noida",0 - 3 Years,0,3,1.5,3,5,False,senior,0,5,0,1
c ++ / Php / Ajax Developer,Laxmi Infotech,"Bengaluru / Bangalore, Chennai, Hyderabad/Secunderabad, Mumbai, Pune",0 - 3 Years,0,3,1.5,3,5,False,medio,0,5,1,0
Computer Operator / Data Entry Operator,Aryan technologies,"Indore, Jabalpur, Katni, Ratlam, Ujjain",0 - 3 Years,0,3,1.5,3,5,False,junior,0,5,0,0
Network Engineer,HR Jobs Placements,"Bengaluru / Bangalore, Chennai, Delhi/NCR, Hyderabad/Secunderabad, Mumbai",2 - 7 Years,2,7,4.5,5,5,False,medio,0,5,1,0
Project Manager,HR Jobs Placements,"Ahmedabad, Bengaluru / Bangalore, Chennai, Delhi/NCR, Pune",8 - 13 Years,8,13,10.5,5,5,False,senior,0,5,0,1
Senior Data Scientist - Machine Learning,HR Jobs Placements,"Hyderabad/Secunderabad, Kolkata, Mumbai, Noida/Greater Noida, Pune",5 - 10 Years,5,10,7.5,5,5,False,senior,0,5,0,1
Web Applications Developer,Laxmi Infotech,"Bengaluru / Bangalore, Chennai, Hyderabad/Secunderabad, Mumbai, Pune",0 - 3 Years,0,3,1.5,3,5,False,medio,0,5,1,0
Data Analyst,AppSoft Solutions,"Bengaluru / Bangalore, Chennai, Delhi, Mumbai, Pune",0 - 3 Years,0,3,1.5,3,5,False,medio,0,5,1,0
QA Engineer  / software testing,New Global Technologies,"Ahmedabad, Delhi/NCR, Gurgaon, Kolkata, Noida/Greater Noida",0 - 3 Years,0,3,1.5,3,5,False,medio,0,5,1,0
Software Developer,New Global Technologies,"Chandigarh, Patna, Cochin/ Kochi/ Ernakulam, Jaipur, Coimbatore",0 - 3 Years,0,3,1.5,3,5,False,medio,0,5,1,0
IT Recruiter,Tekshapers Software Solutions  ( P )  Limited,Noida/Greater Noida,0 - 3 Years,0,3,1.5,3,1,False,medio,0,1,1,0
IT Recruiter,INFINITY GROUP,"Delhi, Delhi/NCR",2 - 3 Years,2,3,2.5,1,2,False,medio,0,2,1,0
IT / Non-IT Recruiter and Sr. IT / Non-IT Recruiter,ProAssert,"Chennai, Coimbatore, Trichy, Bengaluru / Bangalore",0 - 3 Years,0,3,1.5,3,4,False,senior,0,4,0,1
IT Recruiter,SEVEN CONSULTANCY,Hyderabad/Secunderabad,0 - 3 Years,0,3,1.5,3,1,False,medio,0,1,1,0
IT Manager,Hilton Hotels & Resorts,Philippines,5 - 8 Years,5,8,6.5,3,1,False,senior,0,1,0,1
Executive- IT,Malabar Gold and Diamonds,Calicut/ Kozhikode,3 - 4 Years,3,4,3.5,1,1,False,medio,0,1,1,0
IT Support,eye mantra,"Delhi, Delhi/NCR",0 - 3 Years,0,3,1.5,3,2,False,medio,0,2,1,0
IT Administrator,SyMetric,Bengaluru / Bangalore,2 - 3 Years,2,3,2.5,1,1,False,medio,0,1,1,0
Casino - IT,Marriott International Inc,Cairo,1 - 4 Years,1,4,2.5,3,1,False,medio,0,1,1,0
IT Manager,Power plus cables Co,Fujairah,7 - 10 Years,7,10,8.5,3,1,False,senior,0,1,0,1
IT Analyst,Textron India Pvt Ltd,Bengaluru / Bangalore,3 - 5 Years,3,5,4.0,2,1,False,medio,0,1,1,0
IT Recruiter,Amicus Technology,"Pune, Raipur",2 - 5 Years,2,5,3.5,3,2,False,medio,0,2,1,0
IT EXECUTIVE,Divya Placement Consultant,Faridabad,1 - 2 Years,1,2,1.5,1,1,False,medio,0,1,1,0
IT EXECUTIVE,infoicon technologies pvt ltd.,Gurgaon,0 - 1 Years,0,1,0.5,1,1,False,medio,0,1,1,0
IT Specialist,HUSYS CONSULTING LTD,Bengaluru / Bangalore,5 - 8 Years,5,8,6.5,3,1,False,medio,0,1,1,0
IT Onsite,DXC Technologies,China,2 - 5 Years,2,5,3.5,3,1,False,medio,0,1,1,0
IT support,SEVEN CONSULTANCY,"Delhi, Delhi/NCR",0 - 1 Years,0,1,0.5,1,2,False,medio,0,2,1,0
IT Executive,SEVEN CONSULTANCY,"Navi Mumbai, Mumbai, Thane",1 - 3 Years,1,3,2.0,2,3,False,medio,0,3,1,0
IT Manager,SEVEN CONSULTANCY,Mumbai,0 - 3 Years,0,3,1.5,3,1,False,senior,0,1,0,1
IT Support,SEVEN CONSULTANCY,"Delhi, Delhi/NCR",1 - 4 Years,1,4,2.5,3,2,False,medio,0,2,1,0
IT manager,SEVEN CONSULTANCY,Dehradun,0 - 3 Years,0,3,1.5,3,1,False,senior,0,1,0,1
IT manager,SEVEN CONSULTANCY,Siliguri,0 - 3 Years,0,3,1.5,3,1,False,senior,0,1,0,1
IT Support,SEVEN CONSULTANCY,"Bilaspur, Bilaspur",1 - 2 Years,1,2,1.5,1,2,False,medio,0,2,1,0
IT Executive,SEVEN CONSULTANCY,"Delhi, Delhi/NCR",2 - 5 Years,2,5,3.5,3,2,False,medio,0,2,1,0
IT Administrator,CONNECTING 2 WORK,Bengaluru / Bangalore,2 - 5 Years,2,5,3.5,3,1,False,medio,0,1,1,0
IT Automation,Stockholdings,"Navi Mumbai, Mumbai",10 - 13 Years,10,13,11.5,3,2,False,medio,0,2,1,0
IT Helpdesk,INSIGHT BUSINESS MACHINES PVT LTD,Mumbai,1 - 3 Years,1,3,2.0,2,1,False,medio,0,1,1,0
IT Admin,Dxcorr Design,Bengaluru / Bangalore,3 - 6 Years,3,6,4.5,3,1,False,medio,0,1,1,0
IT Head,2Soft Solutions Pvt. Ltd.,Mumbai,8 - 11 Years,8,11,9.5,3,1,False,senior,0,1,0,1
Executive IT,Elite Wealth Advisors Limited,Delhi,0 - 3 Years,0,3,1.5,3,1,False,medio,0,1,1,0
IT Networking,Z Square Mall,Kanpur,1 - 4 Years,1,4,2.5,3,1,False,medio,0,1,1,0
IT Head,TransGraph Consulting Pvt.Ltd.,Hyderabad/Secunderabad,12 - 15 Years,12,15,13.5,3,1,False,senior,0,1,0,1
IT Executive,megri soft limited,Chandigarh,1 - 4 Years,1,4,2.5,3,1,False,medio,0,1,1,0
IT Assistant,city montessori school lucknow,Lucknow,0 - 3 Years,0,3,1.5,3,1,False,medio,0,1,1,0
IT Executive,ace softex pvt. ltd.,Rajkot,2 - 4 Years,2,4,3.0,2,1,False,medio,0,1,1,0
IT PROFESSIONAL,CONNECTING 2 WORK,Thiruvananthapuram,2 - 5 Years,2,5,3.5,3,1,False,medio,0,1,1,0
IT Professional,CONNECTING 2 WORK,Unknown,0 - 3 Years,0,3,1.5,3,1,False,medio,0,1,1,0
IT Specialist,lear corporation  ( onward technology pay role ),Unknown,1 - 5 Years,1,5,3.0,4,1,False,medio,0,1,1,0
Managementkonsult IT,CGI Information Systems and Management Consultants Pvt Ltd,Sweden,5 - 7 Years,5,7,6.0,2,1,False,medio,0,1,1,0
Director IT,highrise solutions llp,Pune,1 - 2 Years,1,2,1.5,1,1,False,senior,0,1,0,1
IT Engineer,BHTC India Pvt Ltd,Pune,0 - 3 Years,0,3,1.5,3,1,False,medio,0,1,1,0
IT Executive,you broadband & cable india pvt. ltd.,Surat,1 - 4 Years,1,4,2.5,3,1,False,medio,0,1,1,0
IT Recruiter,NCPL,Noida/Greater Noida,0 - 2 Years,0,2,1.0,2,1,False,medio,0,1,1,0
IT Recruiter,amicus technologies pvt ltd,"Pune, Raipur",2 - 5 Years,2,5,3.5,3,2,False,medio,0,2,1,0
IT Faculty,TandA HR Solutions,"Chamba, Una",2 - 3 Years,2,3,2.5,1,2,False,medio,0,2,1,0
IT Teacher,TandA HR Solutions,"Mumbai, Chamba, Mohali, Una",2 - 3 Years,2,3,2.5,1,4,False,medio,0,4,1,0
IT Teacher,TandA HR Solutions,"Chamba, Mohali, Una",2 - 3 Years,2,3,2.5,1,3,False,medio,0,3,1,0
IT Administrator,SEVEN CONSULTANCY,"Navi Mumbai, Mumbai",2 - 4 Years,2,4,3.0,2,2,False,medio,0,2,1,0
IT Admin,SEVEN CONSULTANCY,Ahmedabad,2 - 3 Years,2,3,2.5,1,1,False,medio,0,1,1,0
IT Admin,SEVEN CONSULTANCY,"Navi Mumbai, Mumbai",0 - 3 Years,0,3,1.5,3,2,False,medio,0,2,1,0
IT executive,SEVEN CONSULTANCY,Mumbai,1 - 2 Years,1,2,1.5,1,1,False,medio,0,1,1,0
Lead - IT,Bajaj Finserv Lending Ltd,Pune,6 - 8 Years,6,8,7.0,2,1,False,senior,0,1,0,1
: IT Director,highrise solutions llp,Pune,1 - 4 Years,1,4,2.5,3,1,False,senior,0,1,0,1
IT Engineer,Larsen & Toubro Infotech Ltd,Vadodara,5 - 7 Years,5,7,6.0,2,1,False,medio,0,1,1,0
IT Student,danfoss india innovation center,Mexico,0 - 1 Years,0,1,0.5,1,1,False,medio,0,1,1,0
IT Coordinator,Hilton Hotels & Resorts,Italy,1 - 3 Years,1,3,2.0,2,1,False,medio,0,1,1,0
IT Supervisor,Hilton Hotels & Resorts,Unknown,5 - 7 Years,5,7,6.0,2,1,False,medio,0,1,1,0
Lead - IT,Bajaj Finserv Lending Ltd,Pune,5 - 7 Years,5,7,6.0,2,1,False,senior,0,1,0,1
Lead - IT,Bajaj Finserv Lending Ltd,Pune,6 - 9 Years,6,9,7.5,3,1,False,senior,0,1,0,1
IT Specialist,IBM India Pvt Ltd,Bengaluru / Bangalore,2 - 5 Years,2,5,3.5,3,1,False,medio,0,1,1,0
Head of IT,Incuspaze,Gurgaon,3 - 6 Years,3,6,4.5,3,1,False,senior,0,1,0,1
Mainframe Analyst,HR Jobs Placements,"Ahmedabad, Bengaluru / Bangalore, Chennai, Delhi/NCR, Hyderabad/Secunderabad",9 - 14 Years,9,14,11.5,5,5,False,medio,0,5,1,0
IT Recruiter /  NON IT Recruiter,2Soft Solutions Pvt. Ltd.,"Mumbai, Pune",0 - 6 Years,0,6,3.0,6,2,False,medio,0,2,1,0
IT Executive  /  Sr. IT Executive,ACTIVE INDIA EMPLOYMENT SERVICES PRIVATE LIMITED,Gandhidham,3 - 6 Years,3,6,4.5,3,1,False,senior,0,1,0,1
"IT Logistics Manager ,  IT Services",AMAZON INDIA PVT LTD,"Chennai, Mumbai, Bengaluru / Bangalore, Pune, Hyderabad/Secunderabad",5 - 7 Years,5,7,6.0,2,5,False,senior,0,5,0,1
Lead - IT / Senior Lead - IT,Bajaj Finserv Lending Ltd,Pune,5 - 8 Years,5,8,6.5,3,1,False,senior,0,1,0,1
Lead - IT / Senior Lead - IT,Bajaj Finserv Lending Ltd,Pune,5 - 10 Years,5,10,7.5,5,1,False,senior,0,1,0,1
Test Manager,HR Jobs Placements,"Bengaluru / Bangalore, Chennai, Delhi/NCR, Kolkata, Mumbai",8 - 13 Years,8,13,10.5,5,5,False,senior,0,5,0,1
Senior Data Scientist - Machine Learning,HR Jobs Placements,"Ahmedabad, Bengaluru / Bangalore, Chennai, Delhi, Gurgaon",5 - 10 Years,5,10,7.5,5,5,False,senior,0,5,0,1
Configuration / Release Manager,HR Jobs Placements,"Ahmedabad, Bengaluru / Bangalore, Chennai, Delhi, Gurgaon",11 - 16 Years,11,16,13.5,5,5,False,senior,0,5,0,1
Telecom Software Engineer,HR Jobs Placements,"Ahmedabad, Bengaluru / Bangalore, Chennai, Delhi/NCR, Hyderabad/Secunderabad",2 - 7 Years,2,7,4.5,5,5,False,medio,0,5,1,0
Software Developer,Laxmi Infotech,"Mumbai, Pune",1 - 6 Years,1,6,3.5,5,2,False,medio,0,2,1,0
"Web Designing , Web Designer , Graphics Designer",AppSoft Solutions,"Bengaluru / Bangalore, Chennai, Delhi, Mumbai, Pune",0 - 3 Years,0,3,1.5,3,5,False,medio,0,5,1,0
IT Head,HR Jobs Placements,"Ahmedabad, Bengaluru / Bangalore, Chennai, Delhi, Gurgaon",12 - 17 Years,12,17,14.5,5,5,False,senior,0,5,0,1
Java Project Manager,HR Jobs Placements,"Ahmedabad, Bengaluru / Bangalore, Chennai, Delhi, Gurgaon",10 - 15 Years,10,15,12.5,5,5,False,senior,0,5,0,1
Telecom Software Engineer,HR Jobs Placements,"Kolkata, Mumbai, Pune, Mysoru / Mysore, Coimbatore",2 - 7 Years,2,7,4.5,5,5,False,medio,0,5,1,0
"Be B Tech Fresher , Associate Engineer",Laxmi Infotech,"Bengaluru / Bangalore, Chennai, Hyderabad/Secunderabad, Mumbai, Pune",0 - 3 Years,0,3,1.5,3,5,False,junior,0,5,0,0
Fullstack Developer,New Global Technologies,"Bengaluru / Bangalore, Chennai, Hyderabad/Secunderabad, Mumbai, Pune",1 - 6 Years,1,6,3.5,5,5,False,medio,0,5,1,0
Java Project Manager,HR Jobs Placements,"Hyderabad/Secunderabad, Kolkata, Mumbai, Noida/Greater Noida, Pune",10 - 15 Years,10,15,12.5,5,5,False,senior,0,5,0,1
FINANCE MANAGER FOR AUSTRALIA  &  CANADA,LIMA FLY PRIVATE LIMITED,"Australia, Canada",9 - 13 Years,9,13,11.0,4,2,True,senior,1,2,0,1
"Senior Application Programmer , application programming",HR Jobs Placements,"Hyderabad/Secunderabad, Kolkata, Mumbai, Noida/Greater Noida, Pune",5 - 10 Years,5,10,7.5,5,5,False,senior,0,5,0,1
Asset Management Executive,Team Computers Pvt Ltd,"Mumbai, Delhi, Chennai, Delhi/NCR",2 - 5 Years,2,5,3.5,3,4,False,medio,0,4,1,0
IT Head,HR Jobs Placements,"Hyderabad/Secunderabad, Kolkata, Mumbai, Noida/Greater Noida, Pune",12 - 17 Years,12,17,14.5,5,5,False,senior,0,5,0,1
"""Java Full stack developer""",HR Jobs Placements,"Bengaluru / Bangalore, Delhi/NCR, Hyderabad/Secunderabad, Kolkata, Mumbai",3 - 8 Years,3,8,5.5,5,5,False,medio,0,5,1,0
"IT Recruiter /  NON IT Recruiter ,  Mumbai",2Soft Solutions Pvt. Ltd.,"Mumbai, Pune",0 - 6 Years,0,6,3.0,6,2,False,medio,0,2,1,0
"ITS Support Associate II ,  IT Services",AMAZON INDIA PVT LTD,Panchkula,1 - 3 Years,1,3,2.0,2,1,False,junior,0,1,0,0
"IT Support Engineer I ,  IT Services",AMAZON INDIA PVT LTD,Panchkula,2 - 4 Years,2,4,3.0,2,1,False,medio,0,1,1,0
"Enterprise Account Mgr ,  IT  /  ITeS ,  ITS India",AMAZON INDIA PVT LTD,Mumbai,5 - 10 Years,5,10,7.5,5,1,False,senior,0,1,0,1
US IT Recruiter  ( US IT Staffing ),Advaya Infotech Pvt Ltd,Noida/Greater Noida,1 - 3 Years,1,3,2.0,2,1,False,medio,0,1,1,0
"IT Manager II ,  OPSTech IT -Service Desk",AMAZON INDIA PVT LTD,Bengaluru / Bangalore,5 - 7 Years,5,7,6.0,2,1,False,senior,0,1,0,1
"Sr. IT Vendor Manager  ,  IT Services",AMAZON INDIA PVT LTD,Bengaluru / Bangalore,5 - 7 Years,5,7,6.0,2,1,False,senior,0,1,0,1
IT Consultant  /  IT Administrator  ( m / f / d ),Nagarro India Pvt Ltd,"Germany, Switzerland, France",3 - 7 Years,3,7,5.0,4,3,True,medio,1,3,1,0
Hiring for IT Support for an IT Company for Mohali Location.,TandA HR Solutions,Mohali,1 - 3 Years,1,3,2.0,2,1,False,medio,0,1,1,0
"ITS Logistics Coordinator  ( WH )  ,  IT Services India",AMAZON INDIA PVT LTD,Hyderabad/Secunderabad,3 - 5 Years,3,5,4.0,2,1,False,medio,0,1,1,0
"IT Support Associate II ,  IT Services Variable",AMAZON INDIA PVT LTD,Bengaluru / Bangalore,2 - 3 Years,2,3,2.5,1,1,False,junior,0,1,0,0
QA Testing Engineer,Laxmi Infotech,"Bengaluru / Bangalore, Chennai, Hyderabad/Secunderabad",0 - 3 Years,0,3,1.5,3,3,False,medio,0,3,1,0
IT Security Executive,torcai digital media private limited,Dehradun,0 - 3 Years,0,3,1.5,3,1,False,medio,0,1,1,0
"Manager  /  Senior Manager- IT , Manager It",HR Jobs Placements,"Ahmedabad, Bengaluru / Bangalore, Chennai, Delhi, Gurgaon",8 - 13 Years,8,13,10.5,5,5,False,senior,0,5,0,1
Inside Sales,eDominer Systems,"Kolkata, Bengaluru / Bangalore",0 - 3 Years,0,3,1.5,3,2,False,medio,0,2,1,0
IT Software Sales,SEVEN CONSULTANCY,Noida/Greater Noida,2 - 5 Years,2,5,3.5,3,1,False,medio,0,1,1,0
Project Manager SAP,HR Jobs Placements,"Ahmedabad, Bengaluru / Bangalore, Chennai, Delhi, Gurgaon",10 - 15 Years,10,15,12.5,5,5,False,senior,0,5,0,1
US IT Recruiter,pegasus knowledge solutions india pvt ltd.,Bengaluru / Bangalore,4 - 10 Years,4,10,7.0,6,1,False,medio,0,1,1,0
IT Help Desk Resources,FINITE HR CONSUTING PVT LTD,Hyderabad/Secunderabad,1 - 2 Years,1,2,1.5,1,1,False,medio,0,1,1,0
IT Sales Manager,OM SOFTWARES,Bengaluru / Bangalore,5 - 8 Years,5,8,6.5,3,1,False,senior,0,1,0,1
IT Recruiter For Recruitment Agency,AugmatrixGo,Mumbai,4 - 8 Years,4,8,6.0,4,1,False,medio,0,1,1,0
Jobs for IT Recruiter,SEVEN CONSULTANCY,"Navi Mumbai, Mumbai, Thane",3 - 4 Years,3,4,3.5,1,3,False,medio,0,3,1,0
Jobs for IT recruiter,SEVEN CONSULTANCY,"Navi Mumbai, Mumbai",0 - 3 Years,0,3,1.5,3,2,False,medio,0,2,1,0
US IT Recruiter,Flair soft group,Bhopal,0 - 3 Years,0,3,1.5,3,1,False,medio,0,1,1,0
IT Security Analyst,itronix solutions,Jalandhar,0 - 3 Years,0,3,1.5,3,1,False,medio,0,1,1,0
US IT Recruiter,TandA HR Solutions,Hyderabad/Secunderabad,2 - 5 Years,2,5,3.5,3,1,False,medio,0,1,1,0
Assistant  /  Executive  IT,TandA HR Solutions,Mohali,3 - 6 Years,3,6,4.5,3,1,False,medio,0,1,1,0
Specjalista ds. IT,lear corporation  ( onward technology pay role ),Unknown,2 - 5 Years,2,5,3.5,3,1,False,medio,0,1,1,0
IT Security Operations Engineer,Vtiger,Bengaluru / Bangalore,0 - 3 Years,0,3,1.5,3,1,False,medio,0,1,1,0
IT Support Engineer,Quality HR Services,Mumbai,0 - 1 Years,0,1,0.5,1,1,False,medio,0,1,1,0
It Security Specialist,CGI Information Systems and Management Consultants Pvt Ltd,Unknown,3 - 5 Years,3,5,4.0,2,1,False,medio,0,1,1,0
Sr. IT Security Engineer,gigamon,Chennai,1 - 4 Years,1,4,2.5,3,1,False,senior,0,1,0,1
Associate manager - IT,UrbanClap,"Singapore, Dubai, Gurgaon",8 - 10 Years,8,10,9.0,2,3,True,senior,1,3,0,1
IT Security Specialist,CGI Information Systems and Management Consultants Pvt Ltd,Unknown,3 - 5 Years,3,5,4.0,2,1,False,medio,0,1,1,0
Sr. Executive - IT Security,Quality HR Services,Surat,3 - 5 Years,3,5,4.0,2,1,False,senior,0,1,0,1
"US IT Recruiter ,  Bangalore",2Soft Solutions Pvt. Ltd.,Bengaluru / Bangalore,2 - 4 Years,2,4,3.0,2,1,False,medio,0,1,1,0
Recruitment Delivery Manager  ( IT ),highrise solutions llp,Pune,5 - 7 Years,5,7,6.0,2,1,False,senior,0,1,0,1
Senior IT Infrastructure Specialist,netradyne,Bengaluru / Bangalore,5 - 8 Years,5,8,6.5,3,1,False,senior,0,1,0,1
US IT Recruiter,OM SOFTWARES,Pune,3 - 6 Years,3,6,4.5,3,1,False,medio,0,1,1,0
IT Security analyst,SEVEN CONSULTANCY,Ahmedabad,8 - 11 Years,8,11,9.5,3,1,False,medio,0,1,1,0
IT Audit Consultant,ITCAN Pte Ltd,Singapore,2 - 5 Years,2,5,3.5,3,1,True,medio,1,1,1,0
Manager-IT Appilcation Development,Malabar Gold and Diamonds,Calicut/ Kozhikode,7 - 10 Years,7,10,8.5,3,1,False,senior,0,1,0,1
IT Software Support Engineer,Docsvault,Vadodara,2 - 5 Years,2,5,3.5,3,1,False,medio,0,1,1,0
Territory Manager  (  IT Sales ),Compuage Infocom Ltd,"Kolhapur, Ahmedabad, Indore, Bengaluru / Bangalore, Jodhpur",2 - 3 Years,2,3,2.5,1,5,False,senior,0,5,0,1
IT PROJECT MANAGER,Trust Tech Solutions,Cochin/ Kochi/ Ernakulam,4 - 5 Years,4,5,4.5,1,1,False,senior,0,1,0,1
US IT Recruiter,Tekshapers Software Solutions  ( P )  Limited,Unknown,1 - 3 Years,1,3,2.0,2,1,False,medio,0,1,1,0
Apple IT Evangelist,ProMobi Technologies,Pune,2 - 6 Years,2,6,4.0,4,1,False,medio,0,1,1,0
Cluster IT Manager,Marriott International Inc,Mumbai,3 - 5 Years,3,5,4.0,2,1,False,senior,0,1,0,1
Assistant Manager - IT,Marriott International Inc,Jaipur,2 - 4 Years,2,4,3.0,2,1,False,senior,0,1,0,1
IT Service Management Representative,accenture,Gurgaon,8 - 9 Years,8,9,8.5,1,1,False,medio,0,1,1,0
IT /  Linux Admin,PROPELLUM INFOTECH PRIVATE LIMITED,Mumbai,3 - 5 Years,3,5,4.0,2,1,False,medio,0,1,1,0
Sales and Marketing Manager for IT,Whiz Solutions  ( UK ),Ahmedabad,4 - 5 Years,4,5,4.5,1,1,False,senior,0,1,0,1
Senior IT Analyst,Textron India Pvt Ltd,Bengaluru / Bangalore,5 - 7 Years,5,7,6.0,2,1,False,senior,0,1,0,1
IT Service Delivery Specialist,Team Computers Pvt Ltd,"Mumbai, Delhi, Delhi/NCR",3 - 5 Years,3,5,4.0,2,3,False,medio,0,3,1,0
IT Infrastructure Project Manager,Team Computers Pvt Ltd,Mumbai,6 - 12 Years,6,12,9.0,6,1,False,senior,0,1,0,1
IT Support Specialist II,bentley systems pvt ltd,Unknown,4 - 7 Years,4,7,5.5,3,1,False,medio,0,1,1,0
IT Sales Manager,LAKSH HUMAN RESOURCE,"Delhi, Delhi/NCR",3 - 5 Years,3,5,4.0,2,2,False,senior,0,2,0,1
Manager  Sales IT,LAKSH HUMAN RESOURCE,Mumbai,10 - 12 Years,10,12,11.0,2,1,False,senior,0,1,0,1
IT Business Analyst,KnowledgeHut,Bengaluru / Bangalore,0 - 3 Years,0,3,1.5,3,1,False,medio,0,1,1,0
Project Manager  ( IT ),Inexoft Technologies Pvt. Ltd.,Kannur,5 - 8 Years,5,8,6.5,3,1,False,senior,0,1,0,1
Executive IT  ( Oracle Developer ),Gati Ltd,Hyderabad/Secunderabad,2 - 5 Years,2,5,3.5,3,1,False,medio,0,1,1,0
IT Business Consultant,Exioms,Pune,0 - 3 Years,0,3,1.5,3,1,False,medio,0,1,1,0
IT Product Sales,Eternus Solutions,Pune,0 - 3 Years,0,3,1.5,3,1,False,medio,0,1,1,0
IT International Sales,Eternus Solutions,Pune,0 - 3 Years,0,3,1.5,3,1,False,junior,0,1,0,0
IT Project Coordinator,BizBrolly,Noida/Greater Noida,1 - 4 Years,1,4,2.5,3,1,False,medio,0,1,1,0
IT Support Executive,Asergis,China,2 - 5 Years,2,5,3.5,3,1,False,medio,0,1,1,0
CS / IT Faculty,Amity University,Noida/Greater Noida,10 - 13 Years,10,13,11.5,3,1,False,medio,0,1,1,0
IT Project Manager,zones corporate solutions,Portland,5 - 8 Years,5,8,6.5,3,1,False,senior,0,1,0,1
IT Service Management Representative,accenture,Bengaluru / Bangalore,0 - 2 Years,0,2,1.0,2,1,False,medio,0,1,1,0
Systems Analyst 2-IT,ORACLE,Bengaluru / Bangalore,3 - 5 Years,3,5,4.0,2,1,False,medio,0,1,1,0
Deputy National Lead - IT,Bajaj Finserv Lending Ltd,Pune,6 - 8 Years,6,8,7.0,2,1,False,senior,0,1,0,1
Systems Analyst 3-IT,ORACLE,Bengaluru / Bangalore,6 - 10 Years,6,10,8.0,4,1,False,medio,0,1,1,0
IT Senior Consultant,ORACLE,"Bengaluru / Bangalore, Hyderabad/Secunderabad",3 - 5 Years,3,5,4.0,2,2,False,senior,0,2,0,1
Programmer Analyst 5-IT,ORACLE,Bengaluru / Bangalore,6 - 10 Years,6,10,8.0,4,1,False,medio,0,1,1,0
Systems Analyst 2-IT,ORACLE,Bengaluru / Bangalore,3 - 6 Years,3,6,4.5,3,1,False,medio,0,1,1,0
Systems Analyst 3-IT,ORACLE,Bengaluru / Bangalore,5 - 7 Years,5,7,6.0,2,1,False,medio,0,1,1,0
Systems Analyst 2-IT,ORACLE,Bengaluru / Bangalore,6 - 10 Years,6,10,8.0,4,1,False,medio,0,1,1,0
IT Service Management Representative,accenture,Coimbatore,3 - 6 Years,3,6,4.5,3,1,False,medio,0,1,1,0
IT Customer Service Representative,accenture,Kolkata,5 - 8 Years,5,8,6.5,3,1,False,medio,0,1,1,0
IT Service Management Representative,accenture,Gurgaon,0 - 2 Years,0,2,1.0,2,1,False,medio,0,1,1,0
IT Service Management Representative,accenture,Hyderabad/Secunderabad,1 - 4 Years,1,4,2.5,3,1,False,medio,0,1,1,0
IT Support Associate II,AMAZON INDIA PVT LTD,Mumbai,1 - 3 Years,1,3,2.0,2,1,False,junior,0,1,0,0
IT Service Management Representative,accenture,Bengaluru / Bangalore,7 - 9 Years,7,9,8.0,2,1,False,medio,0,1,1,0
IT Customer Service Representative,accenture,Pune,2 - 5 Years,2,5,3.5,3,1,False,medio,0,1,1,0
IT Customer Service Representative,accenture,Pune,3 - 5 Years,3,5,4.0,2,1,False,medio,0,1,1,0
IT Service Management Representative,accenture,"Mumbai, Indore",5 - 8 Years,5,8,6.5,3,2,False,medio,0,2,1,0
IT Service Management Representative,accenture,"Gurgaon, Indore",0 - 2 Years,0,2,1.0,2,2,False,medio,0,2,1,0
IT Service Management Representative,accenture,"Kolkata, Gurgaon",0 - 2 Years,0,2,1.0,2,2,False,medio,0,2,1,0
IT Service Management Representative,accenture,Noida/Greater Noida,2 - 5 Years,2,5,3.5,3,1,False,medio,0,1,1,0
IT Customer Service Representative,accenture,"Noida/Greater Noida, Gurgaon",3 - 6 Years,3,6,4.5,3,2,False,medio,0,2,1,0
IT Service Management Representative,accenture,Bengaluru / Bangalore,1 - 4 Years,1,4,2.5,3,1,False,medio,0,1,1,0
IT Service Management Representative,accenture,Jaipur,3 - 6 Years,3,6,4.5,3,1,False,medio,0,1,1,0
IT Service Management Representative,accenture,Indore,3 - 6 Years,3,6,4.5,3,1,False,medio,0,1,1,0
IT Service Management Representative,accenture,Bengaluru / Bangalore,5 - 8 Years,5,8,6.5,3,1,False,medio,0,1,1,0
IT Service Management Representative,accenture,"Bengaluru / Bangalore, Jaipur",7 - 10 Years,7,10,8.5,3,2,False,medio,0,2,1,0
IT Service Management Representative,accenture,Pune,7 - 10 Years,7,10,8.5,3,1,False,medio,0,1,1,0
Cluster IT Manager,Marriott International Inc,Mumbai,2 - 3 Years,2,3,2.5,1,1,False,senior,0,1,0,1
IT - Application Developer,Larsen & Toubro Infotech Ltd,Surat,1 - 3 Years,1,3,2.0,2,1,False,medio,0,1,1,0
IT Service Management Representative,accenture,Gurgaon,5 - 7 Years,5,7,6.0,2,1,False,medio,0,1,1,0
IT Service Management Representative,accenture,Bengaluru / Bangalore,3 - 6 Years,3,6,4.5,3,1,False,medio,0,1,1,0
IT Service Management Representative,accenture,Kolkata,3 - 6 Years,3,6,4.5,3,1,False,medio,0,1,1,0
IT Service Management Representative,accenture,Mumbai,2 - 5 Years,2,5,3.5,3,1,False,medio,0,1,1,0
IT Customer Service Representative,accenture,Bengaluru / Bangalore,7 - 10 Years,7,10,8.5,3,1,False,medio,0,1,1,0
IT Service Management Representative,accenture,Bengaluru / Bangalore,2 - 5 Years,2,5,3.5,3,1,False,medio,0,1,1,0
IT Service Management Representative,accenture,Gurgaon,2 - 5 Years,2,5,3.5,3,1,False,medio,0,1,1,0
IT Service Management Representative,accenture,Bengaluru / Bangalore,7 - 10 Years,7,10,8.5,3,1,False,medio,0,1,1,0
IT Service Management Representative,accenture,Gurgaon,3 - 6 Years,3,6,4.5,3,1,False,medio,0,1,1,0
IT Service Management Representative,accenture,Pune,7 - 9 Years,7,9,8.0,2,1,False,medio,0,1,1,0
IT Service Management Representative,accenture,"Bengaluru / Bangalore, Indore",5 - 8 Years,5,8,6.5,3,2,False,medio,0,2,1,0
IT Service Management Representative,accenture,"Bengaluru / Bangalore, Jaipur",5 - 8 Years,5,8,6.5,3,2,False,medio,0,2,1,0
IT Customer Service Representative,accenture,Bengaluru / Bangalore,3 - 6 Years,3,6,4.5,3,1,False,medio,0,1,1,0
IT Service Management Representative,accenture,Indore,2 - 5 Years,2,5,3.5,3,1,False,medio,0,1,1,0
Cluster IT Supervisor,Marriott International Inc,South Korea,2 - 5 Years,2,5,3.5,3,1,False,medio,0,1,1,0
Lab IT and Hardware student,Intel Technology India Pvt Ltd,Israel,0 - 1 Years,0,1,0.5,1,1,False,medio,0,1,1,0
IT Service Management Representative,accenture,"Gurgaon, Indore",7 - 10 Years,7,10,8.5,3,2,False,medio,0,2,1,0
IT Service Management Representative,accenture,"Bengaluru / Bangalore, Indore",7 - 10 Years,7,10,8.5,3,2,False,medio,0,2,1,0
IT Service Management Representative,accenture,Bengaluru / Bangalore,12 - 15 Years,12,15,13.5,3,1,False,medio,0,1,1,0
IT Supplier Management Practitioner,accenture,Gurgaon,1 - 4 Years,1,4,2.5,3,1,False,medio,0,1,1,0
Deployment Engineer - IT,Nvidia Graphics Pvt Ltd,Hong Kong,8 - 11 Years,8,11,9.5,3,1,False,medio,0,1,1,0
Cluster Director of IT,Marriott International Inc,Unknown,3 - 5 Years,3,5,4.0,2,1,False,senior,0,1,0,1
Assistant IT Manager,Marriott International Inc,Cairo,3 - 5 Years,3,5,4.0,2,1,False,senior,0,1,0,1
IT Service Management Representative,accenture,"Gurgaon, Indore",5 - 8 Years,5,8,6.5,3,2,False,medio,0,2,1,0
IT Service Management Representative,accenture,"Bengaluru / Bangalore, Gurgaon",3 - 6 Years,3,6,4.5,3,2,False,medio,0,2,1,0
IT Service Management Representative,accenture,"Bengaluru / Bangalore, Nagpur",7 - 10 Years,7,10,8.5,3,2,False,medio,0,2,1,0
IT Service Management Representative,accenture,Noida/Greater Noida,3 - 6 Years,3,6,4.5,3,1,False,medio,0,1,1,0
IT Service Management Representative,accenture,"Kolkata, Indore",7 - 10 Years,7,10,8.5,3,2,False,medio,0,2,1,0
IT Service Management Representative,accenture,"Bengaluru / Bangalore, Pune",3 - 6 Years,3,6,4.5,3,2,False,medio,0,2,1,0
IT Service Management Representative,accenture,Pune,3 - 6 Years,3,6,4.5,3,1,False,medio,0,1,1,0
IT Service Management Representative,accenture,Chennai,7 - 10 Years,7,10,8.5,3,1,False,medio,0,1,1,0
IT Customer Service Representative,accenture,Bengaluru / Bangalore,5 - 8 Years,5,8,6.5,3,1,False,medio,0,1,1,0
IT Customer Service Associate,accenture,Hyderabad/Secunderabad,1 - 3 Years,1,3,2.0,2,1,False,junior,0,1,0,0
IT Customer Service Representative,accenture,Mumbai,0 - 2 Years,0,2,1.0,2,1,False,medio,0,1,1,0
IT Service Management Representative,accenture,Coimbatore,7 - 10 Years,7,10,8.5,3,1,False,medio,0,1,1,0
IT Service Management Representative,accenture,Pune,0 - 2 Years,0,2,1.0,2,1,False,medio,0,1,1,0
Manager - Technical  ( IT ),INFINITY GROUP,Noida/Greater Noida,5 - 8 Years,5,8,6.5,3,1,False,senior,0,1,0,1
Onsite IT Support Engineer,DXC Technologies,Singapore,1 - 2 Years,1,2,1.5,1,1,True,medio,1,1,1,0
IT Solution Architect,DXC Technologies,Spain,5 - 8 Years,5,8,6.5,3,1,False,senior,0,1,0,1
IT Desktop Scheduler,NTT Data Vertex Software Inc.,Los Angeles,3 - 5 Years,3,5,4.0,2,1,False,medio,0,1,1,0
Assistant IT Manager,Marriott International Inc,Malaysia,2 - 4 Years,2,4,3.0,2,1,False,senior,0,1,0,1
IT Project Manager,DXC Technologies,Belgium,5 - 10 Years,5,10,7.5,5,1,False,senior,0,1,0,1
IT Infrastructure Project Manager,DXC Technologies,Unknown,5 - 8 Years,5,8,6.5,3,1,False,senior,0,1,0,1
Graduate IT Consultant  ( Trainee ),DXC Technologies,Unknown,0 - 1 Years,0,1,0.5,1,1,False,junior,0,1,0,0
IT onsite Engineer,DXC Technologies,China,0 - 1 Years,0,1,0.5,1,1,False,medio,0,1,1,0
IT Integration Developer - Remote,NTT Data Vertex Software Inc.,Plano,5 - 8 Years,5,8,6.5,3,1,False,medio,0,1,1,0
IT Service Desk Specialist,Nagarro India Pvt Ltd,Spain,2 - 4 Years,2,4,3.0,2,1,False,medio,0,1,1,0
IT PM - Infrastructure,nec software solutions  ( india )  pvt ltd,"Mumbai, Bengaluru / Bangalore",5 - 8 Years,5,8,6.5,3,2,False,medio,0,2,1,0
"IT technician Network ,  Kiruna",CGI Information Systems and Management Consultants Pvt Ltd,Sweden,3 - 5 Years,3,5,4.0,2,1,False,medio,0,1,1,0
IT Sales Executive,INFINITY GROUP,"Delhi, Delhi/NCR",2 - 5 Years,2,5,3.5,3,2,False,medio,0,2,1,0
IT Security Officer,SEVEN CONSULTANCY,Bengaluru / Bangalore,1 - 3 Years,1,3,2.0,2,1,False,medio,0,1,1,0
IT admin manager,SEVEN CONSULTANCY,"Delhi, Delhi/NCR",2 - 5 Years,2,5,3.5,3,2,False,senior,0,2,0,1
Jr IT Engineer,SEVEN CONSULTANCY,Raipur,0 - 2 Years,0,2,1.0,2,1,False,junior,0,1,0,0
IT admin manager,SEVEN CONSULTANCY,Hyderabad/Secunderabad,0 - 3 Years,0,3,1.5,3,1,False,senior,0,1,0,1
Jobs for IT Sales Manager,SEVEN CONSULTANCY,"Navi Mumbai, Mumbai, Thane",0 - 3 Years,0,3,1.5,3,3,False,senior,0,3,0,1
IT Sales Executive,SEVEN CONSULTANCY,Indore,2 - 4 Years,2,4,3.0,2,1,False,medio,0,1,1,0
IT Security Officer,SEVEN CONSULTANCY,"Delhi, Delhi/NCR",4 - 7 Years,4,7,5.5,3,2,False,medio,0,2,1,0
IT admin executive,SEVEN CONSULTANCY,Hyderabad/Secunderabad,0 - 3 Years,0,3,1.5,3,1,False,medio,0,1,1,0
IT Security Officer,SEVEN CONSULTANCY,"Mumbai, Bengaluru / Bangalore",2 - 5 Years,2,5,3.5,3,2,False,medio,0,2,1,0
IT Security Executive,SEVEN CONSULTANCY,Hyderabad/Secunderabad,0 - 3 Years,0,3,1.5,3,1,False,medio,0,1,1,0
IT Security Officer,SEVEN CONSULTANCY,Bengaluru / Bangalore,2 - 5 Years,2,5,3.5,3,1,False,medio,0,1,1,0
Cluster IT Executive,Marriott International Inc,Bengaluru / Bangalore,2 - 5 Years,2,5,3.5,3,1,False,medio,0,1,1,0
BDE in IT Sales,SEVEN CONSULTANCY,"Navi Mumbai, Mumbai",1 - 4 Years,1,4,2.5,3,2,False,medio,0,2,1,0
IT Infrastructure Sales Executive,SEVEN CONSULTANCY,Trichy,2 - 6 Years,2,6,4.0,4,1,False,medio,0,1,1,0
Jobs for IT support engineer,SEVEN CONSULTANCY,"Navi Mumbai, Mumbai",4 - 7 Years,4,7,5.5,3,2,False,medio,0,2,1,0
Jobs for Electrician  ( IT,SEVEN CONSULTANCY,"Navi Mumbai, Mumbai, Thane",7 - 10 Years,7,10,8.5,3,3,False,medio,0,3,1,0
Global IT Support,SEVEN CONSULTANCY,"Navi Mumbai, Mumbai, Thane",2 - 5 Years,2,5,3.5,3,3,False,medio,0,3,1,0
Telemarketing Reputed IT industry,SEVEN CONSULTANCY,Mumbai,0 - 2 Years,0,2,1.0,2,1,False,medio,0,1,1,0
Telecaller for IT Training Centre,3RI Technologies Pvt Ltd,Pune,1 - 3 Years,1,3,2.0,2,1,False,medio,0,1,1,0
IT Advanced Technologies Trainer,3RI Technologies Pvt Ltd,Pune,3 - 4 Years,3,4,3.5,1,1,False,medio,0,1,1,0
IT Logistics Manager,AMAZON INDIA PVT LTD,Hyderabad/Secunderabad,5 - 10 Years,5,10,7.5,5,1,False,senior,0,1,0,1
IT Hardware Technician,zones corporate solutions,Albany,2 - 3 Years,2,3,2.5,1,1,False,medio,0,1,1,0
IT Service /  Support Manager,delta IT network pvt. ltd.,Gurgaon,5 - 8 Years,5,8,6.5,3,1,False,senior,0,1,0,1
Executive IT Support,AKSHAYA PVT LTD,Chennai,1 - 3 Years,1,3,2.0,2,1,False,medio,0,1,1,0
IT Support Specialist,Leica Biosystems,"Singapore, Japan",3 - 6 Years,3,6,4.5,3,2,True,medio,1,2,1,0
Sr. Program Manager - IT,Flex-i Partners,Bengaluru / Bangalore,14 - 18 Years,14,18,16.0,4,1,False,senior,0,1,0,1
IT Program Manager,Orange Business Services,Unknown,3 - 10 Years,3,10,6.5,7,1,False,senior,0,1,0,1
IT admin executive,SEVEN CONSULTANCY,"Hyderabad/Secunderabad, Pune",3 - 6 Years,3,6,4.5,3,2,False,medio,0,2,1,0
Sales Executive ( IT Sales ),SEVEN CONSULTANCY,Kolkata,3 - 6 Years,3,6,4.5,3,1,False,medio,0,1,1,0
MANAGER IT CSV,infinity business solutions pvt ltd,Mumbai,6 - 10 Years,6,10,8.0,4,1,False,senior,0,1,0,1
General Manager  IT  ( Software ),aarika hr professionals,Jaipur,0 - 3 Years,0,3,1.5,3,1,False,senior,0,1,0,1
Business Development Executive  ( IT ),Z Index,Rajkot,0 - 3 Years,0,3,1.5,3,1,False,medio,0,1,1,0
IT Manager and Admin,urban platter,Mumbai,5 - 8 Years,5,8,6.5,3,1,False,senior,0,1,0,1
IT PROJECT MANAGER,Trusttech Solutions LLP,Cochin/ Kochi/ Ernakulam,4 - 5 Years,4,5,4.5,1,1,False,senior,0,1,0,1
Automation Engineer  IT Infra,Si2 Tech,Vadodara,5 - 8 Years,5,8,6.5,3,1,False,medio,0,1,1,0
IT Infrastructure-Administrator,Sardonyx Technologies,Thanjavur,6 - 10 Years,6,10,8.0,4,1,False,medio,0,1,1,0
JAVA Opening at IT,SYNCTON IT Solutions,Hyderabad/Secunderabad,3 - 4 Years,3,4,3.5,1,1,False,medio,0,1,1,0
E-CommerceOpening at IT,SYNCTON IT Solutions,Hyderabad/Secunderabad,3 - 4 Years,3,4,3.5,1,1,False,medio,0,1,1,0
Software Engineer at IT,SYNCTON IT Solutions,Hyderabad/Secunderabad,3 - 4 Years,3,4,3.5,1,1,False,medio,0,1,1,0
Assistant Manager IT,sgs india pvt.ltd,Thane,8 - 12 Years,8,12,10.0,4,1,False,senior,0,1,0,1
IT Executive ( Hardware and Networking ),RAGHUNANDAN MONEY,Agra,0 - 1 Years,0,1,0.5,1,1,False,medio,0,1,1,0
IT ODIN Manager,RAGHUNANDAN MONEY,Agra,4 - 5 Years,4,5,4.5,1,1,False,senior,0,1,0,1
Enterprise Sales - IT,Queppelin Technology Solutions Pvt. Ltd.,France,3 - 7 Years,3,7,5.0,4,1,False,medio,0,1,1,0
Senior IT Engineer - QBSS,quatrro business support services pvt. ltd.,San Francisco,5 - 8 Years,5,8,6.5,3,1,False,senior,0,1,0,1
IT Project Manager,Postbox Communications,Mumbai,2 - 7 Years,2,7,4.5,5,1,False,senior,0,1,0,1
IT Sales Executive,Pinnove,Nagpur,2 - 3 Years,2,3,2.5,1,1,False,medio,0,1,1,0
IT Sales Specialist,Nile Technologies Pvt. Limited.,"Delhi, Delhi/NCR",2 - 4 Years,2,4,3.0,2,2,False,medio,0,2,1,0
I.T. Support Executive,mobilestyx consulting & solutions llp,Thane,0 - 3 Years,0,3,1.5,3,1,False,medio,0,1,1,0
IT Sales Executive Mawaqaa,Mawaqaa - National Web Solutions Company,Kuwait City,2 - 5 Years,2,5,3.5,3,1,False,medio,0,1,1,0
IT Project Coordinator Mawaqaa,Mawaqaa - National Web Solutions Company,Kuwait City,4 - 5 Years,4,5,4.5,1,1,False,medio,0,1,1,0
IT Support Engineer,Magika Smartech,Mumbai,5 - 8 Years,5,8,6.5,3,1,False,medio,0,1,1,0
IT Tech Support,Magika Smartech,Mumbai,2 - 5 Years,2,5,3.5,3,1,False,medio,0,1,1,0
IT Operations Senior Engineer,Magika Smartech,Mumbai,8 - 10 Years,8,10,9.0,2,1,False,senior,0,1,0,1
Assistant Vice President- IT,TransGraph Consulting Pvt.Ltd.,Hyderabad/Secunderabad,8 - 11 Years,8,11,9.5,3,1,False,senior,0,1,0,1
IT INFRASTRUCTURE MONITORING SPECIALIST,Spectrum Softtech Solutions Pvt Ltd,Cochin/ Kochi/ Ernakulam,0 - 3 Years,0,3,1.5,3,1,False,medio,0,1,1,0
Business Development (  MBA in IT ),soptech solutions,Bengaluru / Bangalore,4 - 6 Years,4,6,5.0,2,1,False,medio,0,1,1,0
IT Business Analyst,origin hr,"Mumbai, Pune",4 - 7 Years,4,7,5.5,3,2,False,medio,0,2,1,0
IT DevOps Engineer,myOnsite Healthcare,Vadodara,3 - 4 Years,3,4,3.5,1,1,False,medio,0,1,1,0
IT Support Engineer,kerala infotech,Thrissur,1 - 4 Years,1,4,2.5,3,1,False,medio,0,1,1,0
Team Lead  ( IT ),indianfertilizer,Delhi,6 - 10 Years,6,10,8.0,4,1,False,senior,0,1,0,1
IT System Administrator,ion trading india pvt. ltd.,Australia,3 - 6 Years,3,6,4.5,3,1,True,medio,1,1,1,0
Solution Consultant - ITS,ion trading india pvt. ltd.,"Germany, Switzerland",5 - 8 Years,5,8,6.5,3,2,True,medio,1,2,1,0
Sr. IT Infrastructure Engineer,KASEYA SOFTWARE,Bengaluru / Bangalore,3 - 8 Years,3,8,5.5,5,1,False,senior,0,1,0,1
Senior IT Network Engineer,KASEYA SOFTWARE,Bengaluru / Bangalore,4 - 10 Years,4,10,7.0,6,1,False,senior,0,1,0,1
Sales Senior IT Sales,kanmalai technologies,Coimbatore,3 - 6 Years,3,6,4.5,3,1,False,senior,0,1,0,1
IT Project Manager,Interactive Bees Pvt. Ltd.,Delhi,3 - 6 Years,3,6,4.5,3,1,False,senior,0,1,0,1
IT  &  Network Engineer,Dr Nivedita Dadu's Dermatology Clinic,Noida/Greater Noida,2 - 5 Years,2,5,3.5,3,1,False,medio,0,1,1,0
IT - Application Support  ( Software ),DIAMTRADE,Vadodara,0 - 4 Years,0,4,2.0,4,1,False,medio,0,1,1,0
IT Project Manager,Ctd Techs Private Limited,Chennai,4 - 7 Years,4,7,5.5,3,1,False,senior,0,1,0,1
Team Leader  IT,CSB Bank Limited,Cochin/ Kochi/ Ernakulam,3 - 6 Years,3,6,4.5,3,1,False,senior,0,1,0,1
Assistant Manager- IT,CSB Bank Limited,Bengaluru / Bangalore,2 - 6 Years,2,6,4.0,4,1,False,senior,0,1,0,1
IT Help Desk,athena technology solutions,Chennai,5 - 8 Years,5,8,6.5,3,1,False,medio,0,1,1,0
IT Business Analyst,acaira technologies pvt. ltd.,Mumbai,2 - 5 Years,2,5,3.5,3,1,False,medio,0,1,1,0
Business Analyst  IT,2Soft Solutions Pvt. Ltd.,Ahmedabad,6 - 10 Years,6,10,8.0,4,1,False,medio,0,1,1,0
"IT Project Manager ,  Bangalore",2Soft Solutions Pvt. Ltd.,Bengaluru / Bangalore,5 - 8 Years,5,8,6.5,3,1,False,senior,0,1,0,1
IT Manager with MNC,2Soft Solutions Pvt. Ltd.,"Mumbai, Ahmedabad",15 - 20 Years,15,20,17.5,5,2,False,senior,0,2,0,1
IT Recruitment Services in Mumbai,2Soft Solutions Pvt. Ltd.,Mumbai,2 - 5 Years,2,5,3.5,3,1,False,medio,0,1,1,0
IT Support Associate II,AMAZON INDIA PVT LTD,Bengaluru / Bangalore,3 - 5 Years,3,5,4.0,2,1,False,junior,0,1,0,0
Associate Vice President -IT,highrise solutions llp,Pune,1 - 2 Years,1,2,1.5,1,1,False,senior,0,1,0,1
IT Sales and Marketing,highrise solutions llp,Pune,4 - 8 Years,4,8,6.0,4,1,False,medio,0,1,1,0
Project Manager | IT,highrise solutions llp,Pune,7 - 8 Years,7,8,7.5,1,1,False,senior,0,1,0,1
IT Support Associate II,AMAZON INDIA PVT LTD,Bengaluru / Bangalore,1 - 3 Years,1,3,2.0,2,1,False,junior,0,1,0,0
Position:IT Executives,Sevens Enterprises Pvt LTD,Cochin/ Kochi/ Ernakulam,4 - 10 Years,4,10,7.0,6,1,False,medio,0,1,1,0
IT Infrastructure Manager,SEVEN CONSULTANCY,Muscat,2 - 3 Years,2,3,2.5,1,1,False,senior,0,1,0,1
IT Technical Sales,SEVEN CONSULTANCY,Mumbai,4 - 7 Years,4,7,5.5,3,1,False,medio,0,1,1,0
Assistant Manager - IT,M / s Fast and Furious Consulting,Gurgaon,0 - 3 Years,0,3,1.5,3,1,False,senior,0,1,0,1
IT Operation Manager,M / s Fast and Furious Consulting,Ahmedabad,6 - 8 Years,6,8,7.0,2,1,False,senior,0,1,0,1
Cluster IT Manager,Marriott International Inc,Kolkata,2 - 3 Years,2,3,2.5,1,1,False,senior,0,1,0,1
IT / Software Sales Executive,FINITE HR CONSUTING PVT LTD,Hyderabad/Secunderabad,0 - 3 Years,0,3,1.5,3,1,False,medio,0,1,1,0
Project Manager IT,cloudxlab,Bengaluru / Bangalore,3 - 6 Years,3,6,4.5,3,1,False,senior,0,1,0,1
Project Coordinator  IT,CONNECTING 2 WORK,Thiruvananthapuram,2 - 5 Years,2,5,3.5,3,1,False,medio,0,1,1,0
IT Business Analyst,CONNECTING 2 WORK,Thiruvananthapuram,0 - 3 Years,0,3,1.5,3,1,False,medio,0,1,1,0
IT Sales Executive,CONNECTING 2 WORK,Thiruvananthapuram,3 - 6 Years,3,6,4.5,3,1,False,medio,0,1,1,0
IT Software Trainer,CONNECTING 2 WORK,Chennai,2 - 5 Years,2,5,3.5,3,1,False,medio,0,1,1,0
IT Technical support,CONNECTING 2 WORK,Bengaluru / Bangalore,3 - 6 Years,3,6,4.5,3,1,False,medio,0,1,1,0
BDE  IT Sales,CONNECTING 2 WORK,Cochin/ Kochi/ Ernakulam,12 - 15 Years,12,15,13.5,3,1,False,medio,0,1,1,0
Manager  IT  Male,CONNECTING 2 WORK,Calicut/ Kozhikode,0 - 3 Years,0,3,1.5,3,1,False,senior,0,1,0,1
DGM /  GM  IT,CONNECTING 2 WORK,Dubai,12 - 15 Years,12,15,13.5,3,1,True,senior,1,1,0,1
Recruitment Specialist  ( IT ),IBM India Pvt Ltd,Hyderabad/Secunderabad,6 - 8 Years,6,8,7.0,2,1,False,medio,0,1,1,0
IT Validation Manager,Pall India Pvt Ltd,Bengaluru / Bangalore,3 - 6 Years,3,6,4.5,3,1,False,senior,0,1,0,1
US IT Recruiter,Tecnovators Software Solutions,Chennai,2 - 3 Years,2,3,2.5,1,1,False,medio,0,1,1,0
IT Technical Sales,SEVEN CONSULTANCY,Mumbai,2 - 4 Years,2,4,3.0,2,1,False,medio,0,1,1,0
IT Business Development Executive,LINUXBEAN SOLUTION PVT LTD,Indore,0 - 3 Years,0,3,1.5,3,1,False,medio,0,1,1,0
IT Business Developer,LINUXBEAN SOLUTION PVT LTD,Indore,0 - 3 Years,0,3,1.5,3,1,False,medio,0,1,1,0
IT Business Analyst  (  BE ),LINUXBEAN SOLUTION PVT LTD,Indore,0 - 3 Years,0,3,1.5,3,1,False,medio,0,1,1,0
IT Business Analyst,LINUXBEAN SOLUTION PVT LTD,Indore,0 - 3 Years,0,3,1.5,3,1,False,medio,0,1,1,0
Business Analyst - IT,LINUXBEAN SOLUTION PVT LTD,Indore,0 - 3 Years,0,3,1.5,3,1,False,medio,0,1,1,0
Website Designer - IT,LINUXBEAN SOLUTION PVT LTD,Indore,0 - 3 Years,0,3,1.5,3,1,False,medio,0,1,1,0
Business Development Executive - IT,LINUXBEAN SOLUTION PVT LTD,Indore,0 - 3 Years,0,3,1.5,3,1,False,medio,0,1,1,0
Online Bidder - IT,LINUXBEAN SOLUTION PVT LTD,Indore,0 - 3 Years,0,3,1.5,3,1,False,medio,0,1,1,0
IT Business developer,LINUXBEAN SOLUTION PVT LTD,Indore,0 - 3 Years,0,3,1.5,3,1,False,medio,0,1,1,0
US IT Recruiter,LINKTAG,Hyderabad/Secunderabad,2 - 5 Years,2,5,3.5,3,1,False,medio,0,1,1,0
Admin and IT Incharge: Urgent,JAT GLOBAL PVT LTD,Bengaluru / Bangalore,1 - 5 Years,1,5,3.0,4,1,False,medio,0,1,1,0
IT Delivery Manager,GLOCAL HEALTH CARE SYSTEM PVT LTD,Burdwan,8 - 11 Years,8,11,9.5,3,1,False,senior,0,1,0,1
Application Consultant: ServiceNow IT,IBM India Pvt Ltd,Mysoru / Mysore,1 - 5 Years,1,5,3.0,4,1,False,medio,0,1,1,0
IT Management Consulting  HR,IBM India Pvt Ltd,Bengaluru / Bangalore,3 - 5 Years,3,5,4.0,2,1,False,medio,0,1,1,0
Engineer IT Infrastructure  (  81511590  ),Reliance Jio Infocomm Limited,Mumbai,3 - 8 Years,3,8,5.5,5,1,False,medio,0,1,1,0
IT Support Associate II,AMAZON INDIA PVT LTD,Thane,1 - 3 Years,1,3,2.0,2,1,False,junior,0,1,0,0
Chief IT  (  81443896  ),Reliance Jio Infocomm Limited,Mumbai,2 - 5 Years,2,5,3.5,3,1,False,senior,0,1,0,1
Assistant IT Manager,Marriott International Inc,Malaysia,2 - 5 Years,2,5,3.5,3,1,False,senior,0,1,0,1
Principal Associate-IT,eurofins it solutions pvt ltd,France,5 - 7 Years,5,7,6.0,2,1,False,senior,0,1,0,1
Procurement Professional - IT,the abt group,Ireland,5 - 9 Years,5,9,7.0,4,1,True,medio,1,1,1,0
Desktop / IT Engineer,macwill information system pvt ltd,Hoshiarpur,0 - 3 Years,0,3,1.5,3,1,False,medio,0,1,1,0
IT Service Lead,BHTC India Pvt Ltd,Pune,0 - 3 Years,0,3,1.5,3,1,False,senior,0,1,0,1
Senior IT Engineer,BHTC India Pvt Ltd,Pune,0 - 3 Years,0,3,1.5,3,1,False,senior,0,1,0,1
US IT Bench Sales,Mythriis consulting Pvt Ltd,Hyderabad/Secunderabad,2 - 5 Years,2,5,3.5,3,1,False,medio,0,1,1,0
IT Sales Executive,Ecumenical Techno Consultancy Services  ( eTCS ),Aurangabad,2 - 5 Years,2,5,3.5,3,1,False,medio,0,1,1,0
Information Technology  ( IT )  Admin,Ecumenical Techno Consultancy Services  ( eTCS ),Surat,3 - 6 Years,3,6,4.5,3,1,False,medio,0,1,1,0
Strategic Growth Manager  IT,isummation technologies pvt. ltd.,Ahmedabad,5 - 8 Years,5,8,6.5,3,1,False,senior,0,1,0,1
IT Help Desk,you broadband & cable india pvt. ltd.,Hyderabad/Secunderabad,1 - 2 Years,1,2,1.5,1,1,False,medio,0,1,1,0
Computer Faculty  / IT Teacher,SPEAKWELL ENTERPRISES PVT. LTD.,Mumbai,0 - 3 Years,0,3,1.5,3,1,False,medio,0,1,1,0
IT Business analyst,rocket kommerce llp,Bengaluru / Bangalore,3 - 5 Years,3,5,4.0,2,1,False,medio,0,1,1,0
IT Admin Manager,PH7,Bengaluru / Bangalore,0 - 3 Years,0,3,1.5,3,1,False,senior,0,1,0,1
IT Support Executive,mytasker virtual assistance company,Kolkata,1 - 3 Years,1,3,2.0,2,1,False,medio,0,1,1,0
IT Engineer - Network,Nvidia Graphics Pvt Ltd,Unknown,4 - 9 Years,4,9,6.5,5,1,False,medio,0,1,1,0
IT Support Specialist Europe,fedexex,Netherlands,3 - 6 Years,3,6,4.5,3,1,True,medio,1,1,1,0
Senior IT Engineer,Nvidia Graphics Pvt Ltd,Israel,8 - 11 Years,8,11,9.5,3,1,False,senior,0,1,0,1
IT admin executive,SEVEN CONSULTANCY,Pune,4 - 5 Years,4,5,4.5,1,1,False,medio,0,1,1,0
IT Security Executive,SEVEN CONSULTANCY,Kolkata,2 - 4 Years,2,4,3.0,2,1,False,medio,0,1,1,0
IT Asset Mgmt Associate,Moody's Corporation,Gurgaon,3 - 5 Years,3,5,4.0,2,1,False,junior,0,1,0,0
Assistant Manager IT,Marriott International Inc,Nagpur,2 - 4 Years,2,4,3.0,2,1,False,senior,0,1,0,1
IT Project Manager,TandA HR Solutions,Chandigarh,8 - 11 Years,8,11,9.5,3,1,False,senior,0,1,0,1
Senior  UK IT Staffing,TandA HR Solutions,Hyderabad/Secunderabad,3 - 8 Years,3,8,5.5,5,1,False,senior,0,1,0,1
IT EXECUTIVE  ( HARDWARE AND NETWORKING ),TandA HR Solutions,Ludhiana,1 - 4 Years,1,4,2.5,3,1,False,medio,0,1,1,0
IT Technical Person,TandA HR Solutions,Pathankot,0 - 1 Years,0,1,0.5,1,1,False,medio,0,1,1,0
IT- Admin  Gurgaon,TandA HR Solutions,Gurgaon,0 - 2 Years,0,2,1.0,2,1,False,medio,0,1,1,0
ETL Developer ( IT Industry ),TandA HR Solutions,Bengaluru / Bangalore,2 - 4 Years,2,4,3.0,2,1,False,medio,0,1,1,0
IT operations Manager,SEVEN CONSULTANCY,Ahmedabad,4 - 5 Years,4,5,4.5,1,1,False,senior,0,1,0,1
Global IT Support,SEVEN CONSULTANCY,"Navi Mumbai, Mumbai, Kolkata",2 - 4 Years,2,4,3.0,2,3,False,medio,0,3,1,0
Sr.seO For IT Company,ADEEBA E SERVICES PVT LTD,Noida/Greater Noida,0 - 3 Years,0,3,1.5,3,1,False,senior,0,1,0,1
IT company looking For Noida,ADEEBA E SERVICES PVT LTD,Noida/Greater Noida,0 - 3 Years,0,3,1.5,3,1,False,medio,0,1,1,0
Senior Deployment Engineer - IT,Nvidia Graphics Pvt Ltd,Israel,8 - 11 Years,8,11,9.5,3,1,False,senior,0,1,0,1
Intern-Professional  ( IT ),fedexex,Singapore,0 - 3 Years,0,3,1.5,3,1,True,junior,1,1,0,0
IT Rewards Specialist,Schneider Electric Pvt Ltd,Bengaluru / Bangalore,5 - 8 Years,5,8,6.5,3,1,False,medio,0,1,1,0
Dir-IT-MultiProp-A,Marriott International Inc,Hong Kong,5 - 8 Years,5,8,6.5,3,1,False,medio,0,1,1,0
Software Engineer - IT,Bajaj Finserv Lending Ltd,Pune,5 - 8 Years,5,8,6.5,3,1,False,medio,0,1,1,0
Senior Software Engineer - IT,Bajaj Finserv Lending Ltd,Pune,4 - 6 Years,4,6,5.0,2,1,False,senior,0,1,0,1
Cluster Manager - IT,Bajaj Finserv Lending Ltd,Pune,3 - 5 Years,3,5,4.0,2,1,False,senior,0,1,0,1
"Lead ,  IT Control Assurance",northern trust corp ltd - london,Chicago,6 - 9 Years,6,9,7.5,3,1,False,senior,0,1,0,1
Application Consultant: ServiceNow IT,IBM India Pvt Ltd,Mysoru / Mysore,1 - 4 Years,1,4,2.5,3,1,False,medio,0,1,1,0
IT Help Desk Technician,zones corporate solutions,Boston,2 - 5 Years,2,5,3.5,3,1,False,medio,0,1,1,0
IT Infrastructure Engineer,Quality HR Services,"Bhuj, Gandhidham",2 - 5 Years,2,5,3.5,3,2,False,medio,0,2,1,0
Tech Lead  IT,Optum Global Solutions  ( India )  Private Limited,Chennai,3 - 5 Years,3,5,4.0,2,1,False,senior,0,1,0,1
IT Internship at Teknorix  2024,Teknorix Systems,Other City(s) in Goa,0 - 3 Years,0,3,1.5,3,1,False,junior,0,1,0,0
Senior IT Administrator  ( Remote ),HackerRank,Bengaluru / Bangalore,5 - 8 Years,5,8,6.5,3,1,False,senior,0,1,0,1
IT Service Management,Information Services Group,Bengaluru / Bangalore,8 - 11 Years,8,11,9.5,3,1,False,medio,0,1,1,0
IT Service Delivery Manager,Information Services Group,Bengaluru / Bangalore,12 - 16 Years,12,16,14.0,4,1,False,senior,0,1,0,1
Senior Associate - IT _Messaging,eurofins it solutions pvt ltd,Bengaluru / Bangalore,5 - 7 Years,5,7,6.0,2,1,False,senior,0,1,0,1
VacancyforBDMfor an IT Company inAhmedabadlocation,TandA HR Solutions,Ahmedabad,4 - 5 Years,4,5,4.5,1,1,False,medio,0,1,1,0
RequiredQualityAnalystfor an IT company in MohaliLocation,TandA HR Solutions,Mohali,2 - 5 Years,2,5,3.5,3,1,False,medio,0,1,1,0
IT Strategy Consultant,axmiyan hr solutions private limited,Jabalpur,4 - 8 Years,4,8,6.0,4,1,False,medio,0,1,1,0
eDP  /  IT Systems Administrator,Auchtel Products Ltd,Mumbai,2 - 5 Years,2,5,3.5,3,1,False,medio,0,1,1,0
RequiredQualityAnalystfor an IT company inMohaliLocation,TandA HR Solutions,Mohali,1 - 3 Years,1,3,2.0,2,1,False,medio,0,1,1,0
InsideSalesExecutive for IT Industry,TandA HR Solutions,Bengaluru / Bangalore,2 - 4 Years,2,4,3.0,2,1,False,medio,0,1,1,0
IT Hardware Technician,zones corporate solutions,Albany,2 - 5 Years,2,5,3.5,3,1,False,medio,0,1,1,0
IT Support Associate II,AMAZON INDIA PVT LTD,Mumbai,1 - 5 Years,1,5,3.0,4,1,False,junior,0,1,0,0
Deputy National Lead - IT,Bajaj Finserv Lending Ltd,Bengaluru / Bangalore,10 - 13 Years,10,13,11.5,3,1,False,senior,0,1,0,1
Cluster Manager - IT,Bajaj Finserv Lending Ltd,Pune,7 - 9 Years,7,9,8.0,2,1,False,senior,0,1,0,1
IT Content Writer,Aexonic Technologies Private Limited,Pune,0 - 3 Years,0,3,1.5,3,1,False,medio,0,1,1,0
IT Sales Manager,AYN InfoTech,Pune,2 - 7 Years,2,7,4.5,5,1,False,senior,0,1,0,1
IT Audit Risk Assurance,wsne consulting,Delhi,0 - 3 Years,0,3,1.5,3,1,False,medio,0,1,1,0
Application Developer - IT,NIPPON DATA SYSTEM,"Delhi, Delhi/NCR",1 - 2 Years,1,2,1.5,1,2,False,medio,0,2,1,0
IT - Application Developer,NIPPON DATA SYSTEM,"Delhi, Delhi/NCR",1 - 2 Years,1,2,1.5,1,2,False,medio,0,2,1,0
IT Support Analyst,BUSISOL SOURCING INDIA PVT. LTD,Mumbai,3 - 6 Years,3,6,4.5,3,1,False,medio,0,1,1,0
Assistant IT Manager,Marriott International Inc,Bengaluru / Bangalore,3 - 5 Years,3,5,4.0,2,1,False,senior,0,1,0,1
Senior Software Engineer - IT,Bajaj Finserv Lending Ltd,Bengaluru / Bangalore,6 - 8 Years,6,8,7.0,2,1,False,senior,0,1,0,1
Senior Business  ( IT )  Analyst,CGI Information Systems and Management Consultants Pvt Ltd,Unknown,5 - 10 Years,5,10,7.5,5,1,False,senior,0,1,0,1
Cluster Manager - IT Compliance,Bajaj Finserv Lending Ltd,Pune,2 - 5 Years,2,5,3.5,3,1,False,senior,0,1,0,1
Datacenter IT Operations Manager,Microsoft India Pvt Ltd,Ireland,5 - 10 Years,5,10,7.5,5,1,True,senior,1,1,0,1
Onsite IT Support Engineer,DXC Technologies,Singapore,2 - 5 Years,2,5,3.5,3,1,True,medio,1,1,1,0
IT Engineer Support,DXC Technologies,Malaysia,3 - 5 Years,3,5,4.0,2,1,False,medio,0,1,1,0
Senior IT Project Manager,CGI Information Systems and Management Consultants Pvt Ltd,Canada,5 - 10 Years,5,10,7.5,5,1,True,senior,1,1,0,1
Application Consultant: ServiceNow IT,IBM India Pvt Ltd,Mysoru / Mysore,1 - 2 Years,1,2,1.5,1,1,False,medio,0,1,1,0
Senior IT Specialist,IBM India Pvt Ltd,Bengaluru / Bangalore,5 - 9 Years,5,9,7.0,4,1,False,senior,0,1,0,1
Deployment Engineer - IT,Nvidia Graphics Pvt Ltd,Germany,8 - 11 Years,8,11,9.5,3,1,True,medio,1,1,1,0
Talent Acquisition Manager  ( IT ),IBM India Pvt Ltd,Hyderabad/Secunderabad,10 - 12 Years,10,12,11.0,2,1,False,senior,0,1,0,1
Payments IT Business Analyst,CGI Information Systems and Management Consultants Pvt Ltd,Unknown,3 - 7 Years,3,7,5.0,4,1,False,medio,0,1,1,0
Deputy National Lead - IT,Bajaj Finserv Lending Ltd,Bengaluru / Bangalore,4 - 6 Years,4,6,5.0,2,1,False,senior,0,1,0,1
IT Service Management Representative,accenture,Ahmedabad,2 - 5 Years,2,5,3.5,3,1,False,medio,0,1,1,0
Team Lead- IT,cog digital private limited,Delhi,0 - 3 Years,0,3,1.5,3,1,False,senior,0,1,0,1
Team Lead- IT,Cog Digital,Delhi,0 - 3 Years,0,3,1.5,3,1,False,senior,0,1,0,1
Principal CSAM  IT Services,Microsoft India Pvt Ltd,Japan,6 - 9 Years,6,9,7.5,3,1,False,senior,0,1,0,1
"IT at Fiserv ,  Inc.",fiserv ce pvt ltd,Unknown,5 - 10 Years,5,10,7.5,5,1,False,medio,0,1,1,0
IT Internship  ( Insurance field ),CGI Information Systems and Management Consultants Pvt Ltd,Unknown,0 - 3 Years,0,3,1.5,3,1,False,junior,0,1,0,0
IT support specialist,Intel Technology India Pvt Ltd,China,3 - 5 Years,3,5,4.0,2,1,False,medio,0,1,1,0
IT Project Coordinator,IQVIA,Bengaluru / Bangalore,2 - 3 Years,2,3,2.5,1,1,False,medio,0,1,1,0
IT Project Manager,IQVIA,Bengaluru / Bangalore,3 - 6 Years,3,6,4.5,3,1,False,senior,0,1,0,1
IT Engineer - Network,Nvidia Graphics Pvt Ltd,Unknown,1 - 4 Years,1,4,2.5,3,1,False,medio,0,1,1,0
Procurement Professional - IT Software,the abt group,Unknown,5 - 10 Years,5,10,7.5,5,1,False,medio,0,1,1,0
IT and Networking Engineer,porter,Mumbai,1 - 5 Years,1,5,3.0,4,1,False,medio,0,1,1,0
Assistant Software Engineer,New Global Technologies,"Bengaluru / Bangalore, Chennai, Hyderabad/Secunderabad, Mumbai, Pune",0 - 3 Years,0,3,1.5,3,5,False,medio,0,5,1,0
Project Manager SAP,HR Jobs Placements,"Hyderabad/Secunderabad, Kolkata, Mumbai, Noida/Greater Noida, Pune",10 - 15 Years,10,15,12.5,5,5,False,senior,0,5,0,1
"Java Developer ,  Java J2Ee Developer ,  Java Fresher",Laxmi Infotech,"Ahmedabad, Delhi, Gurgaon, Kolkata, Noida/Greater Noida",0 - 3 Years,0,3,1.5,3,5,False,junior,0,5,0,0
ERP / CRM Manager,HR Jobs Placements,"Bengaluru / Bangalore, Chennai, Delhi/NCR, Hyderabad/Secunderabad, Mumbai",10 - 15 Years,10,15,12.5,5,5,False,senior,0,5,0,1
"Software Test Engineer , Test Engineer , Software Tester",AppSoft Solutions,"Bengaluru / Bangalore, Chennai, Delhi, Mumbai, Pune",0 - 3 Years,0,3,1.5,3,5,False,medio,0,5,1,0
IT Security / Senior IT Security Analyst / Information Security,origin hr,"Hyderabad/Secunderabad, Mumbai, Pune, Bengaluru / Bangalore",3 - 5 Years,3,5,4.0,2,4,False,senior,0,4,0,1
Hiring for IT Recruiter profile for a IT company for Bangalore Location,TandA HR Solutions,Bengaluru / Bangalore,1 - 2 Years,1,2,1.5,1,1,False,medio,0,1,1,0
Hiring for IT Recruiter profile for an IT company for Bangalore Location,TandA HR Solutions,Bengaluru / Bangalore,1 - 2 Years,1,2,1.5,1,1,False,medio,0,1,1,0
Hiring for IT Recruiter profile for an IT company for Bangalore Location,TandA HR Solutions,Bengaluru / Bangalore,1 - 7 Years,1,7,4.0,6,1,False,medio,0,1,1,0
Recruiter  /  Sr. Recruiter  /  TL - IT  &  Non-IT,aarch solutions,Bengaluru / Bangalore,1 - 4 Years,1,4,2.5,3,1,False,senior,0,1,0,1
Be B Tech Fresher,Laxmi Infotech,"Bengaluru / Bangalore, Chennai, Hyderabad/Secunderabad, Mumbai, Pune",0 - 3 Years,0,3,1.5,3,5,False,junior,0,5,0,0
Data Science Analyst,HR Jobs Placements,"Bengaluru / Bangalore, Chennai, Delhi/NCR, Hyderabad/Secunderabad, Mumbai",2 - 7 Years,2,7,4.5,5,5,False,medio,0,5,1,0
Key Account Manager,delta IT network pvt. ltd.,Gurgaon,3 - 5 Years,3,5,4.0,2,1,False,senior,0,1,0,1
Business Development Manager  ( US IT  /  Non IT Staffing Division ),ProAssert,Bengaluru / Bangalore,3 - 6 Years,3,6,4.5,3,1,False,senior,0,1,0,1
Opening for System Admin in IT Company in Chandigarh IT Park Location,TandA HR Solutions,Chandigarh,2 - 5 Years,2,5,3.5,3,1,False,medio,0,1,1,0
Senior  US IT Staffing Executive for Hyderabad for IT Company,TandA HR Solutions,Hyderabad/Secunderabad,3 - 8 Years,3,8,5.5,5,1,False,senior,0,1,0,1
Looking for HR Executive profile for IT  /  Non IT company in Tricity Location,TandA HR Solutions,"Chandigarh, Panchkula, Mohali",1 - 4 Years,1,4,2.5,3,3,False,medio,0,3,1,0
Looking for the IT Sales Manager profile in a IT Company for Bangalore location.,TandA HR Solutions,Bengaluru / Bangalore,2 - 3 Years,2,3,2.5,1,1,False,senior,0,1,0,1
Vacancy of Quality Analyst  /  Tester for an IT MNC in Chandigarh IT Park,TandA HR Solutions,Chandigarh,1 - 6 Years,1,6,3.5,5,1,False,medio,0,1,1,0
Vacancy for the Desktop IT Support engineer profile for an IT Company in Pune Location,TandA HR Solutions,Pune,1 - 2 Years,1,2,1.5,1,1,False,medio,0,1,1,0
Vacancy for Senior Business Analyst  ( IT )  in IT company for Bangalore location,TandA HR Solutions,Bengaluru / Bangalore,7 - 9 Years,7,9,8.0,2,1,False,senior,0,1,0,1
Hiring for PROJECT MANAGER  ( IT )  OR SENIOR PHP DEVELOPER for IT company in Mohali,TandA HR Solutions,Mohali,3 - 6 Years,3,6,4.5,3,1,False,senior,0,1,0,1
Job Opening for IT Support profile in MNC IT Company in Mohali location,TandA HR Solutions,Mohali,3 - 4 Years,3,4,3.5,1,1,False,medio,0,1,1,0
Jobs for IT Recruiter  ( US Shift ),SEVEN CONSULTANCY,Mumbai,1 - 5 Years,1,5,3.0,4,1,False,medio,0,1,1,0
"Jr. IT Technical Recruiter HR ,",Magika Smartech,Mumbai,4 - 9 Years,4,9,6.5,5,1,False,junior,0,1,0,0
Business Development Executive / Analyst - IT,LINUXBEAN SOLUTION PVT LTD,Indore,0 - 3 Years,0,3,1.5,3,1,False,medio,0,1,1,0
"Senior Manager ,  Talent Acquisition  ( IT )",highrise solutions llp,Pune,8 - 12 Years,8,12,10.0,4,1,False,senior,0,1,0,1
Sr.Operation Executive /  IT Recruiter,CONNECTING 2 WORK,Thiruvananthapuram,0 - 3 Years,0,3,1.5,3,1,False,senior,0,1,0,1
Senior Engineer IT Infrastructure  (  81548375  ),Reliance Jio Infocomm Limited,Mumbai,7 - 12 Years,7,12,9.5,5,1,False,senior,0,1,0,1
Senior Engineer IT Infrastructure  (  81530911  ),Reliance Jio Infocomm Limited,Mumbai,7 - 12 Years,7,12,9.5,5,1,False,senior,0,1,0,1
Manager  IT QA  &  CSV,rxlogix corporation,Noida/Greater Noida,10 - 14 Years,10,14,12.0,4,1,False,senior,0,1,0,1
IT Helpdesk  &  Security Manager,recooty,Thailand,1 - 2 Years,1,2,1.5,1,1,False,senior,0,1,0,1
IT Security Analyst  ( Japanese Speaker ),DXC Technologies,Malaysia,0 - 1 Years,0,1,0.5,1,1,False,medio,0,1,1,0
IT Infrastructure  &  Cloud Engineer,International Information Technology Team,Unknown,0 - 3 Years,0,3,1.5,3,1,False,medio,0,1,1,0
Sr. Project Manager  IT Applications,Gati Ltd,Hyderabad/Secunderabad,2 - 3 Years,2,3,2.5,1,1,False,senior,0,1,0,1
IT Sales Executive  ( Inside Sales ),Exioms,"Hyderabad/Secunderabad, Mumbai, Chennai, Pune, Bengaluru / Bangalore",0 - 3 Years,0,3,1.5,3,5,False,medio,0,5,1,0
Powershell Engineer  /  IT Automation Engineer,nexthink solutions,"Switzerland, Boston",5 - 9 Years,5,9,7.0,4,2,False,medio,0,2,1,0
"Session: IT Marketing ,  Software Marketing",DIGITAL DREAMS,Allahabad,0 - 2 Years,0,2,1.0,2,1,False,medio,0,1,1,0
"IT Financial Analyst ,  Cadency and OneStream",Bombardier Inc.,Canada,5 - 8 Years,5,8,6.5,3,1,True,medio,1,1,1,0
Principal Associate - IT - Solarwind Administrator,eurofins it solutions pvt ltd,Bengaluru / Bangalore,5 - 8 Years,5,8,6.5,3,1,False,senior,0,1,0,1
Principal Associate-IT - Network Admin,eurofins it solutions pvt ltd,Bengaluru / Bangalore,5 - 8 Years,5,8,6.5,3,1,False,senior,0,1,0,1
IT Business Implementation Analyst 4,ORACLE,"Mexico, Bengaluru / Bangalore, Hyderabad/Secunderabad",6 - 10 Years,6,10,8.0,4,3,False,medio,0,3,1,0
IT Compliance Specialist - SOX Audits,ORACLE,Unknown,6 - 10 Years,6,10,8.0,4,1,False,medio,0,1,1,0
Apigee-IT Customer Service Representative,accenture,Bengaluru / Bangalore,2 - 5 Years,2,5,3.5,3,1,False,medio,0,1,1,0
"IT Engineer ,  End User Support",Nvidia Graphics Pvt Ltd,Redmond,5 - 8 Years,5,8,6.5,3,1,False,medio,0,1,1,0
BBL /  IT Service Desk Medewerker,volvo group india pvt ltd,Netherlands,0 - 1 Years,0,1,0.5,1,1,True,medio,1,1,1,0
Title: Team Member - SAP IT,sun pharma industries ltd panoli ( dist-bharuch ),Mumbai,1 - 4 Years,1,4,2.5,3,1,False,medio,0,1,1,0
IT Service Management  (  AM / TL ),Information Services Group,Bengaluru / Bangalore,8 - 11 Years,8,11,9.5,3,1,False,medio,0,1,1,0
Sales lead - IT Software Solution,SEVEN CONSULTANCY,Bengaluru / Bangalore,3 - 7 Years,3,7,5.0,4,1,False,senior,0,1,0,1
Sales Executive Reputed IT Industry,SEVEN CONSULTANCY,"Navi Mumbai, Mumbai, Pune",0 - 2 Years,0,2,1.0,2,3,False,medio,0,3,1,0
IT Project Coordinator / Business Analyst,IndiaInternets,Noida/Greater Noida,0 - 1 Years,0,1,0.5,1,1,False,medio,0,1,1,0
Sales Executive Reputed IT Industry,SEVEN CONSULTANCY,"Mumbai, Pune",0 - 2 Years,0,2,1.0,2,2,False,medio,0,2,1,0
IT Analyst Job Details | Corning,Corning,Gurgaon,5 - 8 Years,5,8,6.5,3,1,False,medio,0,1,1,0
Principal Associate-IT- Backup Engineer,eurofins it solutions pvt ltd,Bengaluru / Bangalore,7 - 10 Years,7,10,8.5,3,1,False,senior,0,1,0,1
Senior Associate -IT  ( Intune Engineer ),eurofins it solutions pvt ltd,Bengaluru / Bangalore,6 - 9 Years,6,9,7.5,3,1,False,senior,0,1,0,1
Technical Lead - IT  ( Sr.network architect ),eurofins it solutions pvt ltd,Bengaluru / Bangalore,10 - 13 Years,10,13,11.5,3,1,False,senior,0,1,0,1
"IT Appl Analyst ,  FinTech-Treasury",AMAZON INDIA PVT LTD,Hyderabad/Secunderabad,5 - 8 Years,5,8,6.5,3,1,False,medio,0,1,1,0
Technical Lead - IT  ( ETL Engineer ),eurofins it solutions pvt ltd,"Chennai, Bengaluru / Bangalore",6 - 9 Years,6,9,7.5,3,2,False,senior,0,2,0,1
Business Development Executive  ( IT Sales ),Essence Software Solutions Pvt. Ltd.,Gurgaon,2 - 5 Years,2,5,3.5,3,1,False,medio,0,1,1,0
IT Sales Manager  ( Product Sales ),Essence Software Solutions Pvt. Ltd.,Gurgaon,5 - 8 Years,5,8,6.5,3,1,False,senior,0,1,0,1
CHIEF MANAGER  IT BUSINESS PARTNER,infinity business solutions pvt ltd,Mumbai,12 - 15 Years,12,15,13.5,3,1,False,senior,0,1,0,1
ROLE: P & L Head - IT Vertical,TransGraph Consulting Pvt.Ltd.,Hyderabad/Secunderabad,15 - 18 Years,15,18,16.5,3,1,False,senior,0,1,0,1
ROLE: Business Analyst - Functional IT,TransGraph Consulting Pvt.Ltd.,Hyderabad/Secunderabad,4 - 7 Years,4,7,5.5,3,1,False,medio,0,1,1,0
IT Sales or Business Development Manager,tokyotechie,"Germany, Singapore",5 - 10 Years,5,10,7.5,5,2,True,senior,1,2,0,1
IT Infrastructure and Technical Support Engineer,targray india pvt ltd,Canada,7 - 9 Years,7,9,8.0,2,1,True,medio,1,1,1,0
IT Engineer Education - Min HSC,MEP Infrastructure Developers Limited,Mumbai,1 - 4 Years,1,4,2.5,3,1,False,medio,0,1,1,0
Careers:Senior IT Project Manager,Lucini & Lucini Communications,Bengaluru / Bangalore,10 - 13 Years,10,13,11.5,3,1,False,senior,0,1,0,1
Content Writer  ( web and IT service ),ADEEBA E SERVICES PVT LTD,Noida/Greater Noida,0 - 2 Years,0,2,1.0,2,1,False,medio,0,1,1,0
IT Admin / Lead  ( Linux and AWS ),corelynx solutions private limited,Unknown,5 - 8 Years,5,8,6.5,3,1,False,senior,0,1,0,1
Sales Executive  /  Manager IT Products,CONNECTING 2 WORK,Thiruvananthapuram,1 - 4 Years,1,4,2.5,3,1,False,senior,0,1,0,1
US IT Recruiter   ( US Shift ),CONNECTING 2 WORK,Thiruvananthapuram,2 - 5 Years,2,5,3.5,3,1,False,medio,0,1,1,0
"IT Support Engineer I ,  OTS",AMAZON INDIA PVT LTD,Bengaluru / Bangalore,1 - 9 Years,1,9,5.0,8,1,False,medio,0,1,1,0
Google AdWords Specialist for IT Agency,cart geek,"Mumbai, Sagar",2 - 3 Years,2,3,2.5,1,2,False,medio,0,2,1,0
IT Manager DataMgmt SQL Server,LINKTAG,Pune,4 - 7 Years,4,7,5.5,3,1,False,senior,0,1,0,1
IT Project Manager F / M,CGI Information Systems and Management Consultants Pvt Ltd,Italy,5 - 7 Years,5,7,6.0,2,1,False,senior,0,1,0,1
HRBM  ( Financial Services  &  IT ),cnh industrial india pvt ltd,Gurgaon,7 - 10 Years,7,10,8.5,3,1,False,medio,0,1,1,0
Powershell Engineer  /  IT Automation Engineer,nexthink solutions,"Switzerland, Boston",5 - 8 Years,5,8,6.5,3,2,False,medio,0,2,1,0
Junior Engineer IT Infrastructure  (  81450656  ),Reliance Jio Infocomm Limited,Mumbai,2 - 6 Years,2,6,4.0,4,1,False,junior,0,1,0,0
IT  /  Data Science Content Writer,EDUCBA,Mumbai,1 - 4 Years,1,4,2.5,3,1,False,medio,0,1,1,0
IT Sales  &  Marketing Professionals,aimsoft solutions,Thiruvananthapuram,2 - 4 Years,2,4,3.0,2,1,False,medio,0,1,1,0
IT Projektleiter  ( m / w / d ),CGI Information Systems and Management Consultants Pvt Ltd,Germany,3 - 5 Years,3,5,4.0,2,1,True,medio,1,1,1,0
IN_RBAI_Senior Engineer-Production IT Support,Bosch Ltd,Bengaluru / Bangalore,2 - 5 Years,2,5,3.5,3,1,False,senior,0,1,0,1
Opening For Freshers for IT Executive for Ludhiana,TandA HR Solutions,Ludhiana,0 - 3 Years,0,3,1.5,3,1,False,junior,0,1,0,0
Opening for System Admin in IT industry,TandA HR Solutions,Panchkula,1 - 3 Years,1,3,2.0,2,1,False,medio,0,1,1,0
Hiring for System Admin in IT Industry,TandA HR Solutions,Panchkula,1 - 3 Years,1,3,2.0,2,1,False,medio,0,1,1,0
Digital Marketing | IT Sales Manager,EPPEOK SOLUTIONS PRIVATE LIMITED,Kolkata,3 - 5 Years,3,5,4.0,2,1,False,senior,0,1,0,1
"IT Manager Remote ,  Remote - Mexico",Pinkerton Consulting & Investigations Inc.,Mexico,4 - 5 Years,4,5,4.5,1,1,False,senior,0,1,0,1
Sr.seO Hiring For IT Company In Noida,ADEEBA E SERVICES PVT LTD,Noida/Greater Noida,0 - 3 Years,0,3,1.5,3,1,False,senior,0,1,0,1
Technical Content Writer For IT Company,ADEEBA E SERVICES PVT LTD,Noida/Greater Noida,0 - 3 Years,0,3,1.5,3,1,False,medio,0,1,1,0
Technical content writer For IT Company,ADEEBA E SERVICES PVT LTD,Noida/Greater Noida,0 - 3 Years,0,3,1.5,3,1,False,medio,0,1,1,0
IT company In Noida looking for SEO,ADEEBA E SERVICES PVT LTD,Noida/Greater Noida,0 - 3 Years,0,3,1.5,3,1,False,medio,0,1,1,0
IT Technical Project Management Office,yokogawa electric corp ltd- saudi arabia,Bengaluru / Bangalore,6 - 9 Years,6,9,7.5,3,1,False,medio,0,1,1,0
ION Group - Senior IT Auditor,ion trading india pvt. ltd.,Pune,5 - 8 Years,5,8,6.5,3,1,False,senior,0,1,0,1
IT Engineer - Customer Support Services,solution enterprises pvt ltd  ( ncr corporation india pvt ltd ),Mumbai,3 - 6 Years,3,6,4.5,3,1,False,medio,0,1,1,0
Business Analyst IT F / H,CGI Information Systems and Management Consultants Pvt Ltd,France,5 - 8 Years,5,8,6.5,3,1,False,medio,0,1,1,0
Looking forBusinessdevelopmentexecutivefor an IT Industry in Mohalilocation,TandA HR Solutions,"Delhi, Noida/Greater Noida, Mohali",0 - 5 Years,0,5,2.5,5,3,False,medio,0,3,1,0
Looking forPHPDeveloper for an IT companyin Panchkulalocation,TandA HR Solutions,Panchkula,2 - 5 Years,2,5,3.5,3,1,False,medio,0,1,1,0
Opening for theSalesExecutiveprofile for an IT Company forBangalorelocation,TandA HR Solutions,Bengaluru / Bangalore,0 - 5 Years,0,5,2.5,5,1,False,medio,0,1,1,0
Job Opening forWordPressDeveloperfor an IT companyinMohalilocation,TandA HR Solutions,Mohali,1 - 3 Years,1,3,2.0,2,1,False,medio,0,1,1,0
Hiring forReactNativeDeveloperfor a IT company in Bangalore,TandA HR Solutions,Bengaluru / Bangalore,0 - 5 Years,0,5,2.5,5,1,False,medio,0,1,1,0
Urgent hiring for ContentWriterfor an IT companyinMohalilocation,TandA HR Solutions,Mohali,2 - 4 Years,2,4,3.0,2,1,False,medio,0,1,1,0
Vacancy for IT Technician for Bangalore location,TandA HR Solutions,Bengaluru / Bangalore,3 - 4 Years,3,4,3.5,1,1,False,medio,0,1,1,0
Hiring for Receptionist in Mohali for IT Company,TandA HR Solutions,Mohali,2 - 5 Years,2,5,3.5,3,1,False,medio,0,1,1,0
Hiring forASP.netDeveloperfor an IT companyin Gurugramlocation,TandA HR Solutions,Gurgaon,4 - 7 Years,4,7,5.5,3,1,False,medio,0,1,1,0
Looking forPHPDeveloperfor an IT companyin Panchkulalocation,TandA HR Solutions,Panchkula,2 - 5 Years,2,5,3.5,3,1,False,medio,0,1,1,0
Hiring for theITsalesexecutivesprofile for IT company forBangaloreLocation.,TandA HR Solutions,Bengaluru / Bangalore,3 - 5 Years,3,5,4.0,2,1,False,medio,0,1,1,0
Required QualityAnalystfor an IT company in MohaliLocation,TandA HR Solutions,Mohali,0 - 1 Years,0,1,0.5,1,1,False,medio,0,1,1,0
Urgent hiring for Angular Developer for IT,TandA HR Solutions,"Bengaluru / Bangalore, Mohali",1 - 3 Years,1,3,2.0,2,2,False,medio,0,2,1,0
Hiring for theSalesExecutiveprofile for an IT company forBangalorelocation.,TandA HR Solutions,Bengaluru / Bangalore,1 - 2 Years,1,2,1.5,1,1,False,medio,0,1,1,0
Resiliency Consultant  IT Disaster Recovery,Optum Global Solutions  ( India )  Private Limited,Philippines,8 - 11 Years,8,11,9.5,3,1,False,medio,0,1,1,0
"IT Support Engineer I ,  OTS",AMAZON INDIA PVT LTD,Pune,1 - 8 Years,1,8,4.5,7,1,False,medio,0,1,1,0
IT Trainee  /  Prcticas en Informtica,Hilton Hotels & Resorts,Spain,0 - 1 Years,0,1,0.5,1,1,False,junior,0,1,0,0
Regional IT Program Manager  ( AI ),Microsoft India Pvt Ltd,Australia,5 - 9 Years,5,9,7.0,4,1,True,senior,1,1,0,1
Manager IT Audit Risk Assurance,wsne consulting,Delhi,0 - 3 Years,0,3,1.5,3,1,False,senior,0,1,0,1
IT Architects  /  Sr. Technology Managers,Mapps IT Services Pvt Ltd,Kolkata,10 - 15 Years,10,15,12.5,5,1,False,senior,0,1,0,1
SAP IT Business Systems Analyst,Intel Technology India Pvt Ltd,Bengaluru / Bangalore,8 - 11 Years,8,11,9.5,3,1,False,medio,0,1,1,0
Consulting IT - Business Analyst / PMO,DXC Technologies,Italy,3 - 6 Years,3,6,4.5,3,1,False,medio,0,1,1,0
Industry Technical Sales Specialist  ( ITS ),Intel Technology India Pvt Ltd,Dubai,5 - 8 Years,5,8,6.5,3,1,True,medio,1,1,1,0
Senior Data Engineer  ( IT )  - Database,Merilytics,Hyderabad/Secunderabad,2 - 5 Years,2,5,3.5,3,1,False,senior,0,1,0,1
Senior Data Engineer  ( IT )  - Database,MERITUS INTELYTICS PRIVATE LIMITED,Hyderabad/Secunderabad,2 - 5 Years,2,5,3.5,3,1,False,senior,0,1,0,1
General Manager,HR Jobs Placements,"Ahmedabad, Bengaluru / Bangalore, Delhi/NCR, Hyderabad/Secunderabad, Pune",14 - 19 Years,14,19,16.5,5,5,False,senior,0,5,0,1
"Director ,  Head of IT Infrastructure - Altera",Intel Technology India Pvt Ltd,Bengaluru / Bangalore,8 - 15 Years,8,15,11.5,7,1,False,senior,0,1,0,1
Senior IT Infrastructure Support Engineer,CGI Information Systems and Management Consultants Pvt Ltd,Australia,5 - 10 Years,5,10,7.5,5,1,True,senior,1,1,0,1
US IT / Non-ITRecruiter  &  Senior US IT / Non-IT Recruiter,ProAssert,"Chennai, Coimbatore, Trichy, Bengaluru / Bangalore",0 - 3 Years,0,3,1.5,3,4,False,senior,0,4,0,1
"Software Developer , lead",New Global Technologies,"Bengaluru / Bangalore, Chennai, Hyderabad/Secunderabad, Mumbai, Pune",0 - 3 Years,0,3,1.5,3,5,False,senior,0,5,0,1
Project  &  Program Manager,HR Jobs Placements,"Delhi/NCR, Hyderabad/Secunderabad, Kolkata, Mumbai, Pune",11 - 16 Years,11,16,13.5,5,5,False,senior,0,5,0,1
java full stalk developer,Laxmi Infotech,"Bengaluru / Bangalore, Chennai, Hyderabad/Secunderabad, Noida/Greater Noida, Pune",0 - 3 Years,0,3,1.5,3,5,False,medio,0,5,1,0
Project Manager,HR Jobs Placements,"Bengaluru / Bangalore, Chennai, Delhi/NCR, Hyderabad/Secunderabad, Pune",8 - 13 Years,8,13,10.5,5,5,False,senior,0,5,0,1
Senior Consultant-Information Security Architect,Aujas Networks Pvt Ltd,Mumbai,4 - 8 Years,4,8,6.0,4,1,False,senior,0,1,0,1
Software Sales Executive,SEVEN CONSULTANCY,Kohima,2 - 4 Years,2,4,3.0,2,1,False,medio,0,1,1,0
Salesforce Service Cloud Developer,SEVEN CONSULTANCY,Chennai,5 - 8 Years,5,8,6.5,3,1,False,medio,0,1,1,0
Senior Manager,SEVEN CONSULTANCY,"Delhi, Delhi/NCR",3 - 6 Years,3,6,4.5,3,2,False,senior,0,2,0,1
Operation Executive,SEVEN CONSULTANCY,Chennai,6 - 9 Years,6,9,7.5,3,1,False,medio,0,1,1,0
Security Engineer,vault infosec,Chennai,2 - 3 Years,2,3,2.5,1,1,False,medio,0,1,1,0
ICT Business  &  Systems Analysts,silverlink technilogies,Australia,0 - 3 Years,0,3,1.5,3,1,True,medio,1,1,1,0
Sales Manager  /  Solutions Architect -  ( Corporate  &  Govt Projects ),Indo Asia Global Technologies Private Limited,"Hyderabad/Secunderabad, Mumbai, Delhi, Delhi/NCR",2 - 8 Years,2,8,5.0,6,4,False,senior,0,4,0,1
Software Sales Executive,cyberindigo net private limited,Pune,0 - 3 Years,0,3,1.5,3,1,False,medio,0,1,1,0
Business Development Executive,Application Square Infotech Pvt Ltd,Nasik,0 - 3 Years,0,3,1.5,3,1,False,medio,0,1,1,0
Hr. Recruiter  /  Recruitment Specialist,apex jobs,Gurgaon,0 - 3 Years,0,3,1.5,3,1,False,medio,0,1,1,0
Team Lead,ace softex pvt. ltd.,Rajkot,1 - 4 Years,1,4,2.5,3,1,False,senior,0,1,0,1
Business Analayst,CONNECTING 2 WORK,Cochin/ Kochi/ Ernakulam,2 - 5 Years,2,5,3.5,3,1,False,medio,0,1,1,0
Data Centre Engineer,sp sysnet pte. lte.,Mumbai,0 - 2 Years,0,2,1.0,2,1,False,medio,0,1,1,0
URGENT OPENING FOR US IT RECRUITER IN MOHALI LOCATION,TandA HR Solutions,Mohali,0 - 1 Years,0,1,0.5,1,1,False,medio,0,1,1,0
Production IT Engineer Job Details | ZF Group,zf india pvt ltd,Chennai,3 - 5 Years,3,5,4.0,2,1,False,medio,0,1,1,0
IT-Skerhetsarkitekt till kund inom offentlig sektor.,CGI Information Systems and Management Consultants Pvt Ltd,Sweden,5 - 8 Years,5,8,6.5,3,1,False,medio,0,1,1,0
Specialist - IT Security GRC Job Details | LANXESS,lanxess pvt ltd,Thane,5 - 10 Years,5,10,7.5,5,1,False,medio,0,1,1,0
System Engineer - IT SecOps Job Details | Barco,barco india,"Belgium, Noida/Greater Noida",6 - 9 Years,6,9,7.5,3,2,False,medio,0,2,1,0
IT Security Experte  ( m / w / d ),CGI Information Systems and Management Consultants Pvt Ltd,Germany,3 - 7 Years,3,7,5.0,4,1,True,senior,1,1,0,1
"Senior Manager - IT Operations ,  Service Delivery ,  DevOps",infinity business solutions pvt ltd,Pune,10 - 15 Years,10,15,12.5,5,1,False,senior,0,1,0,1
IT Project Consultant Job Details | SAP,SAP Ariba,Pune,4 - 8 Years,4,8,6.0,4,1,False,medio,0,1,1,0
IT Project Developer - BTP Job Details | SAP,SAP Ariba,Bengaluru / Bangalore,5 - 7 Years,5,7,6.0,2,1,False,medio,0,1,1,0
"Director ,  IT Product  &  Service Management",netskope software pvt.ltd,"Bengaluru / Bangalore, Australia",1 - 4 Years,1,4,2.5,3,2,True,senior,1,2,0,1
IT Technology Services Specialist Job Details | SAP,SAP Ariba,Bengaluru / Bangalore,8 - 11 Years,8,11,9.5,3,1,False,medio,0,1,1,0
Senior Storage Operations Engineer  ( Senior IT Engineer ),LAKSH HUMAN RESOURCE,Noida/Greater Noida,5 - 8 Years,5,8,6.5,3,1,False,senior,0,1,0,1
Sourcing Executive - US IT Recruitment  ( Night Shift ),Einstro,Chennai,2 - 5 Years,2,5,3.5,3,1,False,medio,0,1,1,0
IT Technology Project Manager Job Details | SAP,SAP Ariba,Bengaluru / Bangalore,3 - 6 Years,3,6,4.5,3,1,False,senior,0,1,0,1
IT Project Senior Consultant Job Details | SAP,SAP Ariba,Bengaluru / Bangalore,8 - 12 Years,8,12,10.0,4,1,False,senior,0,1,0,1
Assistant IT Manager - Sheraton Hai Phong,Marriott International Inc,Unknown,2 - 5 Years,2,5,3.5,3,1,False,senior,0,1,0,1
IT Support Service Desk- Senior Analyst,OakNorth Bank,Gurgaon,5 - 8 Years,5,8,6.5,3,1,False,senior,0,1,0,1
Sr Analyst Audit  &  Compliance  ( IT ),DXC Technologies,Mumbai,4 - 7 Years,4,7,5.5,3,1,False,senior,0,1,0,1
ServiceNow IT Service Management-Application Designer,accenture,Bengaluru / Bangalore,3 - 5 Years,3,5,4.0,2,1,False,medio,0,1,1,0
GM - Zone IT Business Relationship Manager,Schneider Electric Pvt Ltd,Bengaluru / Bangalore,10 - 13 Years,10,13,11.5,3,1,False,senior,0,1,0,1
Senior IT Architect Job Details | Boston Scientific,BOSTON SCIENTIFIC,Unknown,10 - 13 Years,10,13,11.5,3,1,False,senior,0,1,0,1
IT Architect Job Details | Boston Scientific,BOSTON SCIENTIFIC,Unknown,5 - 8 Years,5,8,6.5,3,1,False,senior,0,1,0,1
Onsite IT Support Technician  ( m / f / d ),DXC Technologies,Germany,2 - 5 Years,2,5,3.5,3,1,True,medio,1,1,1,0
IT Project Senior Consultant Job Details | SAP,SAP Ariba,Pune,5 - 8 Years,5,8,6.5,3,1,False,senior,0,1,0,1
"IT QA Engineer ,  Principal  ( Copado  &  Salesforce )",PROGRESS SOFTWARE,Hyderabad/Secunderabad,6 - 9 Years,6,9,7.5,3,1,False,senior,0,1,0,1
Position Title  Senior Executive  IT procurement,e-stone information technology,Mumbai,3 - 7 Years,3,7,5.0,4,1,False,senior,0,1,0,1
"Sr Lead ,  Cyber Sec IT RiskM",northern trust corp ltd - london,Pune,5 - 10 Years,5,10,7.5,5,1,False,senior,0,1,0,1
IT Internship Job Details | Boston Scientific,BOSTON SCIENTIFIC,Unknown,0 - 1 Years,0,1,0.5,1,1,False,junior,0,1,0,0
IT Project Manager Job Details | Boston Scientific,BOSTON SCIENTIFIC,Gurgaon,8 - 12 Years,8,12,10.0,4,1,False,senior,0,1,0,1
Inside Sales Representative-Reputed IT industry,SEVEN CONSULTANCY,Thane,0 - 3 Years,0,3,1.5,3,1,False,medio,0,1,1,0
Jobs for fresher customer support executive-IT,SEVEN CONSULTANCY,"Navi Mumbai, Mumbai, Thane",0 - 2 Years,0,2,1.0,2,3,False,junior,0,3,0,0
Job for TL Sales with Reputed IT Company,SEVEN CONSULTANCY,Mumbai,3 - 5 Years,3,5,4.0,2,1,False,medio,0,1,1,0
Project Manager ( IT Team  &  Developers ),SEVEN CONSULTANCY,"Navi Mumbai, Mumbai",10 - 15 Years,10,15,12.5,5,2,False,senior,0,2,0,1
B.Tech   MBA Fresher || IT Sales || Noida,ebizon net info  ( p )  ltd,Noida/Greater Noida,0 - 2 Years,0,2,1.0,2,1,False,junior,0,1,0,0
IT Network Specialist Job Details | singlebuoy,SBM OFFSHORE,Unknown,5 - 8 Years,5,8,6.5,3,1,False,medio,0,1,1,0
IT Architecture Expert Job Details | SAP,SAP Ariba,Bengaluru / Bangalore,10 - 13 Years,10,13,11.5,3,1,False,senior,0,1,0,1
Delivery Manager - Manufacturing Domain - IT Services,Flex-i Partners,Chicago,10 - 15 Years,10,15,12.5,5,1,False,senior,0,1,0,1
Vice President - IT Infra - Mumbai  ( Goregaon East ),kotak mahindra bank,Mumbai,5 - 8 Years,5,8,6.5,3,1,False,senior,0,1,0,1
Web Designer | Top IT Company In Gurgaon | AHOM,AHOM Technologies Private Limited,Gurgaon,1 - 3 Years,1,3,2.0,2,1,False,medio,0,1,1,0
IT Service Management Administrator  &  Developer,SYNCTON IT Solutions,Hyderabad/Secunderabad,3 - 10 Years,3,10,6.5,7,1,False,medio,0,1,1,0
IT Technology Services Specialist Job Details | SAP,SAP Ariba,Bengaluru / Bangalore,3 - 9 Years,3,9,6.0,6,1,False,medio,0,1,1,0
IT Specialist  ( SharePoint Online  &  Office 365 ),Marketone International,Bengaluru / Bangalore,7 - 10 Years,7,10,8.5,3,1,False,medio,0,1,1,0
"Regional Manager - Sales  (  IT Products ,  Services )",infinity business solutions pvt ltd,Delhi/NCR,13 - 18 Years,13,18,15.5,5,1,False,senior,0,1,0,1
"Technical Consultant  /  Architect - Enterprise Monitoring ,  IT Infrastructure",infinity business solutions pvt ltd,Gurgaon,10 - 14 Years,10,14,12.0,4,1,False,senior,0,1,0,1
ION Group - Senior Business Consultant  ITS,ion trading india pvt. ltd.,Unknown,5 - 10 Years,5,10,7.5,5,1,False,senior,0,1,0,1
ION Group - Senior Technical Consultant  IT2,ion trading india pvt. ltd.,Pune,5 - 8 Years,5,8,6.5,3,1,False,senior,0,1,0,1
ION Group - Senior Business Consultant  IT2,ion trading india pvt. ltd.,Pune,3 - 7 Years,3,7,5.0,4,1,False,senior,0,1,0,1
Sales Process - IT Solutions  ( Outbound Process ),jtg infotech services pvt. ltd,Delhi,0 - 2 Years,0,2,1.0,2,1,False,medio,0,1,1,0
Manager - IT Job Details | Kalpataru Group,jmc projects  ( india )  ltd,Mumbai,8 - 15 Years,8,15,11.5,7,1,False,senior,0,1,0,1
IT Service Delivery Manager | Intuitor Softech Services,intuitor softtech services pvt. ltd.,Bengaluru / Bangalore,5 - 10 Years,5,10,7.5,5,1,False,senior,0,1,0,1
IT Asset Manager | Intuitor Softech Services,intuitor softtech services pvt. ltd.,Bengaluru / Bangalore,2 - 8 Years,2,8,5.0,6,1,False,senior,0,1,0,1
JD- IT Sales  &  Business Development,Cloud18 Infotech Pvt Ltd,Lucknow,0 - 3 Years,0,3,1.5,3,1,False,medio,0,1,1,0
POSITION IT Software Application programming  &  Maintenance,cdl it pvt ltd,Vadodara,3 - 6 Years,3,6,4.5,3,1,False,medio,0,1,1,0
Business Development Manager - IT Sales Beamstacks,BeamStacks,Gurgaon,3 - 6 Years,3,6,4.5,3,1,False,senior,0,1,0,1
Member IT  ( Off-role ) - Paints Manufacturing- Ludhiana,ADITYA BIRLA MANAGEMENT CORPORATION LTD,Ludhiana,2 - 4 Years,2,4,3.0,2,1,False,medio,0,1,1,0
IT Infrastructure Manager  ( Web / Cloud / Security ),2Soft Solutions Pvt. Ltd.,Mumbai,5 - 8 Years,5,8,6.5,3,1,False,senior,0,1,0,1
Sales Manager for IT Service based company in Mumbai,2Soft Solutions Pvt. Ltd.,Mumbai,6 - 12 Years,6,12,9.0,6,1,False,senior,0,1,0,1
Principal Associate - IT  (  Senior Cloud Engineer  ),eurofins it solutions pvt ltd,Bengaluru / Bangalore,7 - 10 Years,7,10,8.5,3,1,False,senior,0,1,0,1
"Senior Program Manager ,  IT Process and Standardization",Microsoft India Pvt Ltd,"Redmond, Atlanta",4 - 6 Years,4,6,5.0,2,2,False,senior,0,2,0,1
LinkedIn Marketing For IT Augmentation  Lead Generation Specialist,cart geek,"Mumbai, Sagar",2 - 5 Years,2,5,3.5,3,2,False,senior,0,2,0,1
Urgent Opening For - IT Business Analyst - Sourcedesk Global,Sourcedesk Global Private Limited,Kolkata,3 - 7 Years,3,7,5.0,4,1,False,medio,0,1,1,0
Business Development Executive / Business Analyst-IT,LINUXBEAN SOLUTION PVT LTD,Indore,0 - 3 Years,0,3,1.5,3,1,False,medio,0,1,1,0
Business Development Executive - IT Online Bidder,LINUXBEAN SOLUTION PVT LTD,Indore,0 - 3 Years,0,3,1.5,3,1,False,medio,0,1,1,0
Business Analyst  (  BE  (  Elec )  or MBA )  for IT Company,LINUXBEAN SOLUTION PVT LTD,Indore,0 - 3 Years,0,3,1.5,3,1,False,medio,0,1,1,0
IT Business Analyst  (  BE  (  Elec )  or MBA ),LINUXBEAN SOLUTION PVT LTD,Indore,0 - 3 Years,0,3,1.5,3,1,False,medio,0,1,1,0
SAP ABAP - Contract with Renowed IT Firm,LINKTAG,Bengaluru / Bangalore,3 - 5 Years,3,5,4.0,2,1,False,medio,0,1,1,0
Junior IT Projektmanager  ( m / w / d ),CGI Information Systems and Management Consultants Pvt Ltd,Germany,1 - 3 Years,1,3,2.0,2,1,True,senior,1,1,0,1
Senior IT Analyst Job Details | ZF Group,zf india pvt ltd,Chennai,5 - 10 Years,5,10,7.5,5,1,False,senior,0,1,0,1
IT Project Senior Consultant Job Details | SAP,SAP Ariba,"Germany, Mexico, Bengaluru / Bangalore",7 - 10 Years,7,10,8.5,3,3,True,senior,1,3,0,1
IT Security Specialist ( Security-EndPoint protection ),NTT Data Vertex Software Inc.,Mexico,3 - 5 Years,3,5,4.0,2,1,False,medio,0,1,1,0
Principal IT Analyst Job Details | ZF Group,zf friedrichshafen -itc,Chennai,5 - 10 Years,5,10,7.5,5,1,False,senior,0,1,0,1
Business Systems Analyst- IT SAP GTS,Intel Technology India Pvt Ltd,Unknown,2 - 5 Years,2,5,3.5,3,1,False,medio,0,1,1,0
Staff IT Product Manager - Microsoft Solutions,Infoblox,Seattle,5 - 12 Years,5,12,8.5,7,1,False,senior,0,1,0,1
IT Architect Banking  ( m / f / d ),CGI Information Systems and Management Consultants Pvt Ltd,Germany,5 - 10 Years,5,10,7.5,5,1,True,senior,1,1,0,1
IT End User Support Manager  /  Team Leader,enflexis solutions pvt ltd pune,Japan,2 - 10 Years,2,10,6.0,8,1,False,senior,0,1,0,1
IT- Project Coordinator  ( 6 Months to 2 Years ),DREAMSOL TELESOLUTIONS PVT. LTD.,"Delhi, Delhi/NCR, Noida/Greater Noida",0 - 2 Years,0,2,1.0,2,3,False,medio,0,3,1,0
Bench Sales- Executive /  Manager  ( US IT Staffing ),Advaya Infotech Pvt Ltd,Noida/Greater Noida,1 - 3 Years,1,3,2.0,2,1,False,senior,0,1,0,1
Business Development Executive /  Manager  ( US IT Staffing ),Advaya Infotech Pvt Ltd,Noida/Greater Noida,0 - 3 Years,0,3,1.5,3,1,False,senior,0,1,0,1
Microsoft Word - Senior_IT_Recruiter - senior-it-recruiter,ERP Analysts  ( INDIA )  Pvt. Ltd.,Hyderabad/Secunderabad,5 - 7 Years,5,7,6.0,2,1,False,senior,0,1,0,1
Field Tech Senior Associate - Onsite IT Support,NTT Data Vertex Software Inc.,Australia,3 - 5 Years,3,5,4.0,2,1,True,senior,1,1,0,1
IT Engineer  ( For JV in Chennai )  Job Details | Corning,Corning,Chennai,3 - 5 Years,3,5,4.0,2,1,False,medio,0,1,1,0
"IT Audit Manager ,  Defensive Secuirty Team",AMAZON INDIA PVT LTD,Bengaluru / Bangalore,5 - 10 Years,5,10,7.5,5,1,False,senior,0,1,0,1
IT Solutions Section Leader  &  Director,eurofins it solutions pvt ltd,"Germany, France",1 - 4 Years,1,4,2.5,3,2,True,senior,1,2,0,1
Systemadministrator  /  IT - Administrator  Energiewirtschaft  ( m / w / d ),CGI Information Systems and Management Consultants Pvt Ltd,Germany,1 - 5 Years,1,5,3.0,4,1,True,medio,1,1,1,0
Hiring of SEO position for Mohali for IT Company,TandA HR Solutions,Mohali,2 - 4 Years,2,4,3.0,2,1,False,medio,0,1,1,0
Hiring of -iOS Developer for Raipur for IT Company,TandA HR Solutions,Raipur,2 - 4 Years,2,4,3.0,2,1,False,medio,0,1,1,0
Opening of Project Manager for Mohali for IT Company,TandA HR Solutions,Mohali,2 - 5 Years,2,5,3.5,3,1,False,senior,0,1,0,1
Sr. Client Acquisition  US / UK IT Staffing,TandA HR Solutions,Hyderabad/Secunderabad,3 - 8 Years,3,8,5.5,5,1,False,senior,0,1,0,1
Urgent openings for Online Bidders  ( BDE )  for IT Company,TandA HR Solutions,Panchkula,0 - 2 Years,0,2,1.0,2,1,False,medio,0,1,1,0
Job Opening of PPC Executive for Mohali for IT Company,TandA HR Solutions,Mohali,2 - 3 Years,2,3,2.5,1,1,False,medio,0,1,1,0
Vacancy of Manager  ( Service Support )  for Panchkula for IT Company,TandA HR Solutions,Panchkula,2 - 5 Years,2,5,3.5,3,1,False,senior,0,1,0,1
Hiring of Service Engineer for Panchkula for IT Company,TandA HR Solutions,"Shimla, Karnal, Jalandhar, Delhi, Panchkula",1 - 2 Years,1,2,1.5,1,5,False,medio,0,5,1,0
Opening of Service Coordinator for Panchkula for IT Company,TandA HR Solutions,Panchkula,2 - 3 Years,2,3,2.5,1,1,False,medio,0,1,1,0
Looking for Sales Coordinator for Panchkula for IT Company,TandA HR Solutions,Panchkula,1 - 2 Years,1,2,1.5,1,1,False,medio,0,1,1,0
Post vacant for US IT recruiters in Hyderabad in Malakpet,TandA HR Solutions,Hyderabad/Secunderabad,2 - 4 Years,2,4,3.0,2,1,False,medio,0,1,1,0
Business Development Executive fro IT Company in Hyderabad,TandA HR Solutions,Hyderabad/Secunderabad,0 - 2 Years,0,2,1.0,2,1,False,medio,0,1,1,0
Hiring for Full Stack Developer in IT Park Chandigarh,TandA HR Solutions,Chandigarh,3 - 5 Years,3,5,4.0,2,1,False,medio,0,1,1,0
Hiring for Full Stack Developer in IT Park Chandigarh,TandA HR Solutions,Chandigarh,2 - 7 Years,2,7,4.5,5,1,False,medio,0,1,1,0
Opening for the ios developer in Mohali Location for IT Company,TandA HR Solutions,Mohali,1 - 3 Years,1,3,2.0,2,1,False,medio,0,1,1,0
Sr Hr Executive for IT Company in Mohali,TandA HR Solutions,Mohali,3 - 5 Years,3,5,4.0,2,1,False,senior,0,1,0,1
Java Developer for IT Park Chandigarh Location In MNC,TandA HR Solutions,Chandigarh,6 - 10 Years,6,10,8.0,4,1,False,medio,0,1,1,0
Hiring for SEO Analyst for IT Company  Mohali  ( Punjab ),TandA HR Solutions,Mohali,1 - 2 Years,1,2,1.5,1,1,False,medio,0,1,1,0
Job Opening for System Admin in IT Company  Mohali,TandA HR Solutions,Mohali,2 - 5 Years,2,5,3.5,3,1,False,medio,0,1,1,0
Job Opening for System Admin in IT Company  Panchkula,TandA HR Solutions,"Panchkula, Mohali",2 - 5 Years,2,5,3.5,3,2,False,medio,0,2,1,0
Urgent opening for Online Bidder for IT Company,TandA HR Solutions,Chandigarh,1 - 4 Years,1,4,2.5,3,1,False,medio,0,1,1,0
Urgent opening for Asp.net Profile for IT Company in Mohali,TandA HR Solutions,Mohali,0 - 1 Years,0,1,0.5,1,1,False,medio,0,1,1,0
Urgent opening for Online Bidder profile for IT Company,TandA HR Solutions,Ludhiana,1 - 4 Years,1,4,2.5,3,1,False,medio,0,1,1,0
Urgent opening for Multimedia Designer for IT company in Panchkula,TandA HR Solutions,Panchkula,2 - 5 Years,2,5,3.5,3,1,False,medio,0,1,1,0
Urgent opening for Online Bidder for IT Company in Mohali,TandA HR Solutions,Mohali,0 - 2 Years,0,2,1.0,2,1,False,medio,0,1,1,0
Urgently Required PHP Developer in An IT Company in Mohali,TandA HR Solutions,"Chandigarh, Mohali",1 - 3 Years,1,3,2.0,2,2,False,medio,0,2,1,0
Opening for HR  &  Admin in IT Company,TandA HR Solutions,Mohali,1 - 4 Years,1,4,2.5,3,1,False,medio,0,1,1,0
Job Opening for Tele Caller in Mohali in IT Industry,TandA HR Solutions,Mohali,1 - 4 Years,1,4,2.5,3,1,False,medio,0,1,1,0
Urgent Opening for Asp.net Profile for IT Company,TandA HR Solutions,Mohali,0 - 1 Years,0,1,0.5,1,1,False,medio,0,1,1,0
Urgent Opening for Tech Lead for IT Company,TandA HR Solutions,Mohali,10 - 13 Years,10,13,11.5,3,1,False,senior,0,1,0,1
URGENT OPENING FOR IT CONSULTANT IN MNC IN PANCHKULA LOCATION,TandA HR Solutions,Panchkula,0 - 1 Years,0,1,0.5,1,1,False,medio,0,1,1,0
Urgent Opening for Business Development Manager in IT Company,TandA HR Solutions,Mohali,0 - 1 Years,0,1,0.5,1,1,False,senior,0,1,0,1
Urgent Opening for Blockchain Engineer in IT Company in Mohali,TandA HR Solutions,Mohali,3 - 6 Years,3,6,4.5,3,1,False,medio,0,1,1,0
Job Opening for Networking Administrator in IT Park Chandigarh,TandA HR Solutions,Chandigarh,1 - 4 Years,1,4,2.5,3,1,False,medio,0,1,1,0
Opening for Data Analyst for IT Company in Mohali,TandA HR Solutions,Mohali,2 - 5 Years,2,5,3.5,3,1,False,medio,0,1,1,0
Opening for SQL DBA in IT Company for Mohali Location,TandA HR Solutions,Mohali,5 - 8 Years,5,8,6.5,3,1,False,medio,0,1,1,0
Opening for System Administrator in IT Company for Mohali location,TandA HR Solutions,Mohali,5 - 10 Years,5,10,7.5,5,1,False,medio,0,1,1,0
Opening for Dot Net Developer in IT Park Mohali,TandA HR Solutions,Mohali,2 - 5 Years,2,5,3.5,3,1,False,medio,0,1,1,0
Opening for Dot Net Developer in Chandigarh IT Park,TandA HR Solutions,Chandigarh,1 - 3 Years,1,3,2.0,2,1,False,medio,0,1,1,0
Opening for Full Stack Developer in Chandigarh IT Park,TandA HR Solutions,Chandigarh,4 - 6 Years,4,6,5.0,2,1,False,medio,0,1,1,0
Opening for Quality Analyst in Chandigarh IT Park Location,TandA HR Solutions,Chandigarh,5 - 8 Years,5,8,6.5,3,1,False,medio,0,1,1,0
Opening for PL / SQL Developer in Mohali IT Park,TandA HR Solutions,Mohali,4 - 10 Years,4,10,7.0,6,1,False,medio,0,1,1,0
Opening for PHP Developer in IT Company for Mohali Location,TandA HR Solutions,Mohali,1 - 3 Years,1,3,2.0,2,1,False,medio,0,1,1,0
Opening for ROR Developer in IT Company for Mohali Location,TandA HR Solutions,Mohali,1 - 4 Years,1,4,2.5,3,1,False,medio,0,1,1,0
Leading IT Company Looking For Content Writer,ADEEBA E SERVICES PVT LTD,Noida/Greater Noida,0 - 3 Years,0,3,1.5,3,1,False,senior,0,1,0,1
Jr / Sr. SEO Executive For IT company in Noida,ADEEBA E SERVICES PVT LTD,Noida/Greater Noida,0 - 3 Years,0,3,1.5,3,1,False,senior,0,1,0,1
Job Opening for Web Developer  IT Park Chandigarh,TandA HR Solutions,Chandigarh,1 - 3 Years,1,3,2.0,2,1,False,medio,0,1,1,0
Job Opening for PHP Programmer  IT Park Chandigarh,TandA HR Solutions,Chandigarh,1 - 3 Years,1,3,2.0,2,1,False,medio,0,1,1,0
Job Opening for PHP Developer  IT Park Chandigarh,TandA HR Solutions,Chandigarh,1 - 3 Years,1,3,2.0,2,1,False,medio,0,1,1,0
IT-Security Management Consultant  ( m / f / d ),CGI Information Systems and Management Consultants Pvt Ltd,Germany,3 - 5 Years,3,5,4.0,2,1,True,medio,1,1,1,0
Lalamove - Office IT Support  ( Part-time ),Lalamove,Hong Kong,0 - 3 Years,0,3,1.5,3,1,False,medio,0,1,1,0
"Managing Director ,  IT Global Professional Services",fedexex,"Pittsburgh, Dallas",10 - 15 Years,10,15,12.5,5,2,False,senior,0,2,0,1
Principal Associate IT - Senior Network Engineer,eurofins it solutions pvt ltd,Bengaluru / Bangalore,8 - 9 Years,8,9,8.5,1,1,False,senior,0,1,0,1
"IT APP Dev Engineer ,  Financial Planning",AMAZON INDIA PVT LTD,Bengaluru / Bangalore,3 - 5 Years,3,5,4.0,2,1,False,medio,0,1,1,0
IT-arkitekt till kund inom offentlig sektor,CGI Information Systems and Management Consultants Pvt Ltd,Sweden,5 - 10 Years,5,10,7.5,5,1,False,medio,0,1,1,0
Hiring for Data Analystfor a IT companyinChandigarh location,TandA HR Solutions,Chandigarh,0 - 2 Years,0,2,1.0,2,1,False,medio,0,1,1,0
Job opening forProject Coordinatorfor a IT companyinChandigarh location,TandA HR Solutions,Chandigarh,0 - 2 Years,0,2,1.0,2,1,False,medio,0,1,1,0
Urgent hiring forReactJSDeveloper for an IT company in Mohali location,TandA HR Solutions,Mohali,1 - 4 Years,1,4,2.5,3,1,False,medio,0,1,1,0
Urgent hiring forNodeJSDeveloperfor a IT companyin Mohali location,TandA HR Solutions,Mohali,1 - 6 Years,1,6,3.5,5,1,False,medio,0,1,1,0
Hiring for Telesales Executive for an IT company in for Bangalore location,TandA HR Solutions,Bengaluru / Bangalore,1 - 3 Years,1,3,2.0,2,1,False,medio,0,1,1,0
Job opening forFront OfficeExecutive for IT company inHyderabadlocation,TandA HR Solutions,Hyderabad/Secunderabad,1 - 4 Years,1,4,2.5,3,1,False,medio,0,1,1,0
Looking for Inside Sales Executive for an IT Company in BangaloreLocation.,TandA HR Solutions,Bengaluru / Bangalore,1 - 4 Years,1,4,2.5,3,1,False,medio,0,1,1,0
Job opening for OnlineBidder for an IT company in Panchkula location,TandA HR Solutions,Panchkula,1 - 3 Years,1,3,2.0,2,1,False,medio,0,1,1,0
Urgently looking forQuality Analystfor an IT company in MohaliLocation,TandA HR Solutions,Mohali,0 - 3 Years,0,3,1.5,3,1,False,medio,0,1,1,0
Urgently looking forTechnical Support for an IT company in MohaliLocation,TandA HR Solutions,Mohali,0 - 1 Years,0,1,0.5,1,1,False,medio,0,1,1,0
Urgently looking for Laravel Developerfor an IT company in MohaliLocation,TandA HR Solutions,Mohali,1 - 4 Years,1,4,2.5,3,1,False,medio,0,1,1,0
Urgently looking for Admin  /  Accountsfor an IT company in MohaliLocation,TandA HR Solutions,Mohali,0 - 1 Years,0,1,0.5,1,1,False,medio,0,1,1,0
Hiring forCustomerSupportExecutivein an IT company in Chandigarh location,TandA HR Solutions,Chandigarh,1 - 2 Years,1,2,1.5,1,1,False,medio,0,1,1,0
Hiring forChat Support Executivefor an IT Companyin MohaliLocation,TandA HR Solutions,Mohali,1 - 3 Years,1,3,2.0,2,1,False,medio,0,1,1,0
Hiring for theDevOpsEngineer /  SrDevOpsfor an IT Company in Delhi Location,TandA HR Solutions,Delhi,7 - 10 Years,7,10,8.5,3,1,False,senior,0,1,0,1
Job opening forBDM for a IT Service provider companyinHyderabadlocation,TandA HR Solutions,Hyderabad/Secunderabad,1 - 4 Years,1,4,2.5,3,1,False,medio,0,1,1,0
Job opening forLaravel Developerfor an IT companyin Mohalilocation,TandA HR Solutions,Mohali,1 - 4 Years,1,4,2.5,3,1,False,medio,0,1,1,0
Looking for Online Bidder for an IT company in Panchkula location,TandA HR Solutions,Panchkula,1 - 3 Years,1,3,2.0,2,1,False,medio,0,1,1,0
Opening for Sales Manager for an IT company for Mohali location,TandA HR Solutions,Mohali,4 - 6 Years,4,6,5.0,2,1,False,senior,0,1,0,1
Hiring for Laravel Developer for an IT company in Mohali location,TandA HR Solutions,Mohali,1 - 4 Years,1,4,2.5,3,1,False,medio,0,1,1,0
Hiring for Laravel Developer for an IT company in Mohali location,TandA HR Solutions,Mohali,2 - 5 Years,2,5,3.5,3,1,False,medio,0,1,1,0
Hiring for Instructional Designer for an IT company in Gurgaon location,TandA HR Solutions,Gurgaon,3 - 5 Years,3,5,4.0,2,1,False,medio,0,1,1,0
Hiring for the Sales Manager in a IT company for Mohali location,TandA HR Solutions,Mohali,4 - 8 Years,4,8,6.0,4,1,False,senior,0,1,0,1
Hiring for the Embedded Engineer in a IT Company for Chandigarh location,TandA HR Solutions,Chandigarh,1 - 2 Years,1,2,1.5,1,1,False,medio,0,1,1,0
Job opening for the PMO in a IT company for Coimbatore location,TandA HR Solutions,Coimbatore,7 - 10 Years,7,10,8.5,3,1,False,medio,0,1,1,0
Hiring for Marketing Executive for an IT company in Noida location,TandA HR Solutions,Noida/Greater Noida,0 - 5 Years,0,5,2.5,5,1,False,medio,0,1,1,0
Looking for PHP Developer for an IT Company in in Mohali Location,TandA HR Solutions,Mohali,3 - 7 Years,3,7,5.0,4,1,False,medio,0,1,1,0
Urgently we are looking for a PMO for an IT Company in BangaloreLocation.,TandA HR Solutions,Bengaluru / Bangalore,8 - 11 Years,8,11,9.5,3,1,False,medio,0,1,1,0
Job openingforAngularDeveloperfor an IT companyin Panchkula location,TandA HR Solutions,Panchkula,3 - 7 Years,3,7,5.0,4,1,False,medio,0,1,1,0
Job openingforthe contentwriter positionin a IT companyforMohali location,TandA HR Solutions,Mohali,0 - 2 Years,0,2,1.0,2,1,False,medio,0,1,1,0
Hiring forTelesales executivesfor an IT companyin Mohali location,TandA HR Solutions,Mohali,1 - 4 Years,1,4,2.5,3,1,False,medio,0,1,1,0
Job opening forFlutterDeveloperfor an IT companyin Bangalore location,TandA HR Solutions,Bengaluru / Bangalore,1 - 4 Years,1,4,2.5,3,1,False,medio,0,1,1,0
Urgently looking for aGraphicDesignerfor an IT Company in Gurgaon Location.,TandA HR Solutions,Gurgaon,3 - 4 Years,3,4,3.5,1,1,False,medio,0,1,1,0
Hiringfor theenterprisesalesposition in a IT companyfor the Gurgaon location,TandA HR Solutions,Gurgaon,3 - 4 Years,3,4,3.5,1,1,False,medio,0,1,1,0
Looking forSR Business developmentManagerfor an IT Industry in Mohalilocation,TandA HR Solutions,Mohali,3 - 6 Years,3,6,4.5,3,1,False,senior,0,1,0,1
Opening forSalesManager for a IT Service provider companyinHyderabadlocation,TandA HR Solutions,Hyderabad/Secunderabad,1 - 4 Years,1,4,2.5,3,1,False,senior,0,1,0,1
Looking forTelesales executivesfor an IT companyin Mohali location,TandA HR Solutions,Mohali,1 - 4 Years,1,4,2.5,3,1,False,medio,0,1,1,0
Job opening forPythonDeveloperprofile for an IT company for Mohali location,TandA HR Solutions,Mohali,3 - 6 Years,3,6,4.5,3,1,False,medio,0,1,1,0
Job opening forArchitect profilefor a IT company inChennailocation,TandA HR Solutions,Chennai,10 - 13 Years,10,13,11.5,3,1,False,senior,0,1,0,1
Job opening forArchitect profilefor a IT company inPunelocation,TandA HR Solutions,Pune,10 - 13 Years,10,13,11.5,3,1,False,senior,0,1,0,1
Urgent hiring forPythonDeveloperprofile for an IT company for Chandigarh location,TandA HR Solutions,"Chandigarh, Mohali",3 - 8 Years,3,8,5.5,5,2,False,medio,0,2,1,0
Hiring for the Software tester profile for IT for Gurgaon location.,TandA HR Solutions,Gurgaon,3 - 4 Years,3,4,3.5,1,1,False,medio,0,1,1,0
Looking forPerformance Marketerfor an IT company inJaipur location,TandA HR Solutions,Jaipur,2 - 6 Years,2,6,4.0,4,1,False,medio,0,1,1,0
Looking forTelesalesexecutivesfor an IT companyin Mohali location,TandA HR Solutions,Mohali,3 - 6 Years,3,6,4.5,3,1,False,medio,0,1,1,0
Job opening forBusinessDevelopmentManagerfor a IT Company forHyderabad and Bangalorelocation,TandA HR Solutions,"Bengaluru / Bangalore, Hyderabad/Secunderabad",1 - 4 Years,1,4,2.5,3,2,False,senior,0,2,0,1
Job opening forBusinessDevelopmentManagerfor a IT Company forBangalorelocation,TandA HR Solutions,Bengaluru / Bangalore,1 - 4 Years,1,4,2.5,3,1,False,senior,0,1,0,1
Looking for the Graphic Designer for an IT Company in Gurgaon Location.,TandA HR Solutions,Gurgaon,3 - 4 Years,3,4,3.5,1,1,False,medio,0,1,1,0
Urgent hiring forPythonDeveloperprofile for an IT company for Chandigarh location,TandA HR Solutions,Chandigarh,4 - 8 Years,4,8,6.0,4,1,False,medio,0,1,1,0
Urgent hiring forPHPDeveloperfor an IT companyin Bangalore  ( WFH ),TandA HR Solutions,Bengaluru / Bangalore,3 - 6 Years,3,6,4.5,3,1,False,medio,0,1,1,0
Job opening forBusiness Analyst for an IT companyin Panchkulalocation,TandA HR Solutions,Panchkula,1 - 4 Years,1,4,2.5,3,1,False,medio,0,1,1,0
Hiring for IT Trainer for a Charitable Trust for Secunderabad Location.,TandA HR Solutions,Hyderabad/Secunderabad,0 - 2 Years,0,2,1.0,2,1,False,medio,0,1,1,0
Hiring for Technical Support for an IT Company for Mohali Location.,TandA HR Solutions,Mohali,2 - 4 Years,2,4,3.0,2,1,False,medio,0,1,1,0
Hiring for Angular Developer for an IT company in Gurgaon Location.,TandA HR Solutions,"Bengaluru / Bangalore, Gurgaon",2 - 4 Years,2,4,3.0,2,2,False,medio,0,2,1,0
Hiring for Shopify Developer for an IT company in Mohali location,TandA HR Solutions,Mohali,4 - 6 Years,4,6,5.0,2,1,False,medio,0,1,1,0
Hiring for Angular Developer for an IT company in Mohali location,TandA HR Solutions,Mohali,4 - 6 Years,4,6,5.0,2,1,False,medio,0,1,1,0
Hiring for Xamarin Developer in an IT Company for WFH,TandA HR Solutions,Bengaluru / Bangalore,4 - 7 Years,4,7,5.5,3,1,False,medio,0,1,1,0
Hiring for Content Writer for an IT company for Mohali location,TandA HR Solutions,Mohali,0 - 2 Years,0,2,1.0,2,1,False,medio,0,1,1,0
Job opening for Trainer for an IT company in Hyderabad location,TandA HR Solutions,Hyderabad/Secunderabad,2 - 5 Years,2,5,3.5,3,1,False,medio,0,1,1,0
Hiring for Escalation  ( Female )  for an IT Company in the Manimajra location,TandA HR Solutions,Chandigarh,2 - 5 Years,2,5,3.5,3,1,False,junior,0,1,0,0
Urgent hiring for Trainer for an IT company in Hyderabad location,TandA HR Solutions,Hyderabad/Secunderabad,2 - 5 Years,2,5,3.5,3,1,False,medio,0,1,1,0
Looking for HR Executive for an IT company in the Mohali location,TandA HR Solutions,Mohali,7 - 10 Years,7,10,8.5,3,1,False,medio,0,1,1,0
Hiring for Postgres DBA for an IT company in Bangalore Location,TandA HR Solutions,Bengaluru / Bangalore,5 - 8 Years,5,8,6.5,3,1,False,medio,0,1,1,0
Urgent hiring for the BDM for an IT company in Mohali location.,TandA HR Solutions,Mohali,2 - 3 Years,2,3,2.5,1,1,False,medio,0,1,1,0
Looking for Sales Executive for an IT company in Mohali location,TandA HR Solutions,Mohali,1 - 2 Years,1,2,1.5,1,1,False,medio,0,1,1,0
Urgent Hiring for IT support for Bangalore location  ( WFO ),TandA HR Solutions,Bengaluru / Bangalore,2 - 3 Years,2,3,2.5,1,1,False,medio,0,1,1,0
Hiring for Reactjs Developer for an IT company for Delhi location,TandA HR Solutions,Delhi,2 - 6 Years,2,6,4.0,4,1,False,medio,0,1,1,0
Hiring for Postgres DBA for an IT company in BangaloreLocation,TandA HR Solutions,Bengaluru / Bangalore,5 - 8 Years,5,8,6.5,3,1,False,medio,0,1,1,0
Urgent hiring forLeadQAEngineerfor MNC IT companyin Gurugramlocation,TandA HR Solutions,Gurgaon,10 - 12 Years,10,12,11.0,2,1,False,senior,0,1,0,1
Job opening forSeniorPHPFull stackfor an IT companyinBangalore location,TandA HR Solutions,Bengaluru / Bangalore,2 - 5 Years,2,5,3.5,3,1,False,senior,0,1,0,1
Looking forSystem Administratorfor a IT Service provider companyinHyderabadlocation,TandA HR Solutions,Hyderabad/Secunderabad,1 - 4 Years,1,4,2.5,3,1,False,medio,0,1,1,0
Urgent hiring forLeadQAEngineerfor MNC IT companyin Mumbailocation,TandA HR Solutions,Mumbai,2 - 6 Years,2,6,4.0,4,1,False,senior,0,1,0,1
Job opening forBDEfor a IT Service provider companyinHyderabadlocation,TandA HR Solutions,Hyderabad/Secunderabad,2 - 4 Years,2,4,3.0,2,1,False,medio,0,1,1,0
Urgent hiring for Content Writerfor an IT companyin Mohalilocation,TandA HR Solutions,Mohali,0 - 3 Years,0,3,1.5,3,1,False,medio,0,1,1,0
Job opening forPHPDeveloperfor a MNC IT companyinChandigarhlocation,TandA HR Solutions,Chandigarh,3 - 6 Years,3,6,4.5,3,1,False,medio,0,1,1,0
Hiring for the Graphic Designerprofile for an IT company for Mohali location,TandA HR Solutions,"Chandigarh, Mohali",0 - 1 Years,0,1,0.5,1,2,False,medio,0,2,1,0
Job opening forWordPressDeveloperfor an IT companyin Mohalilocation,TandA HR Solutions,Mohali,1 - 3 Years,1,3,2.0,2,1,False,medio,0,1,1,0
Hiring forPHP Developerfor a MNC IT companyin Chandigarhlocationv,TandA HR Solutions,Chandigarh,3 - 6 Years,3,6,4.5,3,1,False,medio,0,1,1,0
Looking forHR Executivefor a IT companyin Mohali location,TandA HR Solutions,Mohali,2 - 5 Years,2,5,3.5,3,1,False,medio,0,1,1,0
Hiring for theStrategicPartnershipManager profile for an IT Company for Bangalore location,TandA HR Solutions,Bengaluru / Bangalore,1 - 5 Years,1,5,3.0,4,1,False,senior,0,1,0,1
Hiring forPHP Developerfor an IT Comapny in Mohali Location.,TandA HR Solutions,"Chandigarh, Panchkula, Mohali, Ambala",0 - 2 Years,0,2,1.0,2,4,False,medio,0,4,1,0
Looking forASP.net Developerfor an IT companyin Navi Mumbailocation,TandA HR Solutions,Navi Mumbai,5 - 8 Years,5,8,6.5,3,1,False,medio,0,1,1,0
Hiring forDotNetDeveloper for an IT Comapny inMumbai Location.,TandA HR Solutions,Mumbai,2 - 5 Years,2,5,3.5,3,1,False,medio,0,1,1,0
Job vacancy for theTelecallerprofile for an IT company for Bangalore location,TandA HR Solutions,Bengaluru / Bangalore,2 - 5 Years,2,5,3.5,3,1,False,medio,0,1,1,0
Job opening for WordPressDeveloperfor an IT companyin Mohalilocation,TandA HR Solutions,Mohali,1 - 3 Years,1,3,2.0,2,1,False,medio,0,1,1,0
Hiring forPHP Developerfor a MNC IT companyin Chandigarhlocation,TandA HR Solutions,Chandigarh,3 - 6 Years,3,6,4.5,3,1,False,medio,0,1,1,0
Job opening forSEOExecutivefor a IT companyin Mohali location,TandA HR Solutions,Mohali,1 - 4 Years,1,4,2.5,3,1,False,medio,0,1,1,0
Looking for WordPress Developer for an IT company in Mohali location,TandA HR Solutions,Mohali,0 - 1 Years,0,1,0.5,1,1,False,medio,0,1,1,0
Urgent opening for a SrPythonSupportEngineerfor an IT company forBangalorelocation,TandA HR Solutions,Bengaluru / Bangalore,8 - 12 Years,8,12,10.0,4,1,False,senior,0,1,0,1
Looking forPHP Developerfor a MNC IT companyin Chandigarhlocation,TandA HR Solutions,Chandigarh,3 - 4 Years,3,4,3.5,1,1,False,medio,0,1,1,0
Hiring for theSalesCoordinatorprofile for a IT Hardware company forChennaiand Delhilocations,TandA HR Solutions,"Chennai, Delhi",2 - 5 Years,2,5,3.5,3,2,False,medio,0,2,1,0
Job opening forFlutterDeveloperfor IT Company for Chandigarh location,TandA HR Solutions,Chandigarh,1 - 5 Years,1,5,3.0,4,1,False,medio,0,1,1,0
Job opening forFlutter Developer for an IT Company in Chandigarhlocation,TandA HR Solutions,Chandigarh,1 - 5 Years,1,5,3.0,4,1,False,medio,0,1,1,0
Urgent opening for thePythonDeveloperprofile for an IT company for Mohali location,TandA HR Solutions,Mohali,3 - 8 Years,3,8,5.5,5,1,False,medio,0,1,1,0
job opening forDotNetDeveloperfor an MNC IT companyinMohalilocation,TandA HR Solutions,Mohali,3 - 6 Years,3,6,4.5,3,1,False,medio,0,1,1,0
Looking for WordPress Developer for an IT companyin BanagloreWFH Location.,TandA HR Solutions,Bengaluru / Bangalore,4 - 5 Years,4,5,4.5,1,1,False,medio,0,1,1,0
Hiring for thePythonDeveloperprofile for an IT company for Mohali location,TandA HR Solutions,Mohali,3 - 8 Years,3,8,5.5,5,1,False,medio,0,1,1,0
HiringforUI / UXDesigner for IT Company for the chandigarh Location,TandA HR Solutions,Chandigarh,1 - 5 Years,1,5,3.0,4,1,False,medio,0,1,1,0
Looking forPHPDeveloperfor a MNC IT companyin Chandigarhlocation,TandA HR Solutions,Chandigarh,2 - 4 Years,2,4,3.0,2,1,False,medio,0,1,1,0
Looking for Android Developerprofile for IT companyin Mohali Location,TandA HR Solutions,Mohali,2 - 4 Years,2,4,3.0,2,1,False,medio,0,1,1,0
Looking for DotNET Developerprofile for IT companyin Mohali Location,TandA HR Solutions,Mohali,3 - 5 Years,3,5,4.0,2,1,False,medio,0,1,1,0
Urgent hiring for theEmbeddedDeveloper /  Lead in a IT Company for Bangalorelocation,TandA HR Solutions,Bengaluru / Bangalore,3 - 7 Years,3,7,5.0,4,1,False,senior,0,1,0,1
Urgently looking for DotNETDeveloper for IT companyinMohali Location,TandA HR Solutions,Mohali,3 - 5 Years,3,5,4.0,2,1,False,medio,0,1,1,0
Looking forPHPDeveloperfor a MNC IT companyin Chandigarhlocation,TandA HR Solutions,Chandigarh,3 - 6 Years,3,6,4.5,3,1,False,medio,0,1,1,0
Job opening forCustomerSupportExecutivein an IT company in Chandigarh location,TandA HR Solutions,Chandigarh,2 - 5 Years,2,5,3.5,3,1,False,medio,0,1,1,0
Hiring for Android Developer for an IT company in Mohali Location.,TandA HR Solutions,Mohali,2 - 4 Years,2,4,3.0,2,1,False,medio,0,1,1,0
Hiring for Android Developerfor an IT company in Mohali Location,TandA HR Solutions,Mohali,2 - 4 Years,2,4,3.0,2,1,False,medio,0,1,1,0
Hiring for Sr.phPDeveloperfor an IT company in Navi Mumbai location.,TandA HR Solutions,Navi Mumbai,3 - 6 Years,3,6,4.5,3,1,False,senior,0,1,0,1
Hiring forCustomerSupportExecutivein an IT company in Mohali location,TandA HR Solutions,Mohali,2 - 5 Years,2,5,3.5,3,1,False,medio,0,1,1,0
Job opening forPHPDeveloperfor a MNC IT companyin Chandigarhlocation,TandA HR Solutions,Chandigarh,3 - 6 Years,3,6,4.5,3,1,False,medio,0,1,1,0
Urgent hiring for theDigitalMarketingprofile in IT company for Delhi location,TandA HR Solutions,Delhi,1 - 5 Years,1,5,3.0,4,1,False,medio,0,1,1,0
Opening forPythonDeveloperprofile for an IT company for Panchkula location,TandA HR Solutions,Panchkula,3 - 6 Years,3,6,4.5,3,1,False,medio,0,1,1,0
Hiring for theMERNStackEngineer for IT MNC Company for Chandigarh,TandA HR Solutions,Chandigarh,2 - 9 Years,2,9,5.5,7,1,False,medio,0,1,1,0
Hiring for IT Teacher for Gurgaon location for Education Company,TandA HR Solutions,"Gurgaon, Mohali",2 - 4 Years,2,4,3.0,2,2,False,medio,0,2,1,0
Hiring forCustomerSupportExecutivein an IT company in Mohali location,TandA HR Solutions,Mohali,1 - 2 Years,1,2,1.5,1,1,False,medio,0,1,1,0
Job opening forFlutterDeveloperfor IT Company for Mohali location,TandA HR Solutions,Mohali,1 - 5 Years,1,5,3.0,4,1,False,medio,0,1,1,0
Job opening for theMERNStackEngineer for IT MNC Company for Chandigarh,TandA HR Solutions,Chandigarh,2 - 9 Years,2,9,5.5,7,1,False,medio,0,1,1,0
Hiring for Software Developer in a IT Company for Pune location.,TandA HR Solutions,Pune,2 - 5 Years,2,5,3.5,3,1,False,medio,0,1,1,0
Vacancy for the Graphic Designer for an MNC IT Company in Chandigarh,TandA HR Solutions,Chandigarh,3 - 7 Years,3,7,5.0,4,1,False,medio,0,1,1,0
Opening for PHP Developer in a IT Company for Mohali location.,TandA HR Solutions,Mohali,1 - 5 Years,1,5,3.0,4,1,False,medio,0,1,1,0
Opening for the Android Developer for an IT Company in Hyderabad Location.,TandA HR Solutions,Hyderabad/Secunderabad,3 - 5 Years,3,5,4.0,2,1,False,medio,0,1,1,0
Opening for the SQL Developer at IT Company in Hyderabad Location,TandA HR Solutions,Hyderabad/Secunderabad,3 - 4 Years,3,4,3.5,1,1,False,medio,0,1,1,0
Hiring for the Training Coordinator for Hyderabad location in a IT Company.,TandA HR Solutions,Hyderabad/Secunderabad,3 - 4 Years,3,4,3.5,1,1,False,medio,0,1,1,0
Urgent hiring for Web Developer in IT company for Panchkula,TandA HR Solutions,Panchkula,0 - 2 Years,0,2,1.0,2,1,False,medio,0,1,1,0
Hiring for the PLM for Hyderabad Location in a IT Company.,TandA HR Solutions,Hyderabad/Secunderabad,4 - 6 Years,4,6,5.0,2,1,False,medio,0,1,1,0
Opening for Full Stack in IT Industry for Delhi location,TandA HR Solutions,Delhi,1 - 5 Years,1,5,3.0,4,1,False,medio,0,1,1,0
The requirement for Developer in IT Industry for Delhi location,TandA HR Solutions,Delhi,1 - 5 Years,1,5,3.0,4,1,False,medio,0,1,1,0
Requirement for Online Bidder in IT Industry for Mohali location,TandA HR Solutions,Mohali,1 - 2 Years,1,2,1.5,1,1,False,medio,0,1,1,0
Requirement for PHP Developer in IT Industry for Mohali location,TandA HR Solutions,Mohali,1 - 4 Years,1,4,2.5,3,1,False,medio,0,1,1,0
Requirement for Web Designer in IT Industry for Mohali location,TandA HR Solutions,Mohali,0 - 1 Years,0,1,0.5,1,1,False,medio,0,1,1,0
Requirement for Graphic Designer in IT Industry for Mohali location,TandA HR Solutions,Mohali,0 - 1 Years,0,1,0.5,1,1,False,medio,0,1,1,0
Requirement for Project Manager in IT Industry for Mohali location,TandA HR Solutions,Mohali,2 - 3 Years,2,3,2.5,1,1,False,senior,0,1,0,1
Opening for the JAVA Developer in a IT Company for Chandigarh Location.,TandA HR Solutions,Chandigarh,0 - 3 Years,0,3,1.5,3,1,False,medio,0,1,1,0
Job opening for Academic Writer IT in Ludhiana,TandA HR Solutions,Ludhiana,1 - 3 Years,1,3,2.0,2,1,False,medio,0,1,1,0
The requirement for PHP Developer in IT Industry for Hyderabad location,TandA HR Solutions,Hyderabad/Secunderabad,2 - 5 Years,2,5,3.5,3,1,False,medio,0,1,1,0
Opening for PHP Developer in IT Industry for Chandigarh,TandA HR Solutions,Chandigarh,1 - 2 Years,1,2,1.5,1,1,False,medio,0,1,1,0
Opening for JAVA Developer in IT Industry for Chandigarh,TandA HR Solutions,Chandigarh,1 - 2 Years,1,2,1.5,1,1,False,medio,0,1,1,0
Opening of Dot net developer for Mohali in IT Company,TandA HR Solutions,Mohali,1 - 2 Years,1,2,1.5,1,1,False,medio,0,1,1,0
Looking for the IOS Developer Mohali location in a IT Company.,TandA HR Solutions,Mohali,3 - 6 Years,3,6,4.5,3,1,False,medio,0,1,1,0
Looking for the Training Coordinator for Hyderabad location in a IT Company.,TandA HR Solutions,Hyderabad/Secunderabad,3 - 4 Years,3,4,3.5,1,1,False,medio,0,1,1,0
Hiring for the Siemens PLM for Hyderabad Location in a IT Company.,TandA HR Solutions,Hyderabad/Secunderabad,4 - 6 Years,4,6,5.0,2,1,False,medio,0,1,1,0
Hiring for PHP Developer for an IT Company for Mohali Location,TandA HR Solutions,Mohali,2 - 3 Years,2,3,2.5,1,1,False,medio,0,1,1,0
Opening for WordPress Developer for an IT Company for Mohali Location,TandA HR Solutions,Mohali,1 - 3 Years,1,3,2.0,2,1,False,medio,0,1,1,0
Hiring for the Web Designer for the IT Company in Mohali Location.,TandA HR Solutions,Mohali,0 - 3 Years,0,3,1.5,3,1,False,medio,0,1,1,0
Hiring for PHP Developer for an IT Company for Mohali Location,TandA HR Solutions,Mohali,1 - 5 Years,1,5,3.0,4,1,False,medio,0,1,1,0
Hiring for Software Engineer for Chandigarh location in IT Industry,TandA HR Solutions,Chandigarh,7 - 10 Years,7,10,8.5,3,1,False,medio,0,1,1,0
Hiring for the Java Developer in IT Company for the Mohali location.,TandA HR Solutions,Mohali,3 - 8 Years,3,8,5.5,5,1,False,medio,0,1,1,0
Hiring for the ASP.net c# in a IT Company for Gurgaon location.,TandA HR Solutions,Gurgaon,4 - 8 Years,4,8,6.0,4,1,False,medio,0,1,1,0
Hiring for the ASP.net c# in a IT Company for Gurgaon location.,TandA HR Solutions,Gurgaon,1 - 4 Years,1,4,2.5,3,1,False,medio,0,1,1,0
Requirement for Online Bidder in the IT Industry for Moh,TandA HR Solutions,Mohali,0 - 1 Years,0,1,0.5,1,1,False,medio,0,1,1,0
Looking for the Accountant profile in a IT company for Mohali location.,TandA HR Solutions,Mohali,1 - 2 Years,1,2,1.5,1,1,False,medio,0,1,1,0
Looking for HR Profile in a IT company for Mohali location.,TandA HR Solutions,Mohali,1 - 2 Years,1,2,1.5,1,1,False,medio,0,1,1,0
Opening for WordPress Developer for an IT Company for Mohali Location,TandA HR Solutions,Mohali,0 - 3 Years,0,3,1.5,3,1,False,medio,0,1,1,0
Vacancy for Prestashop developer in IT Company for Bangalore location,TandA HR Solutions,Bengaluru / Bangalore,1 - 4 Years,1,4,2.5,3,1,False,medio,0,1,1,0
Hiring for SEO Executive profile for IT Company in Mohali,TandA HR Solutions,Mohali,5 - 7 Years,5,7,6.0,2,1,False,medio,0,1,1,0
Hiring for Sr. SEO profile for IT Company in Mohali,TandA HR Solutions,Mohali,6 - 7 Years,6,7,6.5,1,1,False,senior,0,1,0,1
Hiring for SEO Executive profile for IT Company in Mohali,TandA HR Solutions,Mohali,0 - 1 Years,0,1,0.5,1,1,False,medio,0,1,1,0
Vacancy for HR Representative in IT Company for Mohali location,TandA HR Solutions,Mohali,2 - 5 Years,2,5,3.5,3,1,False,medio,0,1,1,0
Hiring Desktop Engineer in IT Company for Chennai location,TandA HR Solutions,Chennai,1 - 2 Years,1,2,1.5,1,1,False,medio,0,1,1,0
Vacancy for the -Embedded Systems Engineer for an IT Company in Pune,TandA HR Solutions,Pune,2 - 3 Years,2,3,2.5,1,1,False,medio,0,1,1,0
Looking for Market Researcher in IT company for Pune location,TandA HR Solutions,Pune,1 - 2 Years,1,2,1.5,1,1,False,medio,0,1,1,0
Looking for PHP Developer in IT Company for Ludhiana location,TandA HR Solutions,Ludhiana,2 - 5 Years,2,5,3.5,3,1,False,medio,0,1,1,0
Required SEO Executive for an IT Company in Mohali Location,TandA HR Solutions,Mohali,0 - 1 Years,0,1,0.5,1,1,False,medio,0,1,1,0
Hiring a WordPress Developer in IT Company for Mohali location,TandA HR Solutions,Mohali,1 - 4 Years,1,4,2.5,3,1,False,medio,0,1,1,0
Vacancy for IT Development Manager for Chandigarh in an MNC company,TandA HR Solutions,Chandigarh,8 - 14 Years,8,14,11.0,6,1,False,senior,0,1,0,1
Vacancy for PHP Developer in IT Company for Ludhiana location,TandA HR Solutions,Ludhiana,4 - 7 Years,4,7,5.5,3,1,False,medio,0,1,1,0
Hiring for C Developer for an IT Company in Gurgaon,TandA HR Solutions,Gurgaon,2 - 5 Years,2,5,3.5,3,1,False,medio,0,1,1,0
Vacancy for Android Developer for IT Company in Gurgaon,TandA HR Solutions,Gurgaon,3 - 5 Years,3,5,4.0,2,1,False,medio,0,1,1,0
Opening for Data Engineer for an IT Company in Mohali Location,TandA HR Solutions,Mohali,3 - 5 Years,3,5,4.0,2,1,False,medio,0,1,1,0
Hiring MLOps Engineer for an IT Company in Mohali Location,TandA HR Solutions,Mohali,3 - 5 Years,3,5,4.0,2,1,False,medio,0,1,1,0
Hiring ERP admin for an IT Company in Pune location,TandA HR Solutions,Pune,1 - 4 Years,1,4,2.5,3,1,False,medio,0,1,1,0
Hiring Drupal Developers for an IT company of Pune,TandA HR Solutions,Pune,3 - 6 Years,3,6,4.5,3,1,False,medio,0,1,1,0
Looking for PHP Developer in IT company for Mohali location,TandA HR Solutions,Mohali,1 - 5 Years,1,5,3.0,4,1,False,medio,0,1,1,0
Vacancy for Web Designer in IT company for Mohali location,TandA HR Solutions,Mohali,0 - 1 Years,0,1,0.5,1,1,False,medio,0,1,1,0
Hiring for Community Manager for an IT Company in Gurgaon location,TandA HR Solutions,Gurgaon,1 - 6 Years,1,6,3.5,5,1,False,senior,0,1,0,1
Hiring for Web developer profile for an IT Company in Bangalore,TandA HR Solutions,"Chennai, Bengaluru / Bangalore",1 - 4 Years,1,4,2.5,3,2,False,medio,0,2,1,0
Hiring for IT professional for Hospital for Chandigarh Location.,TandA HR Solutions,Chandigarh,3 - 5 Years,3,5,4.0,2,1,False,medio,0,1,1,0
Hiring for HR Executive for an IT Company for Mohali Location.,TandA HR Solutions,Mohali,1 - 3 Years,1,3,2.0,2,1,False,medio,0,1,1,0
Hiring for Java Developer for an IT Company for Mohali Location.,TandA HR Solutions,Mohali,0 - 3 Years,0,3,1.5,3,1,False,medio,0,1,1,0
Hiring for React Developer for an IT Company for Mohali Location.,TandA HR Solutions,Mohali,1 - 3 Years,1,3,2.0,2,1,False,medio,0,1,1,0
Hiring for Sr Quality Engineer for an IT company in Gurgaon.,TandA HR Solutions,Gurgaon,5 - 7 Years,5,7,6.0,2,1,False,senior,0,1,0,1
Hiring for Angular Developer for an IT company in Bangalore Location.,TandA HR Solutions,Bengaluru / Bangalore,2 - 4 Years,2,4,3.0,2,1,False,medio,0,1,1,0
Role of Business Analyst in a leading IT Company in Chandigarh,TandA HR Solutions,Chandigarh,5 - 7 Years,5,7,6.0,2,1,False,senior,0,1,0,1
Hiring for PHP Developer for Chandigarh Location for an IT Company,TandA HR Solutions,Chandigarh,1 - 2 Years,1,2,1.5,1,1,False,medio,0,1,1,0
Hiring for the PHP Developer for Mohali location in IT Industry,TandA HR Solutions,Mohali,0 - 1 Years,0,1,0.5,1,1,False,medio,0,1,1,0
Job opening for PHP Developer for Mohali in the IT Industry.,TandA HR Solutions,Mohali,3 - 4 Years,3,4,3.5,1,1,False,medio,0,1,1,0
Job opening for ROR Developer for Mohali in the IT Industry.,TandA HR Solutions,Mohali,2 - 4 Years,2,4,3.0,2,1,False,medio,0,1,1,0
Job opening for IOS Developer for Mohali in the IT Industry.,TandA HR Solutions,Mohali,1 - 2 Years,1,2,1.5,1,1,False,medio,0,1,1,0
Job opening for Android Developer for Mohali in the IT Industry.,TandA HR Solutions,Mohali,1 - 3 Years,1,3,2.0,2,1,False,medio,0,1,1,0
Job opening for Java Developer for Mohali in the IT Industry.,TandA HR Solutions,Mohali,4 - 7 Years,4,7,5.5,3,1,False,medio,0,1,1,0
Job opening for Project Manager for Mohali in the IT Industry.,TandA HR Solutions,Mohali,1 - 3 Years,1,3,2.0,2,1,False,senior,0,1,0,1
Opening of Business Analyst for Chandigarh in IT Comapny,TandA HR Solutions,Chandigarh,5 - 8 Years,5,8,6.5,3,1,False,medio,0,1,1,0
Opening for Dot Not profile in IT company at Hyderabad,TandA HR Solutions,Hyderabad/Secunderabad,2 - 5 Years,2,5,3.5,3,1,False,medio,0,1,1,0
Post for Dot Not profile in IT company at Hyderabad,TandA HR Solutions,Hyderabad/Secunderabad,1 - 4 Years,1,4,2.5,3,1,False,medio,0,1,1,0
Requirement for PHP Developer for an IT Company in Mohali Location,TandA HR Solutions,Mohali,2 - 3 Years,2,3,2.5,1,1,False,medio,0,1,1,0
Looking for Project Manager for IT company for Panchkula location,TandA HR Solutions,Panchkula,3 - 6 Years,3,6,4.5,3,1,False,senior,0,1,0,1
Looking for ROR Developer for IT company for Panchkula location,TandA HR Solutions,Panchkula,4 - 7 Years,4,7,5.5,3,1,False,medio,0,1,1,0
Looking for NodeJS Developer for IT company for Panchkula location,TandA HR Solutions,Panchkula,4 - 7 Years,4,7,5.5,3,1,False,medio,0,1,1,0
Hiring for the IT Officer for a Manufacturing Company in Chandigarh Location,TandA HR Solutions,Chandigarh,2 - 3 Years,2,3,2.5,1,1,False,medio,0,1,1,0
Hiring the IT Officer for an Manufacturing Company in Chandigarh,TandA HR Solutions,Chandigarh,2 - 3 Years,2,3,2.5,1,1,False,medio,0,1,1,0
Hiring for the Android Developer for an IT Company in Mohali Location,TandA HR Solutions,Mohali,2 - 5 Years,2,5,3.5,3,1,False,medio,0,1,1,0
Hiring for Junior BDE in Mohali for an IT company,TandA HR Solutions,Mohali,1 - 4 Years,1,4,2.5,3,1,False,junior,0,1,0,0
Opening for Web Developer in Mohali for an IT company,TandA HR Solutions,Mohali,2 - 3 Years,2,3,2.5,1,1,False,medio,0,1,1,0
Post Vacant for IOS Developer in Mohali for an IT company,TandA HR Solutions,Mohali,2 - 3 Years,2,3,2.5,1,1,False,medio,0,1,1,0
Hiring for Marketing Executive in an IT Company for Delhi location.,TandA HR Solutions,Delhi,1 - 4 Years,1,4,2.5,3,1,False,medio,0,1,1,0
A requirement for Marketing Executive in an IT Company for Ludhiana location.,TandA HR Solutions,Ludhiana,1 - 4 Years,1,4,2.5,3,1,False,medio,0,1,1,0
Hiring for the Software Engineer in an IT Company for Ludhiana location.,TandA HR Solutions,Ludhiana,1 - 4 Years,1,4,2.5,3,1,False,medio,0,1,1,0
Requirement for Shopify Developers for an IT company in Bangalore Location,TandA HR Solutions,Bengaluru / Bangalore,1 - 3 Years,1,3,2.0,2,1,False,medio,0,1,1,0
Requirement for the Network Analyst in a IT Company for the Mumbai location,TandA HR Solutions,Mumbai,8 - 15 Years,8,15,11.5,7,1,False,medio,0,1,1,0
Opening for IOS Developer for Mohali location for an IT company,TandA HR Solutions,Mohali,1 - 2 Years,1,2,1.5,1,1,False,medio,0,1,1,0
Hiring for the PHP Developer in a IT Company for the Mohali location.,TandA HR Solutions,Mohali,1 - 3 Years,1,3,2.0,2,1,False,medio,0,1,1,0
Hiring for the Web Developer in a IT Company for Mohali location.,TandA HR Solutions,Mohali,2 - 3 Years,2,3,2.5,1,1,False,medio,0,1,1,0
Hiring for Marketing Executive in Mohali for IT Company,TandA HR Solutions,Mohali,1 - 2 Years,1,2,1.5,1,1,False,medio,0,1,1,0
Hiring for Graphic Designer in Mohali for IT Company,TandA HR Solutions,Mohali,2 - 5 Years,2,5,3.5,3,1,False,medio,0,1,1,0
Hiring for Digital Marketing Executive in Mohali for IT Company,TandA HR Solutions,Mohali,2 - 5 Years,2,5,3.5,3,1,False,medio,0,1,1,0
Hiring for Business Development Manager in Mohali for IT Company,TandA HR Solutions,Mohali,2 - 5 Years,2,5,3.5,3,1,False,senior,0,1,0,1
Hiring for Team Leader for an IT company for Mohali location,TandA HR Solutions,Mohali,2 - 5 Years,2,5,3.5,3,1,False,senior,0,1,0,1
Hiring for the PHP Developer in an IT Company for Chandigarh location.,TandA HR Solutions,Chandigarh,2 - 3 Years,2,3,2.5,1,1,False,medio,0,1,1,0
Opening for Shopify Developers for Bangalore Location for and IT company,TandA HR Solutions,Bengaluru / Bangalore,1 - 3 Years,1,3,2.0,2,1,False,medio,0,1,1,0
Hiring for the PHP Developer in an IT Company for Mohali location.,TandA HR Solutions,Mohali,2 - 5 Years,2,5,3.5,3,1,False,medio,0,1,1,0
Opening for Operation Manager in a IT Company for Bangalore location.,TandA HR Solutions,Bengaluru / Bangalore,0 - 1 Years,0,1,0.5,1,1,False,senior,0,1,0,1
Requirement for PHP Developer for IT Company in Mohali location,TandA HR Solutions,Mohali,0 - 3 Years,0,3,1.5,3,1,False,medio,0,1,1,0
Requirement for iOS Developer for IT Company for Bangalore Location,TandA HR Solutions,Bengaluru / Bangalore,1 - 2 Years,1,2,1.5,1,1,False,medio,0,1,1,0
Hiring for Android Developer for IT Company for Bangalore Location,TandA HR Solutions,Bengaluru / Bangalore,1 - 2 Years,1,2,1.5,1,1,False,medio,0,1,1,0
Opening for Creative Designer in a IT Company for Gurgaon Location,TandA HR Solutions,Gurgaon,2 - 5 Years,2,5,3.5,3,1,False,medio,0,1,1,0
Hiring for Android Developer in IT company for Bangalore Location,TandA HR Solutions,Bengaluru / Bangalore,3 - 6 Years,3,6,4.5,3,1,False,medio,0,1,1,0
Hiring for BDE profile in a IT Company For Mohali Location,TandA HR Solutions,Mohali,5 - 7 Years,5,7,6.0,2,1,False,medio,0,1,1,0
Hiring for HR in MNC IT company for Mohali location,TandA HR Solutions,Mohali,3 - 6 Years,3,6,4.5,3,1,False,medio,0,1,1,0
Opening for .net Freshers in a IT Company for Mohali Location,TandA HR Solutions,Mohali,1 - 3 Years,1,3,2.0,2,1,False,junior,0,1,0,0
Opening for Azure developer in a IT Company For Mohali location,TandA HR Solutions,Mohali,4 - 7 Years,4,7,5.5,3,1,False,medio,0,1,1,0
Hiring for Android developer profile for IT Company in Panchkula,TandA HR Solutions,Panchkula,2 - 3 Years,2,3,2.5,1,1,False,medio,0,1,1,0
Hiring for .net developer profile for IT Company in Panchkula,TandA HR Solutions,Panchkula,2 - 3 Years,2,3,2.5,1,1,False,medio,0,1,1,0
Hiring for Oracle Fusion profile in a IT Company For Panchkula,TandA HR Solutions,Panchkula,2 - 3 Years,2,3,2.5,1,1,False,medio,0,1,1,0
Opening for Logistics Executive in a IT company for Mohali location,TandA HR Solutions,Mohali,1 - 2 Years,1,2,1.5,1,1,False,medio,0,1,1,0
Hiring for theBDEfor IT sales in ITcompany in chandigarhLocation.,TandA HR Solutions,Chandigarh,3 - 6 Years,3,6,4.5,3,1,False,medio,0,1,1,0
Hiring for theITProject Managerprofile for IT company forBangaloreLocation.,TandA HR Solutions,Bengaluru / Bangalore,4 - 5 Years,4,5,4.5,1,1,False,senior,0,1,0,1
Hiring forPythonDeveloperprofile for an IT company for Chandigarh location,TandA HR Solutions,"Chandigarh, Mohali",4 - 8 Years,4,8,6.0,4,2,False,medio,0,2,1,0
Looking for PHP Developer for IT Company for Mohali location,TandA HR Solutions,Mohali,4 - 5 Years,4,5,4.5,1,1,False,medio,0,1,1,0
Job opening for theSEOExecutiveprofile for IT Company for Mohali location,TandA HR Solutions,Mohali,0 - 1 Years,0,1,0.5,1,1,False,medio,0,1,1,0
Urgent hiringfor theFullStackDeveloperfor the IT company in theMohalilocation,TandA HR Solutions,Mohali,3 - 6 Years,3,6,4.5,3,1,False,medio,0,1,1,0
Job Opening for IT Officer profile for Chandigarh location,TandA HR Solutions,"Chandigarh, Mohali",3 - 4 Years,3,4,3.5,1,2,False,medio,0,2,1,0
Urgent hiring for Reactnativedeveloperfor an IT company in Mohali location,TandA HR Solutions,"Bengaluru / Bangalore, Mohali",1 - 3 Years,1,3,2.0,2,2,False,medio,0,2,1,0
Hiringfor theenterprisesalesposition in a IT companyfor the Gurgaon location,TandA HR Solutions,Gurgaon,3 - 5 Years,3,5,4.0,2,1,False,medio,0,1,1,0
Looking for Sales Executive in IT Industry for Bangalore Location,TandA HR Solutions,Bengaluru / Bangalore,3 - 6 Years,3,6,4.5,3,1,False,medio,0,1,1,0
090524 IT Cloud Manager_L8_Hosting Services_a,DXC Technologies,Bengaluru / Bangalore,3 - 8 Years,3,8,5.5,5,1,False,senior,0,1,0,1
Senior Resiliency Analyst  IT Disaster Recovery,Optum Global Solutions  ( India )  Private Limited,Philippines,5 - 8 Years,5,8,6.5,3,1,False,senior,0,1,0,1
Info Security Risk Consultant  IT / IS Compliance or Audit,Optum Global Solutions  ( India )  Private Limited,Philippines,5 - 8 Years,5,8,6.5,3,1,False,medio,0,1,1,0
Unit Manager - IT / Senior Unit Manager - ...,Bajaj Finserv Lending Ltd,Pune,4 - 6 Years,4,6,5.0,2,1,False,senior,0,1,0,1
IT Project Senior Consultant Job Details | SAP,SAP Ariba,Pune,8 - 12 Years,8,12,10.0,4,1,False,senior,0,1,0,1
Recruiters- IT / FMCG / BPO / Oil  &  Gas,Aziels Technologies Pvt Ltd,Noida/Greater Noida,2 - 7 Years,2,7,4.5,5,1,False,medio,0,1,1,0
Senior Data Center IT Support Technician,Microsoft India Pvt Ltd,Unknown,5 - 8 Years,5,8,6.5,3,1,False,senior,0,1,0,1
Senior IT Projektleitung  ( m / w / d ),CGI Information Systems and Management Consultants Pvt Ltd,Germany,5 - 10 Years,5,10,7.5,5,1,True,senior,1,1,0,1
Onsite IT Support Techniker  ( m / f / d ),DXC Technologies,Germany,2 - 5 Years,2,5,3.5,3,1,True,medio,1,1,1,0
Solution Architect - Medical IT  ( m / w / d ),DXC Technologies,Germany,5 - 8 Years,5,8,6.5,3,1,True,senior,1,1,0,1
Senior IT Operations Consultant  Space Unit,CGI Information Systems and Management Consultants Pvt Ltd,"Netherlands, Spain, France",5 - 8 Years,5,8,6.5,3,3,True,senior,1,3,0,1
Senior Consultant Cybersecurity  &  IT risk - Aviation,CGI Information Systems and Management Consultants Pvt Ltd,Netherlands,3 - 10 Years,3,10,6.5,7,1,True,senior,1,1,0,1
IT Project Manager for Energy  &  Utility,CGI Information Systems and Management Consultants Pvt Ltd,Unknown,5 - 7 Years,5,7,6.0,2,1,False,senior,0,1,0,1
Unit Manager - IT / Senior Unit Manager - ...,Bajaj Finserv Lending Ltd,Pune,5 - 8 Years,5,8,6.5,3,1,False,senior,0,1,0,1
IT Automation on IBM Power Product Management,IBM India Pvt Ltd,Bengaluru / Bangalore,2 - 3 Years,2,3,2.5,1,1,False,medio,0,1,1,0
Senior Data Center IT Support Technician  ( DCT ),Microsoft India Pvt Ltd,Japan,2 - 5 Years,2,5,3.5,3,1,False,senior,0,1,0,1
IT Service Desk Specialist  ( m / f / d ),Nagarro India Pvt Ltd,"Germany, Switzerland, France",2 - 4 Years,2,4,3.0,2,3,True,medio,1,3,1,0
Senior Data Center IT Support Technician,Microsoft India Pvt Ltd,Atlanta,2 - 5 Years,2,5,3.5,3,1,False,senior,0,1,0,1
Projektmanager mit IT-Bezug  ( m / w / d ),CGI Information Systems and Management Consultants Pvt Ltd,Germany,5 - 10 Years,5,10,7.5,5,1,True,senior,1,1,0,1
"Lead Specialist ,  IT Support at Fiserv ,  Inc.",fiserv ce pvt ltd,Pune,8 - 11 Years,8,11,9.5,3,1,False,senior,0,1,0,1
"Specialist ,  IT Systems Administration at Fiserv ,  Inc.",fiserv ce pvt ltd,Pune,3 - 5 Years,3,5,4.0,2,1,False,medio,0,1,1,0
"Specialist ,  IT Systems Administration at Fiserv ,  Inc.",fiserv ce pvt ltd,Pune,5 - 8 Years,5,8,6.5,3,1,False,medio,0,1,1,0
IT-Consultant Azure Infrastruktur  ( m / f / d ),CGI Information Systems and Management Consultants Pvt Ltd,Germany,5 - 8 Years,5,8,6.5,3,1,True,medio,1,1,1,0
"Software Engineer , Software Developer",Laxmi Infotech,"Ahmedabad, Delhi, Gurgaon, Kolkata, Noida/Greater Noida",0 - 3 Years,0,3,1.5,3,5,False,medio,0,5,1,0
"Software engineer - , .net / c# / asp.net / vb.net / SQL Server",New Global Technologies,"Bengaluru / Bangalore, Chennai, Hyderabad/Secunderabad, Mumbai, Pune",0 - 3 Years,0,3,1.5,3,5,False,medio,0,5,1,0
System / IT Support Engineer Bangalore Tech  Network / IT admin  /  Consultant  /  On-site,epifi - asuureedge global services pvt ltd,Bengaluru / Bangalore,4 - 7 Years,4,7,5.5,3,1,False,medio,0,1,1,0
Opening for Java Technical Lead in IT MNC Company for IT Park Chandigarh Location,TandA HR Solutions,Chandigarh,8 - 12 Years,8,12,10.0,4,1,False,senior,0,1,0,1
Hiring for the IT Support profile for an IT company for Gurgaon location  ( work from office ),TandA HR Solutions,Gurgaon,3 - 8 Years,3,8,5.5,5,1,False,medio,0,1,1,0
Opening for the IT Admin profile for an IT company for Gurgaon location  ( work from office ),TandA HR Solutions,Gurgaon,3 - 8 Years,3,8,5.5,5,1,False,medio,0,1,1,0
Looking for Hardware Engineer in IT Infrastructure Department for an IT Solutions Provider Company for Karnataka Locati,TandA HR Solutions,Kolar,1 - 4 Years,1,4,2.5,3,1,False,medio,0,1,1,0
Vacancy for Sr. IT System Engineer profile in MNC IT Company in Mohali location,TandA HR Solutions,Mohali,5 - 7 Years,5,7,6.0,2,1,False,senior,0,1,0,1
Job Opening for IT System Engineer profile in MNC IT Company in Mohali location,TandA HR Solutions,Mohali,5 - 7 Years,5,7,6.0,2,1,False,medio,0,1,1,0
"Technical Delivery Manager , Technical Associate",HR Jobs Placements,"Ahmedabad, Bengaluru / Bangalore, Chennai, Delhi, Gurgaon",9 - 14 Years,9,14,11.5,5,5,False,senior,0,5,0,1
QA Engineer  / software testing,New Global Technologies,"Bengaluru / Bangalore, Chennai, Hyderabad/Secunderabad, Mumbai, Pune",0 - 3 Years,0,3,1.5,3,5,False,medio,0,5,1,0
Hiring For Varonis,krazy mantra hr solutions,"Chennai, Bengaluru / Bangalore",5 - 9 Years,5,9,7.0,4,2,False,medio,0,2,1,0
Senior Executive,SEVEN CONSULTANCY,"Delhi, Delhi/NCR",2 - 5 Years,2,5,3.5,3,2,False,senior,0,2,0,1
Business Development Executive,SEVEN CONSULTANCY,"Hyderabad/Secunderabad, Chennai",3 - 6 Years,3,6,4.5,3,2,False,medio,0,2,1,0
Sr Manager,SEVEN CONSULTANCY,Hyderabad/Secunderabad,0 - 3 Years,0,3,1.5,3,1,False,senior,0,1,0,1
Associate Technical Recruiter,RANGAM INFOTECH PVT. LTD.,Vadodara,0 - 3 Years,0,3,1.5,3,1,False,junior,0,1,0,0
Business Development Executive,SplendorNet Technologies Pvt. Ltd.,Pune,1 - 2 Years,1,2,1.5,1,1,False,medio,0,1,1,0
HR Executive  /  Recruiter,Doconline Health India,Hyderabad/Secunderabad,1 - 4 Years,1,4,2.5,3,1,False,medio,0,1,1,0
HR Executive,Boyen Haddin Consultants LLP,Mumbai,0 - 3 Years,0,3,1.5,3,1,False,medio,0,1,1,0
Business Development Executive,axnol digital solutions private limited,Thiruvananthapuram,1 - 4 Years,1,4,2.5,3,1,False,medio,0,1,1,0
Job Opening for Android Developers,TandA HR Solutions,"Chandigarh, Mohali",2 - 4 Years,2,4,3.0,2,2,False,medio,0,2,1,0
SEO EXECUTIVE,Webrife Infotech Systems,Noida/Greater Noida,2 - 7 Years,2,7,4.5,5,1,False,medio,0,1,1,0
Schlerpraktikum  ( schulisches Pflichtpraktikum ),Dell India,Germany,0 - 3 Years,0,3,1.5,3,1,True,medio,1,1,1,0
"Site IT Lead - SAP ,  Infrastructure ,  Information Security ,  Pharma",infinity business solutions pvt ltd,Hyderabad/Secunderabad,10 - 20 Years,10,20,15.0,10,1,False,senior,0,1,0,1
Urgent hiring for the US IT Recruiter t for an US based company in Mohali location.,TandA HR Solutions,Mohali,3 - 7 Years,3,7,5.0,4,1,False,medio,0,1,1,0
Opening for Tech Support Candidate for an IT and Networking Company for Mohali Location,TandA HR Solutions,Mohali,0 - 1 Years,0,1,0.5,1,1,False,medio,0,1,1,0
"Senior Manager ,  Information Security Risk  IT Internal Audit",Optum Global Solutions  ( India )  Private Limited,Philippines,7 - 10 Years,7,10,8.5,3,1,False,senior,0,1,0,1
IT Security Consultant for Identity and Access Management  ( IAM )  Job Details | SAP,SAP Ariba,Bengaluru / Bangalore,3 - 6 Years,3,6,4.5,3,1,False,medio,0,1,1,0
Job Opening for IT Support Engineer in Manufacturing Company for Delhi location,TandA HR Solutions,Delhi,2 - 3 Years,2,3,2.5,1,1,False,medio,0,1,1,0
Hiring for theHardware Server Engineerprofile for a IT Hardware company for Chennai and Delhilocations,TandA HR Solutions,"Chennai, Delhi",2 - 5 Years,2,5,3.5,3,2,False,medio,0,2,1,0
Job opening for Talent Acquisition Specialist for an IT company in Mohali location,TandA HR Solutions,Mohali,2 - 4 Years,2,4,3.0,2,1,False,medio,0,1,1,0
Job opening forTalent AcquisitionSpecialist for an IT company in Mohali location,TandA HR Solutions,Mohali,2 - 4 Years,2,4,3.0,2,1,False,medio,0,1,1,0
Senior IT Recruiter Job at Glan Management Consultancy ! Noida,glan management consultancy pvt. ltd.,Noida/Greater Noida,3 - 6 Years,3,6,4.5,3,1,False,senior,0,1,0,1
"Information Security Risk Manager  IT Audit ,  ITGC Controls",Optum Global Solutions  ( India )  Private Limited,Philippines,4 - 6 Years,4,6,5.0,2,1,False,senior,0,1,0,1
Urgent opening for IT Manager for a Law Firm in Delhi Location,TandA HR Solutions,Delhi,6 - 10 Years,6,10,8.0,4,1,False,senior,0,1,0,1
Info Security Risk Consultant  IT Security or Audit and ITGC Controls,Optum Global Solutions  ( India )  Private Limited,Philippines,4 - 7 Years,4,7,5.5,3,1,False,medio,0,1,1,0
INTERNATIONAL BUSINESS MANAGER,infoicon technologies pvt ltd.,"Delhi, Delhi/NCR, Noida/Greater Noida",1 - 3 Years,1,3,2.0,2,3,False,senior,0,3,0,1
Hiring For IT-Principal Data Engineering / 29 / TEC046,krazy mantra hr solutions,"Chennai, Bengaluru / Bangalore, Pune",7 - 10 Years,7,10,8.5,3,3,False,senior,0,3,0,1
Production Support Engineer  /  Senior Software Engineer  /  IT Associate,LAKSH HUMAN RESOURCE,Mumbai,3 - 5 Years,3,5,4.0,2,1,False,senior,0,1,0,1
