Job Title,Company Name,Location,Experience (Years),Min Experience,Max Experience
Abroad Requirement IT Manager,RECRUITMENT CANADA IMMIGRATION CANADA,"Australia, Canada",7 - 12 Years,7,12
"""IT Sales Executive"" , Business Development Executive",Serviots technology Pvt Ltd,Ahmedabad,2 - 6 Years,2,6
Facilities Manager,Sameer namdep Kedari,"Bengaluru / Bangalore, Sibsagar, Bhagalpur, Muzaffarpur, Patna",4 - 9 Years,4,9
SAP Experienced Candidates,TORRENT POWER LIMITED,Ahmedabad,3 - 5 Years,3,5
Technician- Electrical Maintenance,Suman kumar,"Delhi, Gurgaon, Pune, Indore, Bhubaneshwar",5 - 10 Years,5,10
React Native Developer,Management And Computer Consultants,Kolkata,1 - 4 Years,1,4
Site  Engineer  Job In  AUSTRALIA,World wide Immigration Service Llp,Australia,4 - 8 Years,4,8
QA | QC Engineer  Job In CANADA,World wide Immigration Service Llp,Canada,3 - 8 Years,3,8
Sr. Sales Engineer /  Sales Manager,Ambetronics Engineers Pvt. Ltd.,Mumbai,10 - 15 Years,10,15
MDM Data Analyst,Techno Wise,Pune,2 - 7 Years,2,7
Software Engineer Job In  GERMANY,ADAL IMMIGRATIONS LLP,Germany,3 - 8 Years,3,8
QA | QC Engineer  Job In AUSTRALIA,World wide Immigration Service Llp,Australia,4 - 8 Years,4,8
Network  Engineer Job In AUSTRALIA,World wide Immigration Service Llp,Australia,4 - 8 Years,4,8
QA | QC Engineer  Job In NEW ZEALAND,World wide Immigration Service Llp,New Zealand,3 - 8 Years,3,8
Hardware  Engineer  Job In ABROAD,World wide Immigration Service Llp,"Canada, Singapore",2 - 7 Years,2,7
Java - Sr. Developer  /  Lead - J48543,SAMPOORNA CONSULTANTS PVT LTD,Mumbai,6 - 11 Years,6,11
Software Engineer,FLARIAL SERVICES LLP,"Australia, Canada, Germany, Singapore",3 - 8 Years,3,8
Selenium with Java Trainer,TMOKSHA TECHNOLOGIES PRIVATE LIMITED,Pune,3 - 8 Years,3,8
"SAP Basis Consultant , Senior SAP Basis Consultant",Techno Wise,Pune,7 - 12 Years,7,12
Field Sales  &  Marketing Executive,ABC Brothers Tech I Pvt Ltd,Ahmedabad,1 - 2 Years,1,2
Chief Executive Officer  ( CEO ),Sarosh Karki,"Ahmedabad, Bengaluru / Bangalore, Chennai, Kolkata, Pune",5 - 10 Years,5,10
"Orbit Wallet - React ,  MERN Stack ,  Backend Intern roles",ACCIOJOB PRIVATE LIMITED,Bengaluru / Bangalore,0 - 1 Years,0,1
AWS Solution Architect Internship in Pune,Maxgen Technologies,"Pune, Amravati, Dhule, Sangli, Satara",0 - 1 Years,0,1
Java Internship in Pune,Maxgen Technologies,"Pune, Jalgaon, Kolhapur, Nagpur, Solapur",0 - 1 Years,0,1
MARKETING EXECUTIVE,SV ELECTRONICS,"Aurangabad, Nasik",1 - 2 Years,1,2
SAP proffessionals,TORRENT POWER LIMITED,Ahmedabad,3 - 5 Years,3,5
Business Analyst,Management And Computer Consultants,Kolkata,2 - 4 Years,2,4
"""CalibrationEngineer"" , Electrical Control Engineer",PUNYAM ACADEMY PRIVATE LIMITED,Ahmedabad,1 - 5 Years,1,5
Software Engineer  Job In NEW ZEALAND,World wide Immigration Service Llp,New Zealand,3 - 8 Years,3,8
Java Full Stack Developer - J48544,SAMPOORNA CONSULTANTS PVT LTD,Mumbai,8 - 12 Years,8,12
Mern Stack Internship in Ahmedabad,Maxgen Technologies,"Ahmedabad, Anand, Gandhinagar, Mehsana, Surat",0 - 1 Years,0,1
.net Core Developer,Management And Computer Consultants,Kolkata,2 - 6 Years,2,6
Executive - SAP BASIS,TORRENT POWER LIMITED,Ahmedabad,3 - 5 Years,3,5
Commercial Inventory Associate 42396 GGN - J48545,SAMPOORNA CONSULTANTS PVT LTD,Gurgaon,1 - 3 Years,1,3
Data Science Internship in Ahmedabad,Maxgen Technologies,"Ahmedabad, Bhavnagar, Junagarh, Rajkot, Surendranagar",0 - 1 Years,0,1
OVERSEAS JOB - APPLICATION DEVELOPMENT -  INTERNATIONAL LOCATION,RECRUITMENT CANADA IMMIGRATION CANADA,Canada,8 - 13 Years,8,13
ABROAD REQUIREMENT - DBA  / ORACAL  / SQL - INTERNATIONAL LOCATION,RECRUITMENT CANADA IMMIGRATION CANADA,"Australia, Canada, Other International Location(s)",8 - 13 Years,8,13
ABROAD JOB OFFER - CORPORATE SALES - CAN AUS NZ DM UK GULF,RECRUITMENT CANADA IMMIGRATION CANADA,"Australia, Canada, Other International Location(s)",8 - 13 Years,8,13
Internation Job for Tour  &  Traval - canada Austraia,RECRUITMENT CANADA IMMIGRATION CANADA,"Canada, Other International Location(s)",10 - 15 Years,10,15
REQUIREMENT - HOSPITALITY JOB OFFER  - CANADA AUSTRALIA,RECRUITMENT CANADA IMMIGRATION CANADA,"Canada, Other International Location(s)",11 - 16 Years,11,16
Senior Control System Engineer in Abroad - CAN AUS NZ DN,RECRUITMENT CANADA IMMIGRATION CANADA,"Dubai, Australia, Canada, Hong Kong",8 - 13 Years,8,13
Abroad Requiremen - Software Testing     - CANADA  /   AUSTRALIA,RECRUITMENT CANADA IMMIGRATION CANADA,"Other Gulf/Middle East Location(s), Australia, Canada",8 - 13 Years,8,13
ABROAD REQUIREMENT- SENIOR UI  ENGINEER -CANADA  /  AUSTRALIA,RECRUITMENT CANADA IMMIGRATION CANADA,"Australia, Canada, Hong Kong, New Zealand",8 - 13 Years,8,13
Abroad Requirement  /  Software Engineer    ( CANADA  /  AUSTRALIA ),RECRUITMENT CANADA IMMIGRATION CANADA,"Australia, Canada",8 - 13 Years,8,13
OVERSEAS REQUIREMENT  - SENIOR SOFTWARE DEVELOPER  - CAN AUS UK,RECRUITMENT CANADA IMMIGRATION CANADA,"Dubai, Australia, Canada, Hong Kong, New Zealand",8 - 13 Years,8,13
ABROAD JOB OFFER - BANKING ALL PROFILE - CANADA - AUSTRALIA,RECRUITMENT CANADA IMMIGRATION CANADA,"Canada, Other International Location(s)",5 - 10 Years,5,10
ABROAD  REQUIREMENT - SUPPLY CHAIN – AUSTRALIA  /  CANADA,RECRUITMENT CANADA IMMIGRATION CANADA,"Australia, Canada",8 - 13 Years,8,13
ABROAD JOBS - BUSINESS  &  PROJECT HEAD - CANADA  /  AUSTRALIA,RECRUITMENT CANADA IMMIGRATION CANADA,"Australia, Canada, Other International Location(s)",12 - 17 Years,12,17
ABROAD JOB REQUIREMENT - WINDOW ADMIN - CANADA  /  AUSTRALIA,RECRUITMENT CANADA IMMIGRATION CANADA,"Dubai, Australia, Canada, Hong Kong, New Zealand",12 - 17 Years,12,17
"""Lead Python Developer""",Sparks To Ideas,Ahmedabad,0 - 2 Years,0,2
Software Developer  ( .net Developer ),Ambetronics Engineers Pvt. Ltd.,Mumbai,1 - 3 Years,1,3
"IT Auditor , IT Audit",Next Step Associates,Mumbai,5 - 9 Years,5,9
IT Manager,HUE SERVICE PRIVATE LIMITED,"Kolkata, Guwahati, Patna, Ranchi, Bhubaneshwar",5 - 10 Years,5,10
IT sales,Hiring Plus,"Mumbai, Navi Mumbai, Thane",1 - 2 Years,1,2
IT Recruiter,SKYWALK VISA IMMIGRATION SERVICES LLP,Unknown,2 - 7 Years,2,7
IT Manager,Sunil,"Mauritius, New Zealand, Thailand",2 - 7 Years,2,7
IT Manager,Sunil,"Turkey, Bangladesh, Indonesia, Malaysia, Maldives",2 - 7 Years,2,7
IT Manager,Sunil,"Dubai, Fujairah, Ras Al Khaimah, Sharjah, Um Al Qaiwan",2 - 7 Years,2,7
IT Manager,Sunil,"Eastern Province, Jeddah, Abu Dhabi, Al Ain, Ajman",2 - 7 Years,2,7
IT Manager,Sunil,"Kuwait City, Beirut, Muscat, Doha, Al Madina Al Munawarah",2 - 7 Years,2,7
IT Manager,Sunil,"Kolkata, Malda, Midnapur, Raniganj, Siliguri",2 - 7 Years,2,7
IT Manager,Sunil,"Asansol, Burdwan, Durgapur, Haldia, Kharagpur",2 - 7 Years,2,7
IT Manager,Sunil,"Haldwani, Haridwar, Nainital, Roorkee, Rudrapur",2 - 7 Years,2,7
IT Manager,Sunil,"Muzaffarnagar, Noida/Greater Noida, Saharanpur, Varanasi / Banaras, Dehradun",2 - 7 Years,2,7
IT Manager,Sunil,"Kanpur, Lucknow, Mathura, Meerut, Moradabad",2 - 7 Years,2,7
IT Manager,Sunil,"Allahabad, Bareilly, Faizabad, Ghaziabad, Gorakhpur",2 - 7 Years,2,7
IT Manager,Sunil,"Tuticorin, Vellore, Agartala, Agra, Aligarh",2 - 7 Years,2,7
IT Manager,Sunil,"Ooty, Salem, Thanjavur, Tirunelveli, Trichy",2 - 7 Years,2,7
IT Manager,Sunil,"Erode, Hosur, Kanniyakumari, Madurai, Nagercoil",2 - 7 Years,2,7
IT Manager,Sunil,"Udaipur, Gangtok, Chennai, Coimbatore, Cuddalore",2 - 7 Years,2,7
IT Manager,Sunil,"Bikaner, Jaipur, Jaisalmer, Jodhpur, Kota",2 - 7 Years,2,7
IT Supervisor,Personnel Selexions - Executive Search,Unknown,2 - 7 Years,2,7
IT Manager,Sunil,"Patiala, Ropar, Sangrur, Ajmer, Alwar",2 - 7 Years,2,7
IT Manager,Sunil,"Moga, Mohali, Muktsar, Nawanshahr, Pathankot",2 - 7 Years,2,7
IT Manager,Sunil,"Bathinda, Faridkot, Fatehgarh Sahib, Ferozepur, Gurdaspur",2 - 7 Years,2,7
IT Manager,Sunil,"Paradeep, Puri, Rourkela, Amritsar, Batala",2 - 7 Years,2,7
IT Manager,Sunil,"Hoshiarpur, Jalandhar, Kapurthala, Ludhiana, Mansa",2 - 7 Years,2,7
IT Manager,Sunil,"Aizawal, Dimapur, Kohima, Bhubaneshwar, Cuttack",2 - 7 Years,2,7
IT Manager,Sunil,"Vasai, Virar, Yavatmal, Imphal, Shillong",2 - 7 Years,2,7
IT Manager,Sunil,"Aurangabad, Bhiwandi, Bhusawal, Buldhana, Chandrapur",2 - 7 Years,2,7
IT Manager,Sunil,"Pune, Sangli, Satara, Solapur, Thane",2 - 7 Years,2,7
IT Manager,Sunil,"Mumbai, Nagpur, Nanded, Nasik, Navi Mumbai",2 - 7 Years,2,7
IT Manager,Sunil,"Kalyan, Kolhapur, Latur, Lonavala, Mahabaleshwar",2 - 7 Years,2,7
IT Manager,Sunil,"Dhule, Dombivali, Gondia, Hinganghat, Jalgaon",2 - 7 Years,2,7
IT Manager,Sunil,"Indore, Jabalpur, Katni, Ratlam, Sagar",2 - 7 Years,2,7
IT Manager,Sunil,"Palakkad, Thiruvananthapuram, Thrissur, Bhopal, Gwalior",2 - 7 Years,2,7
IT Manager,Sunil,"Jammu, Kargil, Kathua, Kupwara, Leh",2 - 7 Years,2,7
IT Manager,Sunil,"Kaithal, Karnal, Kurukshetra, Mahendergarh, Narnaul",2 - 7 Years,2,7
IT Manager,Sunil,"Gulbarga, Hubli, Kolar, Mangalore, Mysoru / Mysore",2 - 7 Years,2,7
IT Manager,Sunil,"Bellary, Bengaluru / Bangalore, Bidar, Davanagere, Dharwad",2 - 7 Years,2,7
IT Manager,Sunil,"Calicut/ Kozhikode, Cochin/ Kochi/ Ernakulam, Kannur, Kollam, Kottayam",2 - 7 Years,2,7
IT Manager,Sunil,"Bokaro, Dhanbad, Jamshedpur, Ranchi, Belgaum",2 - 7 Years,2,7
IT Manager,Sunil,"Panchkula, Panipat, Rewari, Rohtak, Sirsa",2 - 7 Years,2,7
IT Manager,Sunil,"Poonch, Pulwama, Rajouri, Srinagar, Udhampur",2 - 7 Years,2,7
IT Manager,Sunil,"Dalhousie, Dharamshala, Hamirpur, Kangra, Kasauli",2 - 7 Years,2,7
IT Manager,Sunil,"Una, Anantnag, Baramulla, Budgam, Doda",2 - 7 Years,2,7
IT Manager,Sunil,"Nalagarh, Parwanoo, Shimla, Sirmaur, Solan",2 - 7 Years,2,7
IT Manager,Sunil,"Kinnaur, Kullu, Lahaul & Spiti, Manali, Mandi",2 - 7 Years,2,7
IT Manager,Sunil,"Fatehabad, Gurgaon, Hissar, Jhajjar, Jind",2 - 7 Years,2,7
IT Manager,Sunil,"Sonepat, Yamunanagar, Baddi, Bilaspur, Chamba",2 - 7 Years,2,7
IT Manager,Sunil,"Wankaner, Ambala, Bhiwani, Chandigarh, Faridabad",2 - 7 Years,2,7
IT Manager,Sunil,"Surat, Surendranagar, Vadodara, Valsad -Vapi, Veraval",2 - 7 Years,2,7
IT Manager,Sunil,"Navsari, Palanpur, Patan, Porbandar, Rajkot",2 - 7 Years,2,7
IT Manager,Sunil,"Kalol, Kandla, Mehsana, Morbi, Nadiad",2 - 7 Years,2,7
IT Manager,Sunil,"Satna, Ujjain, Ahmednagar, Akola, Amravati",2 - 7 Years,2,7
IT Manager,Sunil,"Godhra, Gondal, Jamnagar, Jetpur, Junagarh",2 - 7 Years,2,7
IT Manager,Sunil,"Muzaffarpur, Patna, Bhilai-Durg, Bilaspur, Raipur",2 - 7 Years,2,7
IT Manager,Sunil,"Dahod, Deesa, Gandhidham, Gandhinagar, Gir",2 - 7 Years,2,7
IT Manager,Sunil,"Ankleshwar, Bharuch, Bhavnagar, Bhuj, Botad",2 - 7 Years,2,7
IT Manager,Sunil,"Panjim/Panaji, Vasco Da Gama, Ahmedabad, Amreli, Anand",2 - 7 Years,2,7
IT Manager,Sunil,"Nizamabad, Ongole, Rajahmundry, Sangareddy, Srikakulam",2 - 7 Years,2,7
IT Manager,Sunil,"Bongaigaon, Dhubri, Dibrugarh, Guwahati, Jorhat",2 - 7 Years,2,7
IT Manager,Sunil,"Tirupati, Vijayawada, Visakhapatnam, Warangal, Itanagar",2 - 7 Years,2,7
IT Manager,Sunil,"Adilabad, Anantapur, Chittoor, Cuddapah, Guntakal",2 - 7 Years,2,7
IT Manager,Sunil,"Kurnool, Mahabubnagar, Medak, Nalgonda, Nellore",2 - 7 Years,2,7
IT Manager,Sunil,"Guntur, Hyderabad/Secunderabad, Kakinada, Karimnagar, Khammam",2 - 7 Years,2,7
IT Executive,Electrobrain modern technologies pvt ltd,"Delhi, Delhi/NCR, Gurgaon, Noida/Greater Noida, Pune",3 - 8 Years,3,8
IT Manager,Sunil,"Sibsagar, Silchar, Tezpur, Tinsukia, Bhagalpur",2 - 7 Years,2,7
IT Engineer,Anshi Immigration Private Limited,Canada,4 - 9 Years,4,9
Director Sales IT,One World,Bengaluru / Bangalore,8 - 13 Years,8,13
Business Development Manager - IT System Integrator,Suhail Nizamuddin shaikh,"Hyderabad/Secunderabad, Kolkata, Mumbai, Noida/Greater Noida, Pune",5 - 10 Years,5,10
Senior US IT Recuiter - J48498,SAMPOORNA CONSULTANTS PVT LTD,Hyderabad/Secunderabad,5 - 10 Years,5,10
IT Recruiter Job In AUSTRALIA,ADAL IMMIGRATIONS LLP,Australia,3 - 8 Years,3,8
Technical Recruiter - J48371,SAMPOORNA CONSULTANTS PVT LTD,Chennai,8 - 12 Years,8,12
IT Recruiter Job  In GERMANY,ADAL IMMIGRATIONS LLP,Germany,5 - 10 Years,5,10
IT Project Manager,Advance Consultancy Services,Other City(s) in Saudi Arabia,2 - 7 Years,2,7
IT Recruiter Job  In USA,ADAL IMMIGRATIONS LLP,Unknown,8 - 13 Years,8,13
IT Recruiter Job In MALTA,ADAL IMMIGRATIONS LLP,Unknown,3 - 8 Years,3,8
IT - Sales Execuitve,Whitekraaft Solutions LLP,"Bengaluru / Bangalore, Hyderabad/Secunderabad, Pune",5 - 9 Years,5,9
IT Recruiter Job In  USA,ADAL IMMIGRATIONS LLP,Unknown,5 - 10 Years,5,10
IT Recruiter Required In UAE,ADAL IMMIGRATIONS LLP,Unknown,7 - 12 Years,7,12
IT architecture immigrate to Canada,World Overseas immigration Consultancy Pvt Ltd,"Australia, Canada",2 - 7 Years,2,7
IT Delivery Managers,KALINDI IMMIGRATION CONSULTANTS PRIVATE LIMITED,"Australia, Canada, Singapore, UK",1 - 6 Years,1,6
IT-PMO - J48513,SAMPOORNA CONSULTANTS PVT LTD,Mumbai,2 - 4 Years,2,4
IT Support Engineer,Victory Educational Consultants,"Los Angeles, Chicago, Washington DC, Detroit, Newark",6 - 11 Years,6,11
IT Software Engineer,SKYWALK VISA IMMIGRATION SERVICES LLP,"Australia, Canada, New Zealand, Singapore",1 - 6 Years,1,6
IT Engineer Job In USA,CLOUD VISA IMMIGRATION LLP,Canada,3 - 8 Years,3,8
IT Project Managers,Navyah Immigration Services Private Limited,"Australia, Canada",2 - 5 Years,2,5
IT Project Manager,Professional HR Solutions,"Ahmedabad, Bengaluru / Bangalore, Chennai, Delhi/NCR, Kolkata",5 - 10 Years,5,10
Urgent Hiring For IT Analyst,Rahul jatav,"Calicut/ Kozhikode, Cochin/ Kochi/ Ernakulam, Kottayam, Thiruvananthapuram, Thrissur",0 - 3 Years,0,3
IT Support Engineer,Viraj Infotech,Mumbai,1 - 2 Years,1,2
Urgent Hiring For IT Analyst,Rahul jatav,"Bengaluru / Bangalore, Dharwad, Gulbarga, Hubli, Mangalore",0 - 3 Years,0,3
IT project Internship,Sparks To Ideas,Ahmedabad,0 - 1 Years,0,1
Urgent Hiring For IT Analyst,Rahul jatav,"Mumbai, Pune, Aurangabad, Nagpur, Solapur",0 - 3 Years,0,3
IT Recruiter Job  In NEW ZEALAND,ADAL IMMIGRATIONS LLP,New Zealand,3 - 8 Years,3,8
"""Area Sales Executive  /  Manager""",HUE SERVICE PRIVATE LIMITED,"Kolkata, Guwahati, Patna, Raipur, Ranchi",4 - 9 Years,4,9
IT  Software Engineer Job In MALTA,PRIMEX IMMIGRATION LLP,Unknown,4 - 8 Years,4,8
IT Sales Manager – Government Tender,HUE SERVICE PRIVATE LIMITED,"Kolkata, Patna, Other City(s) in Jharkhand, Bhubaneshwar",5 - 10 Years,5,10
IT  Software Engineer Job In CANADA,PRIMEX IMMIGRATION LLP,Canada,3 - 8 Years,3,8
IT  Software Engineer Job In GERMANY,PRIMEX IMMIGRATION LLP,Germany,5 - 10 Years,5,10
Senior Technical Support Expert  /  International Customer Support,White Horse Manpower Consultancy P Ltd,Bengaluru / Bangalore,1 - 6 Years,1,6
Senior Director - Talent Acquisition,One World,"Gurgaon, Hyderabad/Secunderabad, Pune",20 - 25 Years,20,25
IT  Software Engineer Job In DUBAI,PRIMEX IMMIGRATION LLP,Dubai,3 - 8 Years,3,8
Fresher - Technical Support  /  Voice  /  Bpo  /  2022 Passed out,White Horse Manpower Consultancy P Ltd,Bengaluru / Bangalore,0 - 3 Years,0,3
IT Recruiters For IT Companies in White Horse Manpower BLR,White Horse Manpower Consultancy P Ltd,Bengaluru / Bangalore,1 - 5 Years,1,5
"""Urgent Job opening Software Engineer In Canada""",Anshi Immigration Private Limited,Canada,4 - 9 Years,4,9
HR Recruiter,TALENTPULL AND INFRASTRUCTURE PRIVATE LIMITED,Mohali,1 - 4 Years,1,4
IT  Software Engineer Required In  NEW ZEALAND,PRIMEX IMMIGRATION LLP,New Zealand,4 - 8 Years,4,8
SAP   Fresher walk  @ Valen IT,Valen IT Solutions,"Hyderabad/Secunderabad, Vijayawada, Visakhapatnam",0 - 3 Years,0,3
MBA Fresher walk in  @ Valen IT,Valen IT Solutions,"Hyderabad/Secunderabad, Vijayawada, Visakhapatnam",0 - 3 Years,0,3
Remote Jobs In IT For Golang DevOps GCP Engineer,White Horse Manpower Consultancy P Ltd,Bengaluru / Bangalore,4 - 9 Years,4,9
IT Manager Jobs in Canada  /  Australia  /  New Zealand,Srv global consultancy Pvt Ltd,"Australia, Canada, New Zealand",3 - 8 Years,3,8
US ITRecruiter,Maven Workforce Pvt. Ltd.,Noida/Greater Noida,5 - 10 Years,5,10
SAP Consultant,Times Business Solution,"Mumbai, Navi Mumbai, Thane",3 - 8 Years,3,8
"""HR Recruitment Executive""",Pragmatic Solution,Delhi,0 - 2 Years,0,2
Software Engineer Jobs in Germany,TALENT VAULT LLP,"Australia, Canada, New Zealand, Singapore",3 - 8 Years,3,8
AWS with DataBricks exp in Spark / Pyspark Bangalore IT company,White Horse Manpower Consultancy P Ltd,Bengaluru / Bangalore,4 - 9 Years,4,9
"IT Jobs in CCNA Networking ,  Facets ,  JavaJava Full stack ,  Node JS",White Horse Manpower Consultancy P Ltd,"Bengaluru / Bangalore, Chennai, Hyderabad/Secunderabad",3 - 8 Years,3,8
Business Development Manager,Suhail Nizamuddin shaikh,"Ahmedabad, Bengaluru / Bangalore, Chennai, Delhi, Delhi/NCR",5 - 10 Years,5,10
"IT HELP Desk Pune ,  Bangalore HYD Kolkata 6.2lks",White Horse Manpower Consultancy P Ltd,"Bengaluru / Bangalore, Hyderabad/Secunderabad, Kolkata",1 - 3 Years,1,3
Fresh Graduates for Technical Support  Voice  IT Help desk  CCNA,White Horse Manpower Consultancy P Ltd,Bengaluru / Bangalore,1 - 5 Years,1,5
"IT Recruiter  , HR Exicutive , HR manager",New Global Technologies,"Ahmedabad, Chennai, Gurgaon, Kolkata, Noida/Greater Noida",0 - 3 Years,0,3
Business development executive,Career Job Solution,"Delhi, Noida/Greater Noida, Ghaziabad",3 - 8 Years,3,8
Digital marketing sales,Career Job Solution,"Delhi, Noida/Greater Noida, Ghaziabad",3 - 8 Years,3,8
Business Development Management,Career Job Solution,"Delhi, Noida/Greater Noida, Ghaziabad",3 - 8 Years,3,8
Freelance Recruiters for BPO Hiring WFH,sharda consultancy Services,"Delhi/NCR, Gurgaon, Noida/Greater Noida",1 - 5 Years,1,5
Sales Development Representative,DANUSH SYSTEMS AND SOLUTIONS,Bengaluru / Bangalore,2 - 4 Years,2,4
Recruiter  Job In USA,World wide Immigration Service Llp,Unknown,5 - 10 Years,5,10
Business Development Officers,Navyah Immigration Services Private Limited,"Dubai, Australia, Canada, Singapore",2 - 5 Years,2,5
"HR Manager , Hr Executive",AppSoft Solutions,"Bengaluru / Bangalore, Chennai, Delhi, Mumbai, Pune",0 - 3 Years,0,3
"Jobs In IT Sector Oracle Apps EBS-SCM Python ,  React Sapabap / HANA",White Horse Manpower Consultancy P Ltd,"Bengaluru / Bangalore, Chennai, Hyderabad/Secunderabad",3 - 8 Years,3,8
IT Procurement,HR Jobs Placements,"Ahmedabad, Bengaluru / Bangalore, Chennai, Delhi, Gurgaon",5 - 10 Years,5,10
"Accounts Manager , Account Manager , Senior Account Manager",MDD Medical Systems India Pvt Ltd,"Gurgaon, Faridabad",6 - 11 Years,6,11
"IT Jobs in Service  SAP TM PM PP ,  Oracle Apps ,  Pune  Hyderabad",White Horse Manpower Consultancy P Ltd,"Bengaluru / Bangalore, Hyderabad/Secunderabad, Pune",3 - 8 Years,3,8
Data Administrator,Rahul jatav,"Calicut/ Kozhikode, Cochin/ Kochi/ Ernakulam, Palakkad, Thiruvananthapuram, Thrissur",0 - 3 Years,0,3
Google Technical Support Executive troubleshooting Voice  Jobs,White Horse Manpower Consultancy P Ltd,"Bengaluru / Bangalore, Hyderabad/Secunderabad, Pune",1 - 6 Years,1,6
ServiceDesk Voice Support  Active Directory Exp  ticketingtools,White Horse Manpower Consultancy P Ltd,Bengaluru / Bangalore,1 - 5 Years,1,5
Technical Recruiter | Ludhiana,LifeInsuranceJobs . in,Ludhiana,0 - 3 Years,0,3
HR Exectuvie,Whitekraaft Solutions LLP,Hyderabad/Secunderabad,0 - 1 Years,0,1
Recruitment Officer | Ludhiana,LifeInsuranceJobs . in,Ludhiana,0 - 3 Years,0,3
Director Student placements,SNJ Skye Management Consultant,Kanpur,10 - 15 Years,10,15
HR Executive- Talent Acquisition | Ludhiana,LifeInsuranceJobs . in,Ludhiana,0 - 3 Years,0,3
Manager Corporate Relation Placements Engineering College,SNJ Skye Management Consultant,Kanpur,2 - 7 Years,2,7
Business Development Manager,MOBILE COMMUNICATIONS INDIA PRIVATE LIMITED,"Delhi, Delhi/NCR, Gurgaon, Noida/Greater Noida",2 - 7 Years,2,7
Enterprise Architect Manager,Ample Leap Cognition,Faridabad,8 - 13 Years,8,13
Canada # Engineer Manager,Anshi Immigration Private Limited,Canada,4 - 9 Years,4,9
HR Executive | Ludhiana,LifeInsuranceJobs . in,Ludhiana,0 - 3 Years,0,3
"""Business Development Executive  ( BDE ) """,Multi fold IT Solutions private limited,"Ambala, Faridabad, Karnal, Panipat, Yamunanagar",1 - 2 Years,1,2
IT Procurement,HR Jobs Placements,"Hyderabad/Secunderabad, Kolkata, Mumbai, Noida/Greater Noida, Pune",5 - 10 Years,5,10
Jobs for Aircraft Maintenance at Airport,Akash A,"Bengaluru / Bangalore, Hyderabad/Secunderabad, Vijayawada, Ahmedabad, Gulbarga",0 - 3 Years,0,3
HR Coordinator,M.gheewala Global HR Consultants,Dubai,3 - 8 Years,3,8
"""Full Stack Java Developer""",SHREE ADISHAKTHI CONSULTANCY,"Bengaluru / Bangalore, Chennai, Mumbai, Pune",5 - 10 Years,5,10
Senior Human Resources Consultant,M.gheewala Global HR Consultants,"Chennai, Delhi, Mumbai",8 - 13 Years,8,13
Cyber Security Analyst jobs in Canada - Australia - Singapore,Srv global consultancy Pvt Ltd,"Australia, Canada",2 - 7 Years,2,7
"B.E  , B.tech  , Diploma engineer-fresher / trainee",New Global Technologies,"Ahmedabad, Delhi/NCR, Gurgaon, Kolkata, Noida/Greater Noida",0 - 3 Years,0,3
IT Applications Analyst / Developer,Laxmi Infotech,"Ahmedabad, Gurgaon, Noida/Greater Noida, Chandigarh, Bhubaneshwar",0 - 3 Years,0,3
"B.E  , B.tech  , Diploma- engineers",New Global Technologies,"Bengaluru / Bangalore, Chennai, Delhi/NCR, Hyderabad/Secunderabad, Pune",0 - 3 Years,0,3
"L1 , l2 Support Engineer",Laxmi Infotech,"Mumbai, Pune",0 - 3 Years,0,3
Freshers - B.E - CSE  /  IT  &  MCA Graduates,Laxmi Infotech,"Ahmedabad, Delhi, Gurgaon, Kolkata, Noida/Greater Noida",0 - 3 Years,0,3
IT Operations Management,HR Jobs Placements,"Hyderabad/Secunderabad, Kolkata, Mumbai, Noida/Greater Noida, Pune",6 - 11 Years,6,11
"IT Developer , web developer",Laxmi Infotech,"Ahmedabad, Delhi/NCR, Gurgaon, Kolkata, Noida/Greater Noida",0 - 3 Years,0,3
Marketing Executive,Multi fold IT Solutions private limited,"Amritsar, Bathinda, Jalandhar, Kapurthala, Ludhiana",1 - 3 Years,1,3
Field Sales Representative,Multi fold IT Solutions private limited,"Faridabad, Panipat, Chandigarh, Jalandhar, Pathankot",0 - 2 Years,0,2
Ticketing Ushering F & B Executive in Multiplex Theater Jeedimetla,Hungry Bird IT Consulting Services Pvt Ltd,Hyderabad/Secunderabad,0 - 3 Years,0,3
Receptionist  walk in,Valen IT Solutions,"Hyderabad/Secunderabad, Vijayawada",1 - 3 Years,1,3
Relationship Officer,STAR CAREER CONSULTANT,"Delhi, Delhi/NCR, Gurgaon, Noida/Greater Noida",2 - 6 Years,2,6
Oracle Cloud Finance Functional Consultant,Best Infosystems Ltd.,Hyderabad/Secunderabad,6 - 11 Years,6,11
Finance Analyst,Ample Leap Cognition,Panipat,3 - 8 Years,3,8
"System Administrator , Server Engineer , Firewall",IT Mantra Techintellect  Private Limited,Kolkata,6 - 11 Years,6,11
Quality Control Executive,CHEMIX SPECIALITY GASES AND EQUIPMENT,Bengaluru / Bangalore,1 - 3 Years,1,3
Network  Engineer  Job In NEW ZEALAND,World wide Immigration Service Llp,New Zealand,3 - 8 Years,3,8
React js Internship in Pune,Maxgen Technologies,"Pune, Jalgaon, Kolhapur, Nagpur, Solapur",0 - 1 Years,0,1
Laptop Service  /  Repair Engineer,Communications test design india private limited,Bengaluru / Bangalore,1 - 5 Years,1,5
Java - Sr. Developer  /  Lead - J48539,SAMPOORNA CONSULTANTS PVT LTD,Mumbai,6 - 11 Years,6,11
Textile Maintaince manager,Kausar Textile Private Limited,Other City(s) in Maharashtra,15 - 20 Years,15,20
SailPoint Identity Now Developer,LTIMindtree Ltd.,"Bengaluru / Bangalore, Chennai, Hyderabad/Secunderabad, Mumbai, Pune",5 - 8 Years,5,8
Life Insurance Advisor - High Earning Potential,sreepada visweshwara Rao,Hyderabad/Secunderabad,1 - 6 Years,1,6
Bank Manage  Job In  GERMANY,ADAL IMMIGRATIONS LLP,Germany,4 - 8 Years,4,8
OPERATION HEAD / HEAD OF OPERATION  ( Male ),RGRA HUMAN RESOURCE SOLUTIONS,"Delhi, Noida/Greater Noida",10 - 15 Years,10,15
Administrator,KALINDI IMMIGRATION CONSULTANTS PRIVATE LIMITED,"Australia, Canada, Germany, Singapore",1 - 6 Years,1,6
NETWORKING SENIOR TECHNICIAN,Pama International,Doha,2 - 5 Years,2,5
Programmatic L35- Chennai - J48538,SAMPOORNA CONSULTANTS PVT LTD,Chennai,5 - 8 Years,5,8
Hardware Engineer Job In GERMANY,ADAL IMMIGRATIONS LLP,Germany,4 - 8 Years,4,8
GM MEP PROJECTS,Suman kumar,"Ahmedabad, Bengaluru / Bangalore, Hyderabad/Secunderabad, Kolkata, Lucknow",20 - 25 Years,20,25
Website Designer,SKYWALK VISA IMMIGRATION SERVICES LLP,"Australia, New Zealand, Singapore",3 - 8 Years,3,8
Seo executive,sharda consultancy Services,"Delhi, Gurgaon",1 - 2 Years,1,2
Inside Sale Representative,Peopleplease Consulting,Mumbai,0 - 3 Years,0,3
System Software Analyst Jobs in Canada - Australia,Srv global consultancy Pvt Ltd,"Australia, Canada",2 - 7 Years,2,7
sales executive,Informatics Technologies Pvt. Ltd.,Vadodara,1 - 4 Years,1,4
Accountant,ENIGMASOFT TECHNOLOGIES PRIVATE LIMITED,Panjim/Panaji,4 - 7 Years,4,7
MALE BUSY OPERATOR / MALE ACCOUNTANT  ( BUSY Accounting Software ) ​,RGRA HUMAN RESOURCE SOLUTIONS,Delhi,0 - 3 Years,0,3
"""Asset Management""",Communications test design india private limited,Bengaluru / Bangalore,3 - 5 Years,3,5
Oracle HCM Payroll Functional Role,Best Infosystems Ltd.,Hyderabad/Secunderabad,6 - 11 Years,6,11
Payments Operations UK Banking Immediate joining B'lore KPOs,White Horse Manpower Consultancy P Ltd,Bengaluru / Bangalore,2 - 7 Years,2,7
"Data Engineer  Python Programming  SOLR  SQL Server , MongoDB ,  ETL",White Horse Manpower Consultancy P Ltd,Bengaluru / Bangalore,5 - 10 Years,5,10
Data Science Internship in Pune,Maxgen Technologies,"Pune, Amravati, Dhule, Sangli, Satara",0 - 1 Years,0,1
Marketing Specialist – POS ( Point of Sale )  - J48534,SAMPOORNA CONSULTANTS PVT LTD,Pune,2 - 4 Years,2,4
QA | QC Engineer  Job In LUXEMBOURG,World wide Immigration Service Llp,Unknown,2 - 7 Years,2,7
Hardware Engineer  Job In  AUSTRALIA,ADAL IMMIGRATIONS LLP,Australia,3 - 8 Years,3,8
PHP Developer,Eternal HR Services Pvt Ltd,Noida/Greater Noida,3 - 8 Years,3,8
Urgent Vacancy as Electrical Engineer at Malad w,Job Classify,Mumbai,5 - 10 Years,5,10
freshers for domestic BPO @Mohali,360 Bytes Tech Venture Private Limited,"Chandigarh, Mohali",0 - 1 Years,0,1
Software Engineering Specialist ( 41941 ) - JAVA- BLR - J48542,SAMPOORNA CONSULTANTS PVT LTD,Bengaluru / Bangalore,8 - 13 Years,8,13
Need Python Trainer / Java Trainer / MERN Trainer,apni study class,Lucknow,1 - 3 Years,1,3
backend engineer SDE -2,KANDPAL CONSULTANT,"Gurgaon, Delhi",3 - 5 Years,3,5
QA | QC Engineer  Job In MALTA,World wide Immigration Service Llp,Unknown,5 - 10 Years,5,10
Mern Stack Internship in Ahmedabad,Maxgen Technologies,"Ahmedabad, Bhavnagar, Junagarh, Rajkot, Surendranagar",0 - 1 Years,0,1
Business Analyst  Job In SINGAPORE,World wide Immigration Service Llp,Singapore,3 - 8 Years,3,8
show room executive,Informatics Technologies Pvt. Ltd.,Vadodara,1 - 2 Years,1,2
Head Chef  Job In SINGAPORE,World wide Immigration Service Llp,Singapore,3 - 8 Years,3,8
Site  Engineer  Job In  CANADA,World wide Immigration Service Llp,Canada,3 - 8 Years,3,8
Bank Manage  Job In  NEW ZEALAND,ADAL IMMIGRATIONS LLP,New Zealand,3 - 8 Years,3,8
Pharmacist  Job In SINGAPORE,World wide Immigration Service Llp,Singapore,3 - 8 Years,3,8
Physician   Job In  CANADA,World wide Immigration Service Llp,Canada,3 - 8 Years,3,8
Senior HVAC Technician,ASMACS,Dubai,6 - 10 Years,6,10
Hardware Engineer Job In NEW ZEALAND,ADAL IMMIGRATIONS LLP,New Zealand,4 - 8 Years,4,8
Software Engineer Job In  NEW ZEALAND,ADAL IMMIGRATIONS LLP,New Zealand,4 - 8 Years,4,8
PHP Developer Job In  USA,PRIMEX IMMIGRATION LLP,Unknown,5 - 10 Years,5,10
Canada # Computer Engineers,Anshi Immigration Private Limited,Canada,4 - 9 Years,4,9
Canada#Database Analyst,Anshi Immigration Private Limited,Canada,4 - 9 Years,4,9
Java + Angular Developer - J48537,SAMPOORNA CONSULTANTS PVT LTD,Mumbai,6 - 10 Years,6,10
"Stenoghrapher , Executive Assistant / Executive Secretary , PA to MD",Indica Industries Pvt Ltd,"Delhi, Delhi/NCR, Noida/Greater Noida",2 - 7 Years,2,7
Telecalling,Acme Human Management,Delhi,1 - 5 Years,1,5
Senior Python Backend Developer - J48527,SAMPOORNA CONSULTANTS PVT LTD,Chennai,5 - 10 Years,5,10
ACCOUNTANT,Final Round,Kolkata,2 - 5 Years,2,5
Sr Accountant - Finance - J48507,SAMPOORNA CONSULTANTS PVT LTD,Chennai,7 - 9 Years,7,9
Remote - Sales Specialist,TALPRO INDIA PRIVATE LIMITED,Mumbai,0 - 5 Years,0,5
Looker Architect,Best Infosystems Ltd.,"Bengaluru / Bangalore, Pune",10 - 15 Years,10,15
ZR_961_JOB_Senior .net Backend  /  Full Stack Developers,TALPRO INDIA PRIVATE LIMITED,Bengaluru / Bangalore,5 - 15 Years,5,15
Data Scientist,SKYWALK VISA IMMIGRATION SERVICES LLP,New Zealand,2 - 7 Years,2,7
Business Analayst,Waytogo Consultants Pvt Ltd,Bengaluru / Bangalore,5 - 8 Years,5,8
"Tender Specialist , E-Tendering , ETendering , Tender Officer",Peopleplease Consulting,Mumbai,3 - 8 Years,3,8
React js Internship in Ahmedabad,Maxgen Technologies,"Pune, Jalgaon, Kolhapur, Nasik, Solapur",0 - 1 Years,0,1
T24 Tester,Best Infosystems Ltd.,Bengaluru / Bangalore,5 - 10 Years,5,10
Prompt Engineer  ( Python ) - Con - GGN - J48524,SAMPOORNA CONSULTANTS PVT LTD,Gurgaon,4 - 6 Years,4,6
Business Analyst - J48526,SAMPOORNA CONSULTANTS PVT LTD,Mumbai,2 - 4 Years,2,4
Network  Engineer  Job   In LUXEMBOURG,World wide Immigration Service Llp,Unknown,5 - 10 Years,5,10
QA | QC Engineer  Job In LUXEMBOURG,World wide Immigration Service Llp,Unknown,5 - 10 Years,5,10
Jasper Reports with Oracle DB experience consultant  Contarct,White Horse Manpower Consultancy P Ltd,Bengaluru / Bangalore,7 - 12 Years,7,12
Business Development Officer,HUE SERVICE PRIVATE LIMITED,"Other City(s) in Bihar, Other City(s) in Orrisa, Other City(s) in West Bengal",3 - 5 Years,3,5
Laptop chip level technician,Communications test design india private limited,Bengaluru / Bangalore,2 - 7 Years,2,7
QA | QC Engineer  Job In SINGAPORE,World wide Immigration Service Llp,Singapore,3 - 8 Years,3,8
Sales  Manager  Job In SINGAPORE,World wide Immigration Service Llp,Singapore,3 - 8 Years,3,8
Supply Chain Manager Job In SINGAPORE,World wide Immigration Service Llp,Singapore,3 - 8 Years,3,8
Mechanical   Engineer  Job In SINGAPORE,World wide Immigration Service Llp,Singapore,3 - 8 Years,3,8
Sales  Manager  Job In  LUXEMBOURG,World wide Immigration Service Llp,Unknown,3 - 8 Years,3,8
Digital Account Executive,ENIGMASOFT TECHNOLOGIES PRIVATE LIMITED,Panjim/Panaji,0 - 3 Years,0,3
"Aircraft Mechanical maintenance engineer , Electrical Engineer",Akash A,"Tirupati, Vijayawada, Visakhapatnam, Itanagar, Dibrugarh",0 - 3 Years,0,3
Project Technician,ENIGMASOFT TECHNOLOGIES PRIVATE LIMITED,Panjim/Panaji,1 - 2 Years,1,2
HR Executive,ENIGMASOFT TECHNOLOGIES PRIVATE LIMITED,Panjim/Panaji,1 - 3 Years,1,3
Supply Chain Intern,ENIGMASOFT TECHNOLOGIES PRIVATE LIMITED,Panjim/Panaji,0 - 1 Years,0,1
Electronics Hardware Engineer,ENIGMASOFT TECHNOLOGIES PRIVATE LIMITED,Panjim/Panaji,3 - 5 Years,3,5
Adobe Campaign Developer,LTIMindtree Ltd.,Bengaluru / Bangalore,6 - 8 Years,6,8
Mechanical Engineer,ENIGMASOFT TECHNOLOGIES PRIVATE LIMITED,Panjim/Panaji,4 - 5 Years,4,5
Junior Architect,ENIGMASOFT TECHNOLOGIES PRIVATE LIMITED,Panjim/Panaji,2 - 6 Years,2,6
Software Engineers,KALINDI IMMIGRATION CONSULTANTS PRIVATE LIMITED,"Australia, Canada, Singapore, UK, Other International Location(s)",1 - 6 Years,1,6
CMS Developer - J48521,SAMPOORNA CONSULTANTS PVT LTD,Mumbai,1 - 3 Years,1,3
"""BIG DATA ENGINEER"" , Big Data Developer , Big Data with Python",Peopleplease Consulting,Mumbai,1 - 6 Years,1,6
"Digital Marketing Specialist , Marketing  &  Inside Sales Exec.",Peopleplease Consulting,Mumbai,0 - 3 Years,0,3
.net + Angular Developer - J48535,SAMPOORNA CONSULTANTS PVT LTD,Mumbai,1 - 6 Years,1,6
Insurance  Advisor  Job In AUSTRALIA,ADAL IMMIGRATIONS LLP,Australia,3 - 8 Years,3,8
MIS Executive | Senior MIS Analyst  Job In MALTA,PRIMEX IMMIGRATION LLP,Unknown,4 - 8 Years,4,8
Physician   Job In  MALTA,World wide Immigration Service Llp,Unknown,5 - 10 Years,5,10
3D Designer,ENIGMASOFT TECHNOLOGIES PRIVATE LIMITED,Panjim/Panaji,1 - 2 Years,1,2
"Team LeaderAccounts  &  Finance ,  7 to 9 yrs in South Korea  ( Busan )",Mangalam Placments Pvt. ltd.,South Korea,7 - 9 Years,7,9
Research  &  Business Lead,ENIGMASOFT TECHNOLOGIES PRIVATE LIMITED,Panjim/Panaji,3 - 4 Years,3,4
T24 Developer,Advance Consultancy Services,Other City(s) in Saudi Arabia,10 - 15 Years,10,15
Network Engineer Job In  AUSTRALIA,ADAL IMMIGRATIONS LLP,Australia,3 - 8 Years,3,8
PLC Programmer,Sudeep Consultancy,"Pune, Other City(s) in Maharashtra",3 - 5 Years,3,5
Software Engineer  Job In MALTA,World wide Immigration Service Llp,Unknown,5 - 10 Years,5,10
Web Designer  Job  In MALTA,PRIMEX IMMIGRATION LLP,Unknown,3 - 8 Years,3,8
Software Devloper,SHREE ADISHAKTHI CONSULTANCY,Patna,2 - 5 Years,2,5
QA | QC Engineer  Job In ABROAD,World wide Immigration Service Llp,"Canada, Singapore",2 - 7 Years,2,7
Python Internship in Ahmedabad,Maxgen Technologies,"Ahmedabad, Anand, Gandhinagar, Mehsana, Surat",0 - 1 Years,0,1
Canada# Power Plant Engineer,Anshi Immigration Private Limited,Canada,4 - 9 Years,4,9
GCP Devops,Vividhataa,Navi Mumbai,6 - 8 Years,6,8
Sr. Manager - Fresh Produce Supply Chain,Ample Leap Cognition,"Mumbai, Navi Mumbai",7 - 12 Years,7,12
MEP Supervisor,ASMACS,Dubai,10 - 12 Years,10,12
Leading Pvt Bank Hiring For CONSUMER DURABLE DEPT  ( inhouse job ),TALENT HUB JOBS,Mumbai,0 - 3 Years,0,3
Camunda 8   Java   Spring Boot Developer  /  Lead,TALPRO INDIA PRIVATE LIMITED,Bengaluru / Bangalore,5 - 15 Years,5,15
Web Designer  Job  In AUSTRALIA,PRIMEX IMMIGRATION LLP,Australia,4 - 8 Years,4,8
Hardware Engineer Job In GERMANY,ADAL IMMIGRATIONS LLP,Germany,5 - 10 Years,5,10
Software Engineer  Job In NEW ZEALAND,World wide Immigration Service Llp,New Zealand,5 - 10 Years,5,10
Information Technology Managers Job For Canada,Anshi Immigration Private Limited,Canada,5 - 10 Years,5,10
Accounts Receivable Accountant - J48536,SAMPOORNA CONSULTANTS PVT LTD,Chennai,5 - 8 Years,5,8
Accountant - Finance - J48508,SAMPOORNA CONSULTANTS PVT LTD,Chennai,4 - 6 Years,4,6
Sr Data Engineer Consultant,TALPRO INDIA PRIVATE LIMITED,Mumbai,5 - 10 Years,5,10
Remote - Sales Associate,TALPRO INDIA PRIVATE LIMITED,Bengaluru / Bangalore,0 - 5 Years,0,5
Vmc Machine Operator,SKYWALK VISA IMMIGRATION SERVICES LLP,"Australia, New Zealand, Singapore",2 - 7 Years,2,7
Engineering Manager - J48528,SAMPOORNA CONSULTANTS PVT LTD,Chennai,10 - 14 Years,10,14
React Js Internship in Ahmedabad,Maxgen Technologies,"Ahmedabad, Anand, Gandhinagar, Mehsana, Surat",0 - 1 Years,0,1
Project Manager  ( Highways ),Suman kumar,"Bhopal, Imphal, Shillong, Bhubaneshwar, Jaipur",10 - 15 Years,10,15
Network  Engineer Job In CANADA,World wide Immigration Service Llp,Canada,5 - 10 Years,5,10
Remote -Oracle EBS Technical Consultant,TALPRO INDIA PRIVATE LIMITED,Bengaluru / Bangalore,5 - 15 Years,5,15
E Commerce Manager,Vivek Flowers Exports India Private Limited,Other City(s) in Tamil Nadu,4 - 8 Years,4,8
Middleware Expert,Advance Consultancy Services,Other City(s) in Saudi Arabia,6 - 11 Years,6,11
Surveillance Executive,Jalan Infrastructure Llp,Kolkata,3 - 6 Years,3,6
T24 Developer,Best Infosystems Ltd.,Bengaluru / Bangalore,5 - 10 Years,5,10
Java Full Stack Developer - J48525,SAMPOORNA CONSULTANTS PVT LTD,Mumbai,3 - 5 Years,3,5
OFFSHORE STEWARD,Hireglow Elegant Overseas International Private Limite,"Bengaluru / Bangalore, Mumbai, Mangalore, Kannur",0 - 2 Years,0,2
Purchase  Manager  Job In SINGAPORE,World wide Immigration Service Llp,Singapore,3 - 8 Years,3,8
Site  Engineer  Job In  SINGAPORE,World wide Immigration Service Llp,Singapore,3 - 8 Years,3,8
"PLC  PROGRAMMMER  ,  ( MITSUBISHI )  , 5 - 10 Yr , 8 - 10 L , NOIDA",Swastic Enterprises,"Delhi/NCR, Noida/Greater Noida",5 - 10 Years,5,10
Senior Manager,Aakash Kamal Placement,Mauritius,5 - 8 Years,5,8
Alternate investment  &  Finance manager,Aakash Kamal Placement,Mauritius,5 - 8 Years,5,8
Cyber Security Engineer - J48515,SAMPOORNA CONSULTANTS PVT LTD,Pune,4 - 9 Years,4,9
"Software Delivery Manager , Senior Software Engineer",Peopleplease Consulting,Mumbai,3 - 8 Years,3,8
Python Internship in Ahmedabad,Maxgen Technologies,"Ahmedabad, Bhavnagar, Junagarh, Rajkot, Surendranagar",0 - 1 Years,0,1
".net Developer , Software Engineer",SHREE ADISHAKTHI CONSULTANCY,Bengaluru / Bangalore,4 - 6 Years,4,6
Brand Representative,Echobooom Management & Entrepreneurial Solutions Pvt.Ltd.,Guwahati,0 - 2 Years,0,2
Human resources manager,Sarosh Karki,"Bangladesh, Nepal, Pakistan, Philippines",10 - 15 Years,10,15
Business Development Manager,Suhail Nizamuddin shaikh,"Hyderabad/Secunderabad, Kolkata, Mumbai, Noida/Greater Noida, Pune",5 - 10 Years,5,10
Radiologist,Space COnsultant,Other City(s) in Kerala,1 - 6 Years,1,6
Unit Sales Manager / Uttrakhand,TEKPILLAR SERVICES PRIVATE LIMITED,"Dehradun, Haldwani, Haridwar, Nainital, Other City(s) in Uttaranchal",2 - 5 Years,2,5
92433 - Java Full Stack Lead Developer,TALPRO INDIA PRIVATE LIMITED,Bengaluru / Bangalore,5 - 15 Years,5,15
Java Developer  ( 4-8 Yrs )  - J48512,SAMPOORNA CONSULTANTS PVT LTD,Mumbai,4 - 6 Years,4,6
Hardware  Engineer  Job In UAE,World wide Immigration Service Llp,Unknown,3 - 8 Years,3,8
Software Engineer  Job In UAE,World wide Immigration Service Llp,Unknown,3 - 8 Years,3,8
Logistic Manager Job In GERMANY,ADAL IMMIGRATIONS LLP,Germany,4 - 8 Years,4,8
Azure Devops + Azure Cloud,Vividhataa,Navi Mumbai,7 - 12 Years,7,12
MEP Technician,ASMACS,Dubai,5 - 8 Years,5,8
NAV / BC Operations Functional Consultant  ( Fresher )  - J48500,SAMPOORNA CONSULTANTS PVT LTD,Pune,0 - 3 Years,0,3
Abroad job Opportunity Computer Engineer,Anshi Immigration Private Limited,Canada,4 - 9 Years,4,9
"Software Developer , Senior Software Developer",Anshi Immigration Private Limited,Canada,3 - 8 Years,3,8
Developer :c ++with linux Bangalore Job,White Horse Manpower Consultancy P Ltd,Bengaluru / Bangalore,5 - 10 Years,5,10
MIS Executive | Senior MIS Analyst  Job In CANADA,PRIMEX IMMIGRATION LLP,Canada,5 - 10 Years,5,10
Research and Development Executive,One World,"Delhi/NCR, Gurgaon",5 - 10 Years,5,10
Site Engineer Jobs in Germany,TALENT VAULT LLP,"Australia, Canada, New Zealand, Singapore",2 - 7 Years,2,7
Application Specialist,SKYWALK VISA IMMIGRATION SERVICES LLP,"Australia, Singapore",2 - 7 Years,2,7
ABAP Programmer,Aadis Jobs,Agra,3 - 8 Years,3,8
PHP Developer Job In   CANADA,PRIMEX IMMIGRATION LLP,Canada,6 - 11 Years,6,11
Software Engineer Job In GERMANY,ADAL IMMIGRATIONS LLP,Germany,7 - 12 Years,7,12
Android Intership in Ahmedabad,Maxgen Technologies,"Ahmedabad, Bhavnagar, Junagarh, Rajkot, Surendranagar",0 - 1 Years,0,1
Automation Tester  ( 3-5 Yrs )  - J48531,SAMPOORNA CONSULTANTS PVT LTD,Mumbai,3 - 5 Years,3,5
RIGGER,ASMACS,Other City(s) in Saudi Arabia,5 - 7 Years,5,7
Sales  Manager  Job In  GERMANY,World wide Immigration Service Llp,Germany,5 - 10 Years,5,10
Senior Executive - SAP SD - J48495,SAMPOORNA CONSULTANTS PVT LTD,Mumbai,3 - 6 Years,3,6
Site  Engineer  Job In  GERMANY,World wide Immigration Service Llp,Germany,5 - 10 Years,5,10
Software Engineer  Job In GERMANY,World wide Immigration Service Llp,Germany,5 - 10 Years,5,10
"HR Recruiter ,  2 To 4 Years In Mumbai  ( Worli )",Mangalam Placments Pvt. ltd.,Mumbai,2 - 4 Years,2,4
Doctor  Job In LUXEMBOURG,World wide Immigration Service Llp,Unknown,5 - 10 Years,5,10
Teamcenter Technical Architect,Techno Wise,"Bengaluru / Bangalore, Pune",12 - 15 Years,12,15
network and harware executive,Resource Power Consultancy,Kolkata,2 - 3 Years,2,3
Data Science Internship in Pune,Maxgen Technologies,"Pune, Jalgaon, Kolhapur, Nasik, Solapur",0 - 1 Years,0,1
Lead Java  AWS Developer,TALPRO INDIA PRIVATE LIMITED,Bengaluru / Bangalore,5 - 15 Years,5,15
Network  Engineer Job In NEW ZEALAND,World wide Immigration Service Llp,New Zealand,4 - 8 Years,4,8
FP & A Functional Consultant – Temenos T24,Best Infosystems Ltd.,Bengaluru / Bangalore,5 - 10 Years,5,10
Innovation Engineer  ( Gen AI )  - BLR - AM - J48523,SAMPOORNA CONSULTANTS PVT LTD,Bengaluru / Bangalore,7 - 10 Years,7,10
Site engineer,Sudeep Consultancy,"Ahmedabad, Vadodara, Mumbai, Nasik, Pune",1 - 5 Years,1,5
Analytical Research development -Documentation- ARD,US,Mumbai,3 - 7 Years,3,7
Android Developer - J48517,SAMPOORNA CONSULTANTS PVT LTD,Mumbai,5 - 7 Years,5,7
Web development Internship in Ahmedabad,Maxgen Technologies,"Ahmedabad, Anand, Gandhinagar, Mehsana, Surat",0 - 1 Years,0,1
"""Full Stack Java Developer""",SHREE ADISHAKTHI CONSULTANCY,"Bengaluru / Bangalore, Chennai, Mumbai, Pune",5 - 8 Years,5,8
Purchase  Manager  Job In ABROAD,World wide Immigration Service Llp,"Canada, Singapore",2 - 7 Years,2,7
Network  Engineer Job In UAE,World wide Immigration Service Llp,Unknown,3 - 8 Years,3,8
"Sales  &  Marketing , Sales Adviser , Sales Executive , Business Advisor",Acme Human Management,"Delhi, Noida/Greater Noida, Ghaziabad, Mathura, Meerut",1 - 5 Years,1,5
SAP Project Manager,eSkillport HR Services Pvt. Ltd,Kolkata,12 - 15 Years,12,15
Factory Manager Operation Head Garments Textile,Suman kumar,"Delhi/NCR, Mumbai, Surat, Aurangabad, Ludhiana",10 - 15 Years,10,15
Human Resource Manager,MIGPOINT SERVICES,"Delhi, Delhi/NCR, Gurgaon",2 - 5 Years,2,5
Accounts Executive Direct Taxation,Ample Leap Cognition,Faridabad,3 - 8 Years,3,8
Full Stack developer Node JS and React - J48503,SAMPOORNA CONSULTANTS PVT LTD,Pune,6 - 10 Years,6,10
PHP Developer Job In MALTA,PRIMEX IMMIGRATION LLP,Unknown,3 - 8 Years,3,8
Hardware Engineer  Job In  MALTA,ADAL IMMIGRATIONS LLP,Unknown,3 - 8 Years,3,8
Gynecologist vacancy at Nagpur  ( Mahaashtra ),Space COnsultant,Nagpur,1 - 6 Years,1,6
Cashier Job In AUSTRALIA,ADAL IMMIGRATIONS LLP,Australia,4 - 8 Years,4,8
HVAC  Engineer  Job In GERMANY,World wide Immigration Service Llp,Germany,5 - 10 Years,5,10
Financial Advisor   Job In GERMANY,World wide Immigration Service Llp,Germany,4 - 8 Years,4,8
Physician   Job In GERMANY,World wide Immigration Service Llp,Germany,5 - 10 Years,5,10
Front Office Executive  Job In GERMANY,World wide Immigration Service Llp,Germany,5 - 10 Years,5,10
Network  Engineer  Job In GERMANY,World wide Immigration Service Llp,Germany,5 - 10 Years,5,10
Specialist - Software Engineering,LTIMindtree Ltd.,Pune,7 - 10 Years,7,10
Java Kotlin-Senior Specialist - Software Engineering,LTIMindtree Ltd.,Gurgaon,6 - 9 Years,6,9
Senior Software Engineer QA Automation - J48489,SAMPOORNA CONSULTANTS PVT LTD,Pune,6 - 8 Years,6,8
UX | UI Designer Job In POLAND,EXOTIC EXPERT SOLUTIONS LLP,Unknown,4 - 8 Years,4,8
Web Designer  Job  In NEW ZEALAND,PRIMEX IMMIGRATION LLP,New Zealand,5 - 10 Years,5,10
VMC Programmer,Corporate destination,Noida/Greater Noida,4 - 9 Years,4,9
NAV / BC Operations Functional Consultant - J47015,SAMPOORNA CONSULTANTS PVT LTD,Pune,8 - 13 Years,8,13
"Developer VBA Automation ,  SAP Scripting ,  Python  RPA  Bangalore",White Horse Manpower Consultancy P Ltd,Bengaluru / Bangalore,4 - 8 Years,4,8
Manager Facilities  &  Administration  ( Only Ex-Servicemen ),Suman kumar,"Delhi/NCR, Kolkata, Ranchi, Jaipur, Lucknow",10 - 15 Years,10,15
Import / Export Agent,Pdm Extrusions Private Limited,Delhi,2 - 4 Years,2,4
Cyber Security Training In Ahmedabad,Sparks To Ideas,"Ahmedabad, Bhavnagar, Botad, Junagarh, Rajkot",0 - 1 Years,0,1
Platform Engineering: Azure DevOps Engineer,TALPRO INDIA PRIVATE LIMITED,Bengaluru / Bangalore,5 - 15 Years,5,15
Workday Adaptive Planning - Consultant - BLR - J48486,SAMPOORNA CONSULTANTS PVT LTD,Bengaluru / Bangalore,4 - 7 Years,4,7
Python internship in Ahmedabad,Maxgen Technologies,"Ahmedabad, Anand, Gandhinagar, Mehsana, Surat",0 - 1 Years,0,1
Automation Tester  ( 1-3 Yrs )  - J48530,SAMPOORNA CONSULTANTS PVT LTD,Mumbai,1 - 3 Years,1,3
Director Business Management,Sarosh Karki,"Nepal, Singapore, South Africa, South Korea",10 - 15 Years,10,15
"""Accounts executive"" , Accountant , Assistant Accountant",Acme Human Management,"Delhi, Delhi/NCR",2 - 5 Years,2,5
"""Account Manager""",Job Classify,Mumbai,3 - 7 Years,3,7
"( MS )  , Ophthalmology",Space COnsultant,Other City(s) in Karnataka,0 - 3 Years,0,3
"Sales And Business Development Executive ,  in Gujarat",Mangalam Placments Pvt. ltd.,Other City(s) in Gujarat,2 - 5 Years,2,5
""" Computer Operator""",PUNYAM ACADEMY PRIVATE LIMITED,Ahmedabad,0 - 3 Years,0,3
"""Admin Officer""",Etrust Travel & Placements Pvt Ltd,Unknown,4 - 9 Years,4,9
Java Tech Lead,Maven Workforce Pvt. Ltd.,"Bengaluru / Bangalore, Pune, Bhubaneshwar",4 - 9 Years,4,9
Software Engineer Job In UAE,PRIMEX IMMIGRATION LLP,Unknown,5 - 10 Years,5,10
Software Engineer  Job In AUSTRALIA,World wide Immigration Service Llp,Australia,5 - 10 Years,5,10
Network  Engineer  Job In AUSTRALIA,World wide Immigration Service Llp,Australia,5 - 10 Years,5,10
UX | UI Designer Job In GERMANY,EXOTIC EXPERT SOLUTIONS LLP,Germany,5 - 10 Years,5,10
SQL AND ORACLE DATABASE DEVELOPER,Advance Consultancy Services,Other City(s) in Saudi Arabia,6 - 8 Years,6,8
Java Lead - Gurgaon - J48484,SAMPOORNA CONSULTANTS PVT LTD,Gurgaon,8 - 12 Years,8,12
Hardware Engineer Job In NEW ZEALAND,ADAL IMMIGRATIONS LLP,New Zealand,3 - 8 Years,3,8
Java Fullstack  ( UI Heavy )  -P8 - J48372,SAMPOORNA CONSULTANTS PVT LTD,Hyderabad/Secunderabad,15 - 18 Years,15,18
Network Engineer Job In GERMANY,ADAL IMMIGRATIONS LLP,Germany,5 - 10 Years,5,10
Machine learning Internship in Ahmedabad,Maxgen Technologies,"Ahmedabad, Bhavnagar, Junagarh, Rajkot, Surendranagar",0 - 1 Years,0,1
Data Engineer - J48492,SAMPOORNA CONSULTANTS PVT LTD,Pune,3 - 4 Years,3,4
MIS Executive | Senior MIS Analyst  Job In GERMANY,PRIMEX IMMIGRATION LLP,Germany,3 - 8 Years,3,8
Sales  Manager  Job In DUBAI,World wide Immigration Service Llp,Dubai,2 - 7 Years,2,7
Nephrologist,Space COnsultant,Other City(s) in Punjab,1 - 6 Years,1,6
React js Internship in Ahmedabad,Maxgen Technologies,"Ahmedabad, Anand, Gandhinagar, Mehsana, Surat",0 - 1 Years,0,1
Data Science Internship in Ahmedabad,Maxgen Technologies,"Ahmedabad, Anand, Gandhinagar, Mehsana, Surat",0 - 1 Years,0,1
Fullstak Developer,SHREE ADISHAKTHI CONSULTANCY,"Bengaluru / Bangalore, Chennai, Mumbai, Pune",4 - 6 Years,4,6
QA /  QC Engineer Jobs in Dubai,TALENT VAULT LLP,"Australia, Canada, New Zealand, Singapore",3 - 8 Years,3,8
UX | UI Designer  Job In QATAR,EXOTIC EXPERT SOLUTIONS LLP,Other City(s) in Qatar,4 - 8 Years,4,8
Salesforce Administrator - J48278,SAMPOORNA CONSULTANTS PVT LTD,Chennai,3 - 5 Years,3,5
Network Engineer Job In  GERMANY,PRIMEX IMMIGRATION LLP,Germany,3 - 8 Years,3,8
PHP Developer Job In  GERMANY,PRIMEX IMMIGRATION LLP,Germany,3 - 8 Years,3,8
Software Engineer Job In UAE,ADAL IMMIGRATIONS LLP,Unknown,3 - 8 Years,3,8
Network  Engineer  Job In Dubai,World wide Immigration Service Llp,Dubai,2 - 7 Years,2,7
MIS Executive Job in USA,CLOUD VISA IMMIGRATION LLP,Unknown,3 - 7 Years,3,7
Hardware Engineer Job in USA,CLOUD VISA IMMIGRATION LLP,Unknown,3 - 7 Years,3,7
Hardware Engineer Job  In GERMANY,ADAL IMMIGRATIONS LLP,Germany,4 - 8 Years,4,8
QA | QC Engineer  Job In GULF,World wide Immigration Service Llp,"Abu Dhabi, Dubai",4 - 8 Years,4,8
Java Lead - J48482,SAMPOORNA CONSULTANTS PVT LTD,Mumbai,8 - 12 Years,8,12
ABAP TOWER LEAD,eSkillport HR Services Pvt. Ltd,Kolkata,15 - 20 Years,15,20
Adobe Campaign Developer,LTIMindtree Ltd.,Navi Mumbai,3 - 6 Years,3,6
Emergency Medicine Doctor  Job In GERMANY,World wide Immigration Service Llp,Germany,5 - 10 Years,5,10
Java Kotlin- Senior Specialist - Software Engineering,LTIMindtree Ltd.,Gurgaon,8 - 12 Years,8,12
Senior Software Engineer Manual QA Engineer - J48490,SAMPOORNA CONSULTANTS PVT LTD,Pune,6 - 8 Years,6,8
Flutter Internship in Ahmedabad,Maxgen Technologies,"Ahmedabad, Bhavnagar, Junagarh, Rajkot, Surendranagar",0 - 1 Years,0,1
D365 F and O Finance Functional Consultant  ( Mid to Sr. )  - J48499,SAMPOORNA CONSULTANTS PVT LTD,Pune,5 - 9 Years,5,9
"Telecaller Jobs Opening at International Airport ,  Bangalore",Akash A,"Bengaluru / Bangalore, Belgaum, Bellary, Gulbarga, Mysoru / Mysore",0 - 3 Years,0,3
Hardware Engineer Job In UAE,ADAL IMMIGRATIONS LLP,Unknown,3 - 8 Years,3,8
Network Engineer Jobs in Gulf,TALENT VAULT LLP,"Australia, Canada, New Zealand, Singapore",3 - 8 Years,3,8
FMCG   Manager  Job In DUBAI,World wide Immigration Service Llp,Dubai,3 - 8 Years,3,8
"Marketing Executive , Direct Marketing Executive / Officer , Sales",ASSOCIATIVE,Pune,0 - 1 Years,0,1
"Business Development Executive , Sales  &  Marketing , Sales Executive",ASSOCIATIVE,Pune,0 - 1 Years,0,1
"Digital Marketing Executive , Marketing Executive",ASSOCIATIVE,Pune,0 - 1 Years,0,1
React Js Internship At Ahmedabad,Maxgen Technologies,"Ahmedabad, Anand, Gandhinagar, Mehsana, Surat",0 - 1 Years,0,1
Angular Developer  ( 4-6 Yrs )  - J48533,SAMPOORNA CONSULTANTS PVT LTD,Mumbai,4 - 6 Years,4,6
Assistant Manager - SAP SD - J48496,SAMPOORNA CONSULTANTS PVT LTD,Mumbai,6 - 9 Years,6,9
Human Resource Manager  Job In CANADA,World wide Immigration Service Llp,Canada,4 - 8 Years,4,8
FMCG   Manager  Job In AUSTRALIA,World wide Immigration Service Llp,Australia,5 - 10 Years,5,10
PHP Developer Job In  POLAND,PRIMEX IMMIGRATION LLP,Unknown,5 - 10 Years,5,10
Quantitative Trader - J48242B,SAMPOORNA CONSULTANTS PVT LTD,Bengaluru / Bangalore,2 - 5 Years,2,5
UX | UI Designer Job In DUBAI,EXOTIC EXPERT SOLUTIONS LLP,Dubai,5 - 10 Years,5,10
Software Deve Cloud Gaming  Data Engineering ERP QA Auto Jobs,White Horse Manpower Consultancy P Ltd,Bengaluru / Bangalore,5 - 10 Years,5,10
Hotel Manager Jobs In  GERMANY,PRIMEX IMMIGRATION LLP,Germany,3 - 8 Years,3,8
Financial Advisor   Job In USA,World wide Immigration Service Llp,Unknown,5 - 8 Years,5,8
QA / QC Engineer Job in Dubai,CLOUD VISA IMMIGRATION LLP,Dubai,3 - 7 Years,3,7
Service Engineer,Waytogo Consultants Pvt Ltd,Bengaluru / Bangalore,1 - 4 Years,1,4
Data Scientist Job in Canada,EXOTIC EXPERT SOLUTIONS LLP,Canada,3 - 7 Years,3,7
Software Engineer Jobs in  Abroad,TALENT VAULT LLP,"Australia, Canada, New Zealand, Singapore",3 - 8 Years,3,8
Lead Platform Engineer  ( Azure Kubernetes Services ),TALPRO INDIA PRIVATE LIMITED,Bengaluru / Bangalore,5 - 15 Years,5,15
Software Engineer Hiring For AUSTRALIA,ADAL IMMIGRATIONS LLP,Australia,5 - 10 Years,5,10
Hardware Engineer Hiring For AUSTRALIA,ADAL IMMIGRATIONS LLP,Australia,5 - 10 Years,5,10
Hardware  Engineer  Job In USA,World wide Immigration Service Llp,Unknown,5 - 10 Years,5,10
"ERP Software Engineer , Software Developer",ExponentJobs,Unknown,5 - 9 Years,5,9
Network  Engineer  Job In  GULF,World wide Immigration Service Llp,"Abu Dhabi, Dubai",4 - 8 Years,4,8
Required HR Manager,Sparks To Ideas,Ahmedabad,0 - 1 Years,0,1
Electrical Testing Technician,ASMACS,Other City(s) in Saudi Arabia,3 - 5 Years,3,5
Radiologist,Space COnsultant,Agra,1 - 6 Years,1,6
Procurement  Manager  Job In ABROAD,World wide Immigration Service Llp,"Canada, Singapore",2 - 7 Years,2,7
Sr. Executive  /  Asst. Manager  ( Apparel Sales )  @ Sunrise,Space COnsultant,"Bengaluru / Bangalore, Chennai, Delhi, Mumbai",4 - 9 Years,4,9
SAP FI Application Lead,eSkillport HR Services Pvt. Ltd,Kolkata,8 - 10 Years,8,10
Audience Platform Lead- Salesforce Data Cloud - J48483,SAMPOORNA CONSULTANTS PVT LTD,"Bengaluru / Bangalore, Gurgaon, Mumbai, Pune",7 - 10 Years,7,10
Carpenter,ASMACS,Dubai,3 - 5 Years,3,5
c# Developer - J48502,SAMPOORNA CONSULTANTS PVT LTD,Mumbai,3 - 6 Years,3,6
Golang Developer - J48509,SAMPOORNA CONSULTANTS PVT LTD,Mumbai,2 - 4 Years,2,4
Network Engineer,Sunbridge Solutions  Opc Private Limited,"Germany, Ireland, Netherlands, New Zealand, Singapore",2 - 7 Years,2,7
Software Engineer Job In NEW ZEALAND,ADAL IMMIGRATIONS LLP,New Zealand,4 - 8 Years,4,8
Oracle CC & B Techno / Functional Consultant For Immediate joining,White Horse Manpower Consultancy P Ltd,Other City(s) in Saudi Arabia,5 - 10 Years,5,10
CONSULTANT - SAP BUSINESS ONE,Options & Ideas,Kolkata,6 - 11 Years,6,11
"""Chartered Accountant"" , C.A. , CA",Next Step Associates,Unknown,2 - 4 Years,2,4
MANAGER – PLANNING  &  BILLING,Suman kumar,"Delhi/NCR, Hyderabad/Secunderabad, Kolkata, Pune, Lucknow",15 - 20 Years,15,20
Marketing Analyst - Remote - US Market,EDGESYS INC.,"Bengaluru / Bangalore, Delhi/NCR, Mumbai, Noida/Greater Noida, Pune",4 - 9 Years,4,9
Java Kotlin-Senior Specialist - Software Engineering,LTIMindtree Ltd.,Gurgaon,8 - 12 Years,8,12
Software  Engineer  Required In ABROAD,World wide Immigration Service Llp,"Dubai, Canada, Germany",2 - 7 Years,2,7
"""Angular Developer"" , Software Developer",SHREE ADISHAKTHI CONSULTANCY,Bengaluru / Bangalore,5 - 8 Years,5,8
Power Platform Developer,D B Consultancy,"Bengaluru / Bangalore, Pune",5 - 10 Years,5,10
"Finance Manager , Jobs in Abroad",TALENT VAULT LLP,"Australia, Canada, New Zealand, Singapore",3 - 8 Years,3,8
Store Head,Ample Leap Cognition,"Chennai, Hosur, Other City(s) in Tamil Nadu",11 - 15 Years,11,15
Admin Manager  Job In HONG KONG,PRIMEX IMMIGRATION LLP,Hong Kong,5 - 10 Years,5,10
Network  Engineer  Job In  NEW ZEALAND,World wide Immigration Service Llp,New Zealand,5 - 10 Years,5,10
Network Engineer   Job In POLAND,EXOTIC EXPERT SOLUTIONS LLP,Unknown,5 - 10 Years,5,10
Network Engineer Job In USA,ADAL IMMIGRATIONS LLP,Unknown,5 - 10 Years,5,10
PHP Developer Job  In HONG KONG,PRIMEX IMMIGRATION LLP,Hong Kong,3 - 8 Years,3,8
QA | QC Engineer  Job In NEW ZEALAND,World wide Immigration Service Llp,New Zealand,4 - 8 Years,4,8
Angular Developer  ( 2-3 Yrs )  - J48532,SAMPOORNA CONSULTANTS PVT LTD,Mumbai,2 - 3 Years,2,3
TPRM - A Con / Con / Manager - J48494,SAMPOORNA CONSULTANTS PVT LTD,Bengaluru / Bangalore,2 - 7 Years,2,7
Field Sales,Mart2Global,Ahmedabad,1 - 5 Years,1,5
PHP Developer Job In  MALTA,PRIMEX IMMIGRATION LLP,Unknown,8 - 13 Years,8,13
Quantitative Trader - J48242A,SAMPOORNA CONSULTANTS PVT LTD,Bengaluru / Bangalore,2 - 5 Years,2,5
"""network engineer""",Next Step Associates,Ahmedabad,2 - 6 Years,2,6
BSE / FC-finance sector-orissa,LINEUP MANPOWER SOLUTIONS PRIVATE LIMTED,"Bhubaneshwar, Cuttack, Rourkela, Other City(s) in Orrisa",1 - 3 Years,1,3
Teacher  Job In NETHERLANDS,EXOTIC EXPERT SOLUTIONS LLP,Netherlands,5 - 10 Years,5,10
Anesthesiologist ( For medical college ),Space COnsultant,Other City(s) in Uttar Pradesh,0 - 3 Years,0,3
Mechanical Engineer Overseas job,SKYWALK VISA IMMIGRATION SERVICES LLP,"Australia, Canada, Germany, Netherlands",2 - 7 Years,2,7
"""c"" , c ++",KANDPAL CONSULTANT,"Ahmedabad, Bengaluru / Bangalore, Chennai, Delhi, Hyderabad/Secunderabad",4 - 5 Years,4,5
Network Engineer   Job In NETHERLANDS,EXOTIC EXPERT SOLUTIONS LLP,Netherlands,5 - 10 Years,5,10
Hardware Engineer Job In MALTA,ADAL IMMIGRATIONS LLP,Unknown,5 - 10 Years,5,10
Android Internship in Ahmedabad,Maxgen Technologies,"Ahmedabad, Anand, Gandhinagar, Mehsana, Surat",0 - 1 Years,0,1
FIX - Java developer,Element Skill,"Bengaluru / Bangalore, Hyderabad/Secunderabad, Mumbai, Pune",5 - 10 Years,5,10
MIS Executive | Senior MIS Analyst  Job In UAE,PRIMEX IMMIGRATION LLP,Unknown,3 - 8 Years,3,8
Sales  /  Marketing Managers,Navyah Immigration Services Private Limited,"Australia, Canada, Hong Kong, New Zealand",2 - 7 Years,2,7
Azure Infrastructure Architect - J48247A,SAMPOORNA CONSULTANTS PVT LTD,Bengaluru / Bangalore,20 - 25 Years,20,25
Network Engineer Job In  UAE,PRIMEX IMMIGRATION LLP,Unknown,3 - 8 Years,3,8
c ++ Routing Developer,Element Skill,"Bengaluru / Bangalore, Hyderabad/Secunderabad, Mumbai, Pune",5 - 10 Years,5,10
Doctor  Job In SINGAPORE,World wide Immigration Service Llp,Singapore,3 - 8 Years,3,8
Electrician,ASMACS,Dubai,4 - 6 Years,4,6
Lead Analyst- Semiconductor,Element Skill,Pune,5 - 10 Years,5,10
Microsoft Dynamics NAV / BC Techno Funcitonal Consultant - J48441,SAMPOORNA CONSULTANTS PVT LTD,Pune,8 - 13 Years,8,13
UX | UI Designer Job In AUSTRALIA,EXOTIC EXPERT SOLUTIONS LLP,Australia,3 - 8 Years,3,8
PHP Developer Job In UAE,PRIMEX IMMIGRATION LLP,Unknown,3 - 8 Years,3,8
Hardware Engineer  Job In  DUBAI,ADAL IMMIGRATIONS LLP,Dubai,2 - 7 Years,2,7
Network Engineer Job In  GERMANY,PRIMEX IMMIGRATION LLP,Germany,4 - 8 Years,4,8
Team Manager,Anuj saklani,Delhi/NCR,15 - 20 Years,15,20
"""Java Backend Developer""",KANDPAL CONSULTANT,"Delhi, Delhi/NCR",4 - 8 Years,4,8
Hardware  Engineer  Job In NEW ZEALAND,World wide Immigration Service Llp,New Zealand,3 - 8 Years,3,8
MIS Executive | Senior MIS Analyst  Job In HONG KONG,PRIMEX IMMIGRATION LLP,Hong Kong,4 - 8 Years,4,8
Talent Acquisition Executive,Waytogo Consultants Pvt Ltd,Pune,1 - 2 Years,1,2
Bank Manage   Job In  MALTA,ADAL IMMIGRATIONS LLP,Unknown,3 - 8 Years,3,8
Inside sales executive,Waytogo Consultants Pvt Ltd,Hyderabad/Secunderabad,1 - 2 Years,1,2
.net integration Lead - J48042A,SAMPOORNA CONSULTANTS PVT LTD,Chennai,8 - 13 Years,8,13
Blockchain Engineer,SKYWALK VISA IMMIGRATION SERVICES LLP,"Australia, New Zealand, Singapore",2 - 7 Years,2,7
Lead Software Engineer -Python - J48456,SAMPOORNA CONSULTANTS PVT LTD,Chennai,5 - 9 Years,5,9
Developer  ( Guidewire / Mulesoft ),One World,"Ahmedabad, Bengaluru / Bangalore, Chennai, Gurgaon, Mumbai",5 - 10 Years,5,10
Warehouse Manager jobs in Canada,TALENT VAULT LLP,"Australia, Canada, New Zealand, Singapore",3 - 8 Years,3,8
Team  Manager Job In MALTA,ADAL IMMIGRATIONS LLP,Unknown,5 - 10 Years,5,10
FMCG   Manager  Job In GERMANY,World wide Immigration Service Llp,Germany,3 - 8 Years,3,8
BDE /  Marketing Analyst @ Remote - #547,EDGESYS INC.,"Ahmedabad, Bengaluru / Bangalore, Delhi/NCR, Mumbai, Pune",5 - 10 Years,5,10
B2B Sales Officer,TEKPILLAR SERVICES PRIVATE LIMITED,"Amritsar, Bathinda, Chandigarh, Hoshiarpur, Jalandhar",2 - 5 Years,2,5
Digital Marketing - J46184,SAMPOORNA CONSULTANTS PVT LTD,Mumbai,1 - 5 Years,1,5
Senior Production Designer - MA - J48348,SAMPOORNA CONSULTANTS PVT LTD,Bengaluru / Bangalore,4 - 7 Years,4,7
Senior Documentation Specialist,Horizen,Other City(s) in West Bengal,5 - 7 Years,5,7
Network  Engineer  Job In GERMANY,World wide Immigration Service Llp,Germany,3 - 8 Years,3,8
Lab Technician Job in Abroad,TALENT VAULT LLP,"Australia, Canada, New Zealand, Singapore",4 - 9 Years,4,9
Urgent Hiring For Gynecologist UP Agra,Space COnsultant,Other City(s) in Uttar Pradesh,1 - 6 Years,1,6
FMCG Manager Jobs in Germany,TALENT VAULT LLP,"Australia, Canada, New Zealand, Singapore",3 - 8 Years,3,8
Sales executive,Waytogo Consultants Pvt Ltd,Hyderabad/Secunderabad,1 - 2 Years,1,2
FC-finance -Ranchi,LINEUP MANPOWER SOLUTIONS PRIVATE LIMTED,Ranchi,1 - 3 Years,1,3
Graphic Designer Job in Canada,EXOTIC EXPERT SOLUTIONS LLP,Canada,3 - 7 Years,3,7
Integration Lead - J48511,SAMPOORNA CONSULTANTS PVT LTD,Hyderabad/Secunderabad,10 - 15 Years,10,15
Senior PBCS Consultant,TALPRO INDIA PRIVATE LIMITED,Bengaluru / Bangalore,5 - 15 Years,5,15
PHP Developer Job In  UAE,PRIMEX IMMIGRATION LLP,Unknown,4 - 8 Years,4,8
Senior Graphic Designer,Career Job Solution,"Mumbai, Nagpur, Navi Mumbai",5 - 10 Years,5,10
Java Developer,LDT TECHNOLOGY,Other City(s) in Punjab,6 - 10 Years,6,10
Web Designer  Required In UNITED KINGDOM,PRIMEX IMMIGRATION LLP,Unknown,5 - 10 Years,5,10
Hardware Engineer Job In USA,ADAL IMMIGRATIONS LLP,Unknown,4 - 8 Years,4,8
UX | UI Designer Job In  UNITED KINGDOM,EXOTIC EXPERT SOLUTIONS LLP,Unknown,3 - 8 Years,3,8
Network  Engineer  Job In SINGAPORE,World wide Immigration Service Llp,Singapore,3 - 8 Years,3,8
Librarian  Job In NEW ZEALAND,EXOTIC EXPERT SOLUTIONS LLP,New Zealand,3 - 8 Years,3,8
Lab Technician  Job In CANADA,World wide Immigration Service Llp,Canada,4 - 8 Years,4,8
Purchase  Manager  Job In MALTA,World wide Immigration Service Llp,Unknown,2 - 7 Years,2,7
Urgent opening for Business Associate Sales Position:,Osaka International,"Delhi, Mumbai, Valsad -Vapi",1 - 3 Years,1,3
Gifting - Purchase Manager,Suresh Gopalan Acharya,Mumbai,3 - 6 Years,3,6
Chiller Technician,ASMACS,Dubai,3 - 5 Years,3,5
Automation Engineer- - J48501,SAMPOORNA CONSULTANTS PVT LTD,"Mumbai, Pune",4 - 7 Years,4,7
c ++ Developer -  ( Rotational Shift )  - J48518,SAMPOORNA CONSULTANTS PVT LTD,Mumbai,5 - 8 Years,5,8
Senior Consultant - System Management,LTIMindtree Ltd.,Navi Mumbai,3 - 6 Years,3,6
SAP Time Off- Software Engineering Professional - J48438,SAMPOORNA CONSULTANTS PVT LTD,Bengaluru / Bangalore,3 - 8 Years,3,8
SAP Business one,Options & Ideas,Kolkata,0 - 3 Years,0,3
Remote Oracle EPM ARCS Senior Consultant,TALPRO INDIA PRIVATE LIMITED,Bengaluru / Bangalore,5 - 15 Years,5,15
Hardware Engineer  Job In  MALTA,ADAL IMMIGRATIONS LLP,Unknown,4 - 8 Years,4,8
Software Engineer Job In  MALTA,ADAL IMMIGRATIONS LLP,Unknown,3 - 8 Years,3,8
Business Development Manager,TEKPILLAR SERVICES PRIVATE LIMITED,"Mumbai, Pune, Navi Mumbai, Thane",2 - 7 Years,2,7
Librarian  Job In SINGAPORE,EXOTIC EXPERT SOLUTIONS LLP,Singapore,5 - 10 Years,5,10
Finance  Manager  Job  In  USA,PRIMEX IMMIGRATION LLP,Unknown,6 - 11 Years,6,11
Radiologist,Space COnsultant,Other City(s) in Haryana,1 - 6 Years,1,6
Network  Engineer  Job In LUXEMBOURG,World wide Immigration Service Llp,Unknown,3 - 8 Years,3,8
"Punching  &  Lining operator Cum Supervisor ,  Loc- Ghana",ExponentJobs,Unknown,5 - 10 Years,5,10
Final Year Project Internship,Sparks To Ideas,"Ahmedabad, Bhavnagar, Gandhinagar, Junagarh, Rajkot",0 - 1 Years,0,1
Prompt Engineer - Con - Bangalore - J48237,SAMPOORNA CONSULTANTS PVT LTD,Bengaluru / Bangalore,4 - 6 Years,4,6
Hardware Engineer Job In USA,ADAL IMMIGRATIONS LLP,Unknown,5 - 10 Years,5,10
UX | UI Designer Job In SINGAPORE,EXOTIC EXPERT SOLUTIONS LLP,Singapore,5 - 10 Years,5,10
PHP Developer Job In USA,PRIMEX IMMIGRATION LLP,Unknown,4 - 8 Years,4,8
Sales  Manager  Job In GERMANY,World wide Immigration Service Llp,Germany,3 - 8 Years,3,8
Senior Graphic Designer - JH - J48350,SAMPOORNA CONSULTANTS PVT LTD,Bengaluru / Bangalore,4 - 7 Years,4,7
DTP Operator,SAPPHIRE INDIA PUBLISHERS PVT. LTD.,Gurgaon,1 - 2 Years,1,2
Hitachi Storage Administration,LTIMindtree Ltd.,Bengaluru / Bangalore,8 - 12 Years,8,12
Cobol Developer,Waytogo Consultants Pvt Ltd,Kolkata,3 - 6 Years,3,6
Senior Oracle FUSION Finance  FUNCTIONAL consultants,Hucon Solutions India Pvt ltd,"Ahmedabad, Bengaluru / Bangalore, Chennai, Delhi, Pune",10 - 15 Years,10,15
SAP ABAP Consultant,Aadis Jobs,Agra,3 - 8 Years,3,8
Software Engineer  Job In USA,World wide Immigration Service Llp,Unknown,5 - 10 Years,5,10
Haryana ( Kalayat Kaithal District ),Space COnsultant,Other City(s) in Haryana,0 - 3 Years,0,3
MIS Executive | Senior MIS Analyst Job In Australia,CLOUD VISA IMMIGRATION LLP,Australia,3 - 8 Years,3,8
Electronics Engineer,Sudeep Consultancy,Nasik,3 - 5 Years,3,5
Software Developer Job in Canada,EXOTIC EXPERT SOLUTIONS LLP,Canada,3 - 7 Years,3,7
"Spanish Language Instructor , Spanish Language Teacher",SHREE ADISHAKTHI CONSULTANCY,Bengaluru / Bangalore,2 - 5 Years,2,5
Senior Quality Assurance 3D Artist - J48227,SAMPOORNA CONSULTANTS PVT LTD,"Bengaluru / Bangalore, Chennai",6 - 11 Years,6,11
.net  API + Azure- ( UK )  - Con- BLR - J48411,SAMPOORNA CONSULTANTS PVT LTD,Bengaluru / Bangalore,5 - 6 Years,5,6
PHP Developer Required In UNITED KINGDOM,PRIMEX IMMIGRATION LLP,Unknown,5 - 10 Years,5,10
Marketing Manager,Hardicon Limited,Noida/Greater Noida,4 - 5 Years,4,5
Customer Service Executive,Suresh Gopalan Acharya,Mumbai,2 - 7 Years,2,7
Purchase  Manager  Job In POLAND,World wide Immigration Service Llp,Unknown,4 - 8 Years,4,8
Sales  Manager  Job In POLAND,World wide Immigration Service Llp,Unknown,4 - 8 Years,4,8
GM MEP PROJECTS,Suman kumar,"Chennai, Gurgaon, Pune, Ahmedabad, Bhopal",10 - 15 Years,10,15
.net Core Developer - J48505,SAMPOORNA CONSULTANTS PVT LTD,Mumbai,1 - 4 Years,1,4
Backend Sales Support Executive,Waytogo Consultants Pvt Ltd,Bengaluru / Bangalore,0 - 3 Years,0,3
SEO Executive,Techno Wise,Ahmedabad,1 - 3 Years,1,3
Sr Python Developer - J48410,SAMPOORNA CONSULTANTS PVT LTD,Chennai,8 - 13 Years,8,13
Specialist - Package Implementation,LTIMindtree Ltd.,Chennai,5 - 8 Years,5,8
Costing Engineer,Multilink Management Consultant Pvt Ltd,Abu Dhabi,10 - 15 Years,10,15
Network  Engineer Job In POLAND,World wide Immigration Service Llp,Unknown,4 - 8 Years,4,8
Assistant Manager,TORRENT POWER LIMITED,Ahmedabad,10 - 12 Years,10,12
Finance  Manager  Required In GERMANY,PRIMEX IMMIGRATION LLP,Germany,4 - 8 Years,4,8
Area Sales Manager,TEKPILLAR SERVICES PRIVATE LIMITED,"Bikaner, Kota",1 - 5 Years,1,5
OCI Service Reliability Engineer,TALPRO INDIA PRIVATE LIMITED,Bengaluru / Bangalore,5 - 15 Years,5,15
"""DIGITAL MARKETING EXECUTIVE""",AMIN MIGRATION LLP,Ahmedabad,1 - 5 Years,1,5
Service Desk Knowledge Manager - J48409,SAMPOORNA CONSULTANTS PVT LTD,Chennai,8 - 12 Years,8,12
Machine Learning + Python + Azure - AM -BLR - J48114,SAMPOORNA CONSULTANTS PVT LTD,Bengaluru / Bangalore,7 - 10 Years,7,10
Power Platform Lead - J48436,SAMPOORNA CONSULTANTS PVT LTD,Hyderabad/Secunderabad,8 - 10 Years,8,10
IVR Developer,Advance Consultancy Services,Other City(s) in Saudi Arabia,6 - 11 Years,6,11
PHP Developer Required In GERMANY,PRIMEX IMMIGRATION LLP,Germany,5 - 10 Years,5,10
Power Platform -Consultant-BLR - J47539A,SAMPOORNA CONSULTANTS PVT LTD,Bengaluru / Bangalore,4 - 7 Years,4,7
Accountant to work in Andheri East Office,SUDHEENDRA AND COMPANY LLP,Mumbai,2 - 7 Years,2,7
Snap Logic Developer,SKYWALK VISA IMMIGRATION SERVICES LLP,"Australia, Canada, Singapore",2 - 7 Years,2,7
"""Enterprise Cloud Architect""",SKYWALK VISA IMMIGRATION SERVICES LLP,"Canada, Singapore, UK",1 - 6 Years,1,6
Safety Officer,Ample Leap Cognition,Pune,5 - 10 Years,5,10
"FOUNDRY MANAGER , 8 - 10 Yr , 10 - 12 L , GHAZIABAD",Swastic Enterprises,"Ahmedabad, Delhi/NCR",10 - 12 Years,10,12
Technical Solution Specialist  Sales Engineer - J48416,SAMPOORNA CONSULTANTS PVT LTD,Pune,7 - 12 Years,7,12
Graphic Designer - JH - J48349,SAMPOORNA CONSULTANTS PVT LTD,Bengaluru / Bangalore,2 - 4 Years,2,4
Data Scientist,SKYWALK VISA IMMIGRATION SERVICES LLP,"Canada, Germany",2 - 7 Years,2,7
Oracle EBS Cloud Apps Technical Architect,LTIMindtree Ltd.,"Ahmedabad, Bengaluru / Bangalore, Chennai, Gurgaon, Kolkata",12 - 15 Years,12,15
SAP PS Consultant,LTIMindtree Ltd.,"Ahmedabad, Bengaluru / Bangalore, Chennai, Delhi, Hyderabad/Secunderabad",5 - 10 Years,5,10
Senior Oracle FUSION SCM  FUNCTIONAL consultants,Hucon Solutions India Pvt ltd,"Ahmedabad, Bengaluru / Bangalore, Chennai, Delhi, Pune",10 - 15 Years,10,15
Director Business Development,Sarosh Karki,"Amreli, Dharamshala, Jammu, Mysoru / Mysore, Bhopal",10 - 15 Years,10,15
Tech Risk and Regulatory compliance - J48393,SAMPOORNA CONSULTANTS PVT LTD,Mumbai,4 - 9 Years,4,9
VueJS Tech Lead,Hucon Solutions India Pvt ltd,"Bengaluru / Bangalore, Pune, Bhubaneshwar",10 - 15 Years,10,15
Cable jointer,Tawakkal Manpower Services,Other City(s) in Saudi Arabia,0 - 3 Years,0,3
Hardware Engineer Job  In POLAND,ADAL IMMIGRATIONS LLP,Unknown,5 - 10 Years,5,10
Network  Engineer Job In MALTA,World wide Immigration Service Llp,Unknown,5 - 10 Years,5,10
UX | UI Designer Required In  SINGAPORE,EXOTIC EXPERT SOLUTIONS LLP,Singapore,5 - 10 Years,5,10
Orthopaedic required for agra,Space COnsultant,Other City(s) in Uttar Pradesh,1 - 6 Years,1,6
"""Automation Test Architect""",LTIMindtree Ltd.,"Hyderabad/Secunderabad, Pune",8 - 12 Years,8,12
Bank Manage   Job In UAE,ADAL IMMIGRATIONS LLP,Unknown,5 - 10 Years,5,10
Sales  &  Marketing Engineer,Sudeep Consultancy,"Pune, Other City(s) in Maharashtra",0 - 2 Years,0,2
"Senior Graphic Designer , Graphic Designer",Suresh Gopalan Acharya,Mumbai,5 - 10 Years,5,10
Workday People Analytics Developer,LTIMindtree Ltd.,"Bengaluru / Bangalore, Delhi/NCR, Hyderabad/Secunderabad, Mumbai, Pune",5 - 8 Years,5,8
UX DESIGNER JOB IN SINGAPORE,CLOUD VISA IMMIGRATION LLP,Singapore,3 - 8 Years,3,8
Data Modelling Engineer with Azure Databricks Exp Redshift,White Horse Manpower Consultancy P Ltd,Bengaluru / Bangalore,5 - 10 Years,5,10
.net Architect - J48506,SAMPOORNA CONSULTANTS PVT LTD,Mumbai,10 - 15 Years,10,15
.net Developer - J48514,SAMPOORNA CONSULTANTS PVT LTD,Mumbai,1 - 3 Years,1,3
Lead Data Engineer - J48412,SAMPOORNA CONSULTANTS PVT LTD,Chennai,8 - 13 Years,8,13
PHP Developer Hiring For GERMANY,PRIMEX IMMIGRATION LLP,Germany,4 - 8 Years,4,8
SAP Data Integration,eSkillport HR Services Pvt. Ltd,"Kolkata, Mumbai",8 - 12 Years,8,12
Openings For Virtual Relationship Manager For Bank - Thane,Hy Fly Consultancy,"Hyderabad/Secunderabad, Mumbai, Pune, Navi Mumbai, Thane",1 - 6 Years,1,6
Sales Manager Jobs in Gulf,TALENT VAULT LLP,"Australia, Canada, New Zealand, Singapore",4 - 9 Years,4,9
ServiceNow CSM / ITSM Lead - J48395,SAMPOORNA CONSULTANTS PVT LTD,Chennai,10 - 15 Years,10,15
Power Platform Consultant - J48437,SAMPOORNA CONSULTANTS PVT LTD,Hyderabad/Secunderabad,4 - 7 Years,4,7
Site Merchandising Assistant - J47254A,SAMPOORNA CONSULTANTS PVT LTD,Bengaluru / Bangalore,5 - 8 Years,5,8
Website and Digital Marketing Sales Executive,Reliqus,Delhi,0 - 1 Years,0,1
Network Engineer Job In MALTA,CLOUD VISA IMMIGRATION LLP,"Canada, Singapore",3 - 8 Years,3,8
Teacher  Job In  SINGAPORE,EXOTIC EXPERT SOLUTIONS LLP,Singapore,4 - 8 Years,4,8
"Sales Executive , Senior Sales Executive",GLOBAL SOURCES EXHIBITIONS  EVENTS INDIA PRIVATE LIMITED,Delhi,1 - 6 Years,1,6
DFT Engineers,Hucon Solutions India Pvt ltd,"Ahmedabad, Bengaluru / Bangalore, Chennai, Hyderabad/Secunderabad, Noida/Greater Noida",6 - 11 Years,6,11
Specialist - Software Engineering,LTIMindtree Ltd.,Bengaluru / Bangalore,8 - 12 Years,8,12
Oracle EDI developer,LTIMindtree Ltd.,"Ahmedabad, Bengaluru / Bangalore, Chennai, Hyderabad/Secunderabad, Kolkata",5 - 10 Years,5,10
SAP FSCM Functional consultant,Hucon Solutions India Pvt ltd,"Ahmedabad, Bengaluru / Bangalore, Chennai, Delhi, Pune",8 - 13 Years,8,13
Senior Network Administrator - J48400,SAMPOORNA CONSULTANTS PVT LTD,Chennai,10 - 15 Years,10,15
Java Fullstack  ( UI Heavy )  - J48370,SAMPOORNA CONSULTANTS PVT LTD,Bengaluru / Bangalore,10 - 13 Years,10,13
Project Management trainer,Shalom cadd centre,Mumbai,0 - 3 Years,0,3
Java Fullstack Developer,Hucon Solutions India Pvt ltd,Bengaluru / Bangalore,4 - 8 Years,4,8
EA - Strategy and Special Projects - J48403,SAMPOORNA CONSULTANTS PVT LTD,Mumbai,5 - 10 Years,5,10
Finance  &  Accounts manager,Electrobrain modern technologies pvt ltd,"Rajkot, Surat, Surendranagar",5 - 10 Years,5,10
Lab Technician  Job In USA,World wide Immigration Service Llp,Unknown,5 - 10 Years,5,10
"International Sales -  , Debt Collection",sharda consultancy Services,"Delhi, Delhi/NCR, Gurgaon",1 - 4 Years,1,4
Defence channel,LINEUP MANPOWER SOLUTIONS PRIVATE LIMTED,"Bengaluru / Bangalore, Pune, Nasik",0 - 1 Years,0,1
Psychiatrist,Space COnsultant,Other City(s) in Uttar Pradesh,0 - 3 Years,0,3
Academic Counselor,Forgebs Technologies Pvt Ltd.,"Kolkata, Dibrugarh, Bhagalpur, Patna, Ranchi",0 - 3 Years,0,3
ServiceNow CSM / ITSM Developer  ( 115 )  - J48396,SAMPOORNA CONSULTANTS PVT LTD,Chennai,4 - 7 Years,4,7
PHP Developer Job In  GERMANY,PRIMEX IMMIGRATION LLP,Germany,5 - 10 Years,5,10
Finance  &  Accounts management,Electrobrain modern technologies pvt ltd,"Mathura, Meerut, Moradabad",5 - 10 Years,5,10
Safety Advisor Jobs in Canada - Australia - New Zealand - UK,Srv global consultancy Pvt Ltd,"Australia, Canada, Germany, New Zealand",2 - 7 Years,2,7
Healthcare Manager Hiring For  Germany,CLOUD VISA IMMIGRATION LLP,"Dubai, Canada, Germany",3 - 8 Years,3,8
SEO Intern,Reliqus,Delhi,0 - 1 Years,0,1
PS  &  PPM Senior Consultant,eSkillport HR Services Pvt. Ltd,"Kolkata, Mumbai",5 - 9 Years,5,9
Hardware Engineer,SKYWALK VISA IMMIGRATION SERVICES LLP,"Australia, Canada, Singapore",2 - 7 Years,2,7
Support Analyst – Finance - J48344,SAMPOORNA CONSULTANTS PVT LTD,Chennai,3 - 5 Years,3,5
"""Business Development Executive  ( BDE ) """,GLOBAL SOURCES EXHIBITIONS  EVENTS INDIA PRIVATE LIMITED,Delhi,1 - 6 Years,1,6
Sr DevOps Engineer - J48354,SAMPOORNA CONSULTANTS PVT LTD,Hyderabad/Secunderabad,6 - 10 Years,6,10
FPGA Prototyping TVC Engineers,Hucon Solutions India Pvt ltd,"Ahmedabad, Bengaluru / Bangalore, Chennai, Hyderabad/Secunderabad, Noida/Greater Noida",6 - 11 Years,6,11
Java Developer,Electrobrain modern technologies pvt ltd,"Madurai, Nagercoil",3 - 8 Years,3,8
Hitachi Storage Administration,LTIMindtree Ltd.,"Chennai, Hyderabad/Secunderabad, Kolkata, Mumbai, Pune",8 - 12 Years,8,12
SAP TRM Lead,Hucon Solutions India Pvt ltd,"Ahmedabad, Bengaluru / Bangalore, Chennai, Delhi, Pune",8 - 13 Years,8,13
Network Data Admin - L3 - J48388,SAMPOORNA CONSULTANTS PVT LTD,Chennai,6 - 10 Years,6,10
Full-Stack Developer  ( Back-End )  #93 - J48272,SAMPOORNA CONSULTANTS PVT LTD,Chennai,5 - 8 Years,5,8
Logistic Manager Job In POLAND,ADAL IMMIGRATIONS LLP,Unknown,5 - 10 Years,5,10
Dietician  Job In  NEW ZEALAND,World wide Immigration Service Llp,New Zealand,3 - 8 Years,3,8
Creative Strategist – Copy,Elixir Integrated Brandcomm Private Limited,"Mumbai, Pune",4 - 8 Years,4,8
Snowflake Developer,Hucon Solutions India Pvt ltd,Bengaluru / Bangalore,4 - 9 Years,4,9
Finance  &  Accounts manager,Electrobrain modern technologies pvt ltd,"Palanpur, Patan, Porbandar",5 - 10 Years,5,10
ServiceNow CSM / ITSM Developer - J48397,SAMPOORNA CONSULTANTS PVT LTD,Chennai,4 - 7 Years,4,7
"Senior Backend Developer , Team Lead Software Engineer , Tech Lead",PREDATORS CONSULTING,"Mumbai, Navi Mumbai",3 - 8 Years,3,8
Finance  &  Accounts management,Electrobrain modern technologies pvt ltd,"Gorakhpur, Kanpur, Lucknow",5 - 10 Years,5,10
Pediatrician / Neonatologist,Space COnsultant,Other City(s) in Chhattisgarh,0 - 3 Years,0,3
SAP Fiori / UI5 Consultant,eSkillport HR Services Pvt. Ltd,"Kolkata, Mumbai",8 - 10 Years,8,10
UX  /  UI Designer Hiring For GERMANY,CLOUD VISA IMMIGRATION LLP,Germany,3 - 8 Years,3,8
Senior Cloud Operations Engineer - J48358,SAMPOORNA CONSULTANTS PVT LTD,Chennai,8 - 12 Years,8,12
Emulation Engineers,Hucon Solutions India Pvt ltd,"Ahmedabad, Bengaluru / Bangalore, Chennai, Hyderabad/Secunderabad, Noida/Greater Noida",6 - 11 Years,6,11
Java Developer,Electrobrain modern technologies pvt ltd,"Meerut, Moradabad, Muzaffarnagar",3 - 8 Years,3,8
Oracle WMS Intellinum Consultant,LTIMindtree Ltd.,"Ahmedabad, Bengaluru / Bangalore, Chennai, Hyderabad/Secunderabad, Kolkata",6 - 11 Years,6,11
SAP APO DP SNP,Hucon Solutions India Pvt ltd,"Ahmedabad, Bengaluru / Bangalore, Chennai, Delhi, Pune",6 - 10 Years,6,10
Radiologist,Space COnsultant,Other City(s) in Chhattisgarh,1 - 6 Years,1,6
Finance  &  Accounts manager,Electrobrain modern technologies pvt ltd,"Morbi, Nadiad, Navsari",5 - 10 Years,5,10
Finance  &  Accounts management,Electrobrain modern technologies pvt ltd,"Bareilly, Faizabad, Ghaziabad",5 - 10 Years,5,10
Analog Layout Design Engineers,Hucon Solutions India Pvt ltd,"Ahmedabad, Bengaluru / Bangalore, Chennai, Hyderabad/Secunderabad, Noida/Greater Noida",6 - 11 Years,6,11
Flutter Internship in Ahmedabad,Maxgen Technologies,"Ahmedabad, Bhavnagar, Junagarh, Rajkot, Surat",0 - 1 Years,0,1
Java Developer,Electrobrain modern technologies pvt ltd,"Kanpur, Lucknow, Mathura",3 - 8 Years,3,8
Senior ABAP HANA  developers,Hucon Solutions India Pvt ltd,"Ahmedabad, Bengaluru / Bangalore, Chennai, Delhi, Pune",6 - 10 Years,6,10
Automation Lead,LTIMindtree Ltd.,Chennai,16 - 19 Years,16,19
.netcore Lead - J48366,SAMPOORNA CONSULTANTS PVT LTD,Bengaluru / Bangalore,8 - 12 Years,8,12
ML Architect,Hucon Solutions India Pvt ltd,Hyderabad/Secunderabad,10 - 15 Years,10,15
Finance  &  Accounts manager,Electrobrain modern technologies pvt ltd,"Kalol, Kandla, Mehsana",5 - 10 Years,5,10
Python Automation Engineer - J48392,SAMPOORNA CONSULTANTS PVT LTD,Chennai,6 - 8 Years,6,8
Finance  &  Accounts management,Electrobrain modern technologies pvt ltd,"Agra, Aligarh, Allahabad",5 - 10 Years,5,10
Business Development Manager - Agency Channel  ( Life Insurance ),TEKPILLAR SERVICES PRIVATE LIMITED,"Guwahati, Jorhat, Tinsukia, Kolkata",1 - 5 Years,1,5
IOS Architect - J48376,SAMPOORNA CONSULTANTS PVT LTD,Bengaluru / Bangalore,10 - 13 Years,10,13
Analog Circuit Design Engineers,Hucon Solutions India Pvt ltd,"Ahmedabad, Bengaluru / Bangalore, Chennai, Hyderabad/Secunderabad, Noida/Greater Noida",6 - 11 Years,6,11
Java Developer,Electrobrain modern technologies pvt ltd,"Dehradun, Haldwani, Haridwar",3 - 8 Years,3,8
Radiologist,Space COnsultant,Other City(s) in Uttar Pradesh,1 - 6 Years,1,6
Lead SAP EWM Functional Consultant,Hucon Solutions India Pvt ltd,"Ahmedabad, Bengaluru / Bangalore, Chennai, Delhi, Pune",6 - 10 Years,6,10
.netcore - J48365,SAMPOORNA CONSULTANTS PVT LTD,Bengaluru / Bangalore,4 - 7 Years,4,7
Salesforce Developer,Hucon Solutions India Pvt ltd,"Bengaluru / Bangalore, Pune, Bhubaneshwar",8 - 10 Years,8,10
Finance  &  Accounts manager,Electrobrain modern technologies pvt ltd,"Jamnagar, Jetpur, Junagarh",5 - 10 Years,5,10
Network Architecture - Design and Engineering Lead - J48401,SAMPOORNA CONSULTANTS PVT LTD,Chennai,15 - 20 Years,15,20
Finance  &  Accounts,Electrobrain modern technologies pvt ltd,"Ahmedabad, Bengaluru / Bangalore, Chennai",5 - 10 Years,5,10
Global Recertification Lead - J48378,SAMPOORNA CONSULTANTS PVT LTD,Chennai,8 - 12 Years,8,12
Design Verification Engineers,Hucon Solutions India Pvt ltd,"Ahmedabad, Bengaluru / Bangalore, Chennai, Hyderabad/Secunderabad, Noida/Greater Noida",6 - 11 Years,6,11
Java Developer,Electrobrain modern technologies pvt ltd,"Asansol, Burdwan, Durgapur",3 - 8 Years,3,8
Ariba upstream CONSULTANT,Hucon Solutions India Pvt ltd,"Ahmedabad, Bengaluru / Bangalore, Chennai, Delhi, Pune",8 - 12 Years,8,12
Pediatrician,Space COnsultant,Other City(s) in Rajasthan,0 - 3 Years,0,3
Data Scientist,Hucon Solutions India Pvt ltd,Bengaluru / Bangalore,8 - 12 Years,8,12
Finance  &  Accounts manager,Electrobrain modern technologies pvt ltd,"Gir, Godhra, Gondal",5 - 10 Years,5,10
Lead Network Administrator - J48402,SAMPOORNA CONSULTANTS PVT LTD,Chennai,15 - 20 Years,15,20
Finance Administrator,Electrobrain modern technologies pvt ltd,"Delhi, Delhi/NCR, Gurgaon, Mumbai, Noida/Greater Noida",5 - 10 Years,5,10
Physical Design Engineers,Hucon Solutions India Pvt ltd,"Ahmedabad, Bengaluru / Bangalore, Chennai, Hyderabad/Secunderabad, Noida/Greater Noida",6 - 11 Years,6,11
Java Developer,Electrobrain modern technologies pvt ltd,"Bhiwandi, Bhusawal, Buldhana",3 - 8 Years,3,8
Sr. SAP BTP Developer,Hucon Solutions India Pvt ltd,"Ahmedabad, Bengaluru / Bangalore, Chennai, Delhi, Pune",6 - 10 Years,6,10
Finance  &  Accounts manager,Electrobrain modern technologies pvt ltd,"Deesa, Gandhidham, Gandhinagar",5 - 10 Years,5,10
Raw Material Sourcing Manager,Electrobrain modern technologies pvt ltd,"Ankleshwar, Bharuch, Bhavnagar",8 - 10 Years,8,10
ASIC / SoC RTL Engineer,Hucon Solutions India Pvt ltd,"Ahmedabad, Bengaluru / Bangalore, Chennai, Hyderabad/Secunderabad, Noida/Greater Noida",6 - 11 Years,6,11
CREATIVE ACCOUNT MANAGER - MA - J48381,SAMPOORNA CONSULTANTS PVT LTD,Bengaluru / Bangalore,6 - 10 Years,6,10
Java Developer,Electrobrain modern technologies pvt ltd,"Akola, Amravati, Aurangabad",3 - 8 Years,3,8
SAP FICO  Product Costing consultant,Hucon Solutions India Pvt ltd,"Ahmedabad, Bengaluru / Bangalore, Chennai, Delhi, Pune",8 - 12 Years,8,12
NodeJS FullStack Developer,Hucon Solutions India Pvt ltd,"Bengaluru / Bangalore, Pune, Bhubaneshwar",4 - 9 Years,4,9
Finance  &  Accounts manager,Electrobrain modern technologies pvt ltd,"Bhuj, Botad, Dahod",5 - 10 Years,5,10
Java Backend Developer  ( 36795 ) -Sat Drive - J48406,SAMPOORNA CONSULTANTS PVT LTD,Bengaluru / Bangalore,4 - 7 Years,4,7
Android Architect - J48375,SAMPOORNA CONSULTANTS PVT LTD,Bengaluru / Bangalore,10 - 13 Years,10,13
Java Developer,Electrobrain modern technologies pvt ltd,"Jabalpur, Katni, Ratlam",3 - 8 Years,3,8
Loftware,Hucon Solutions India Pvt ltd,"Ahmedabad, Bengaluru / Bangalore, Chennai, Delhi, Pune",6 - 11 Years,6,11
SITE RELIABILITY Senior Developer,Hucon Solutions India Pvt ltd,"Bengaluru / Bangalore, Pune, Bhubaneshwar",6 - 10 Years,6,10
Finance  &  Accounts manager,Electrobrain modern technologies pvt ltd,"Ankleshwar, Bharuch, Bhavnagar",5 - 10 Years,5,10
Raw Material Sourcing Manager,Electrobrain modern technologies pvt ltd,"Sangareddy, Srikakulam, Tirupati",8 - 10 Years,8,10
Global Cloud Network Infra Manager - J48399,SAMPOORNA CONSULTANTS PVT LTD,Chennai,15 - 20 Years,15,20
SAP Ariba,Hucon Solutions India Pvt ltd,"Ahmedabad, Bengaluru / Bangalore, Chennai, Delhi, Pune",6 - 11 Years,6,11
Machine LearningSenior Developer,Hucon Solutions India Pvt ltd,Hyderabad/Secunderabad,6 - 10 Years,6,10
Finance  &  Accounts manager,Electrobrain modern technologies pvt ltd,"Bengaluru / Bangalore, Chennai",5 - 10 Years,5,10
Java Developer,Electrobrain modern technologies pvt ltd,"Belgaum, Bellary, Bidar",3 - 8 Years,3,8
SAP MDG  &  ECC,Hucon Solutions India Pvt ltd,"Ahmedabad, Bengaluru / Bangalore, Chennai, Delhi, Pune",6 - 11 Years,6,11
Tableau Senior Developer,Hucon Solutions India Pvt ltd,Hyderabad/Secunderabad,6 - 10 Years,6,10
Finance  &  Accounts manager,Electrobrain modern technologies pvt ltd,"Ahmedabad, Amreli, Anand",5 - 10 Years,5,10
Raw Material Sourcing Manager,Electrobrain modern technologies pvt ltd,"Mumbai, Noida/Greater Noida, Pune",8 - 10 Years,8,10
.net full stack + Dot net core - Consultant - BLRPUN - J47092,SAMPOORNA CONSULTANTS PVT LTD,Bengaluru / Bangalore,4 - 6 Years,4,6
SAP BODS consultant,Hucon Solutions India Pvt ltd,"Ahmedabad, Bengaluru / Bangalore, Chennai, Delhi, Pune",6 - 11 Years,6,11
PHP Senior Developer,Hucon Solutions India Pvt ltd,Hyderabad/Secunderabad,6 - 10 Years,6,10
Finance  &  Accounts manager,Electrobrain modern technologies pvt ltd,"Bhilai-Durg, Bilaspur, Raipur",5 - 10 Years,5,10
Network Data Admin - L2 - J48389,SAMPOORNA CONSULTANTS PVT LTD,Chennai,3 - 6 Years,3,6
SAP SAC Consultant,Hucon Solutions India Pvt ltd,"Ahmedabad, Bengaluru / Bangalore, Chennai, Delhi, Pune",6 - 11 Years,6,11
SAP NATIVE HANA consultant,Hucon Solutions India Pvt ltd,"Bengaluru / Bangalore, Pune, Bhubaneshwar",4 - 9 Years,4,9
Finance  &  Accounts manager,Electrobrain modern technologies pvt ltd,"Silchar, Tezpur, Tinsukia",5 - 10 Years,5,10
Raw Material Sourcing Manager,Electrobrain modern technologies pvt ltd,"Delhi, Delhi/NCR, Gurgaon, Chandigarh, Faridabad",8 - 10 Years,8,10
AEM Developer,Hucon Solutions India Pvt ltd,"Bengaluru / Bangalore, Pune, Bhubaneshwar",5 - 10 Years,5,10
Finance  &  Accounts manager,Electrobrain modern technologies pvt ltd,"Guwahati, Jorhat, Sibsagar",5 - 10 Years,5,10
Python Developer,Hucon Solutions India Pvt ltd,"Bengaluru / Bangalore, Cochin/ Kochi/ Ernakulam",8 - 12 Years,8,12
Finance  &  Accounts manager,Electrobrain modern technologies pvt ltd,"Bongaigaon, Dhubri, Dibrugarh",5 - 10 Years,5,10
Cloud Database SME - J48387,SAMPOORNA CONSULTANTS PVT LTD,Chennai,8 - 12 Years,8,12
Teamcenter Developer,Hucon Solutions India Pvt ltd,Pune,6 - 11 Years,6,11
Finance  &  Accounts manager,Electrobrain modern technologies pvt ltd,"Tirupati, Vijayawada, Visakhapatnam",5 - 10 Years,5,10
Associate Consultant - D365 BC Finance - J48382,SAMPOORNA CONSULTANTS PVT LTD,Pune,1 - 3 Years,1,3
AWS Cloud Architect,Hucon Solutions India Pvt ltd,Pune,13 - 18 Years,13,18
Mechanical Engineer,Electrobrain modern technologies pvt ltd,"Ahmedabad, Bengaluru / Bangalore, Chennai, Delhi, Delhi/NCR",3 - 8 Years,3,8
"Graphic Designer , Designer , Illustrator",Seabit Technologies Pvt Ltd,Kolkata,1 - 6 Years,1,6
"Head Finance , Finance  &  Accounts , CA-Finance",US,Mumbai,6 - 11 Years,6,11
MIS Executive,Anshi Immigration Private Limited,Canada,4 - 9 Years,4,9
Production Engineer  /  Sr. Production Manager,Suman kumar,"Gurgaon, Noida/Greater Noida, Pune, Bhubaneshwar",5 - 10 Years,5,10
Software Engineer Hiring For CANADA under PR visa,World Overseas immigration Consultancy Pvt Ltd,"Australia, Canada",2 - 7 Years,2,7
Graphic Designer settle in Canada,World Overseas immigration Consultancy Pvt Ltd,"Australia, Canada",2 - 7 Years,2,7
Mechanical  &  Physical Engineer,Electrobrain modern technologies pvt ltd,"Ahmedabad, Delhi, Delhi/NCR, Gurgaon, Noida/Greater Noida",3 - 8 Years,3,8
Python Internship in Pune,Maxgen Technologies,"Pune, Amravati, Dhule, Sangli, Satara",0 - 1 Years,0,1
Computer Programmer,Vasantdada Sugar Institute,Pune,0 - 1 Years,0,1
Lead Flutter Devloper,Sparks To Ideas,Ahmedabad,0 - 1 Years,0,1
SharePoint development Support  FullStac wit Net B'lore Mumbai,White Horse Manpower Consultancy P Ltd,"Bengaluru / Bangalore, Mumbai",10 - 15 Years,10,15
Data Analyst Internship in Pune,Maxgen Technologies,"Pune, Amravati, Dhule, Sangli, Satara",0 - 1 Years,0,1
React Js Internship in Pune,Maxgen Technologies,"Pune, Amravati, Dhule, Sangli, Satara",0 - 1 Years,0,1
Junior Engineer,Electrobrain modern technologies pvt ltd,"Ahmedabad, Delhi, Delhi/NCR, Gurgaon, Noida/Greater Noida",3 - 8 Years,3,8
Group Head Purchase  &  SCM,Ample Leap Cognition,Pune,18 - 23 Years,18,23
Automation And Control Engineer,ENIGMASOFT TECHNOLOGIES PRIVATE LIMITED,Panjim/Panaji,3 - 5 Years,3,5
Data Analyst Internship in Pune,Maxgen Technologies,"Pune, Jalgaon, Kolhapur, Nasik, Solapur",0 - 1 Years,0,1
Accountant / Accounts Executive,MIAECT Pvt Ltd,Navi Mumbai,2 - 5 Years,2,5
Java Developer -KJMG - J48519,SAMPOORNA CONSULTANTS PVT LTD,Mumbai,2 - 7 Years,2,7
Junior Accountant,Final Round,Kolkata,0 - 1 Years,0,1
Python Internship in Pune,Maxgen Technologies,"Pune, Jalgaon, Kolhapur, Nasik, Solapur",0 - 1 Years,0,1
Web Development Internship in Pune,Maxgen Technologies,"Pune, Amravati, Dhule, Sangli, Satara",0 - 1 Years,0,1
QA | QC Engineer  Job In GERMANY,World wide Immigration Service Llp,Germany,5 - 10 Years,5,10
Manager  /  Sr. Manager - Import Export Documentation,Suman kumar,"Delhi/NCR, Mumbai, Noida/Greater Noida, Pune, Indore",15 - 20 Years,15,20
"BUSINESS DEVELOPMENT  (  MEP  )  , 8 - 10 Yr , 25 - 35 L , DELHI",Swastic Enterprises,"Delhi, Delhi/NCR",8 - 12 Years,8,12
CAE Engineer,Electrobrain modern technologies pvt ltd,"Ahmedabad, Delhi, Delhi/NCR, Gurgaon, Noida/Greater Noida",3 - 8 Years,3,8
AWS Solution Architect Internship in Pune,Maxgen Technologies,"Pune, Jalgaon, Kolhapur, Nasik, Solapur",0 - 1 Years,0,1
Senior .net Developer - VB6,TALPRO INDIA PRIVATE LIMITED,Bengaluru / Bangalore,6 - 15 Years,6,15
Java - Design engineer professional - J48487,SAMPOORNA CONSULTANTS PVT LTD,Bengaluru / Bangalore,3 - 5 Years,3,5
Python Developer Internship in Ahmedabad,Maxgen Technologies,"Ahmedabad, Anand, Gandhinagar, Mehsana, Surat",0 - 1 Years,0,1
Specialist - Quality Engineering,LTIMindtree Ltd.,Bengaluru / Bangalore,3 - 6 Years,3,6
Fullstack PHP CodeIgniter developer,Waytogo Consultants Pvt Ltd,Bengaluru / Bangalore,2 - 4 Years,2,4
Mern Stack Internship in Pune,Maxgen Technologies,"Pune, Amravati, Dhule, Sangli, Satara",0 - 1 Years,0,1
Mern Stack Internship in Pune,Maxgen Technologies,"Pune, Jalgaon, Kolhapur, Nasik, Solapur",0 - 1 Years,0,1
Hardware Engineer Job In GERMANY,ADAL IMMIGRATIONS LLP,Germany,7 - 12 Years,7,12
Principle Engineer,Electrobrain modern technologies pvt ltd,"Ahmedabad, Bengaluru / Bangalore, Chennai, Delhi, Delhi/NCR",3 - 8 Years,3,8
OCI Architect,LTIMindtree Ltd.,"Bengaluru / Bangalore, Chennai, Kolkata, Mumbai, Pune",15 - 20 Years,15,20
"Software engineer , Software Designer , Systems architect",Anavrin Adviser Pvt Ltd,"Australia, Canada, Singapore",3 - 8 Years,3,8
Final Year Project Internship,Sparks To Ideas,Ahmedabad,0 - 1 Years,0,1
Flexcube Technical Consultant,LTIMindtree Ltd.,"Bengaluru / Bangalore, Chennai, Hyderabad/Secunderabad, Mumbai, Pune",5 - 10 Years,5,10
Java Developer  ( 2-4 Yrs )  - J48510,SAMPOORNA CONSULTANTS PVT LTD,Mumbai,2 - 4 Years,2,4
Winter Inter in cyber,Sparks To Ideas,Ahmedabad,0 - 1 Years,0,1
Key Accounts Manager,ANIRUDDHA ROY CHOUDHURY,"Chennai, Gurgaon, Kolkata, Mumbai",13 - 18 Years,13,18
Product Owner-Senior Manager - Program  &  Project Management,LTIMindtree Ltd.,Gurgaon,8 - 12 Years,8,12
Data  Analyst Internship in Pune,Maxgen Technologies,"Pune, Jalgaon, Kolhapur, Nasik, Solapur",0 - 1 Years,0,1
Senior Manager Retail Underwriting Mumbai,Client of placement company,"Mumbai, Navi Mumbai, Thane",4 - 9 Years,4,9
Mechanical / BOE Engineer,Electrobrain modern technologies pvt ltd,"Delhi, Delhi/NCR, Gurgaon, Noida/Greater Noida, Pune",3 - 8 Years,3,8
Python AI / ML Developer,Mart2Global,Ahmedabad,1 - 5 Years,1,5
Network Engineer Required In MALTA,PRIMEX IMMIGRATION LLP,Unknown,8 - 13 Years,8,13
Last Sem Project Internship,Sparks To Ideas,"Ahmedabad, Gandhinagar, Junagarh, Mehsana, Rajkot",0 - 1 Years,0,1
Java Internship in Ahmedabad,Maxgen Technologies,"Ahmedabad, Bhavnagar, Junagarh, Rajkot, Surendranagar",0 - 1 Years,0,1
Network Engineer  Required In ABROAD,World wide Immigration Service Llp,"Dubai, Canada, Germany",2 - 7 Years,2,7
"Airport jobs in Aircraft Maintenance Department , Mechanical ,",sachin kumar,"Ahmedabad, Bengaluru / Bangalore, Chennai, Hyderabad/Secunderabad, Mumbai",0 - 3 Years,0,3
Project Internship,Sparks To Ideas,Ahmedabad,0 - 1 Years,0,1
Remote - EDMCS Specialist,TALPRO INDIA PRIVATE LIMITED,Bengaluru / Bangalore,7 - 15 Years,7,15
Machine Learning Internship in Pune,Maxgen Technologies,"Pune, Jalgaon, Kolhapur, Nasik, Solapur",0 - 1 Years,0,1
Testing and Comissioning,eSkillport HR Services Pvt. Ltd,Bengaluru / Bangalore,2 - 5 Years,2,5
Graphic Designer,Seabit Media Pvt Ltd,Kolkata,0 - 3 Years,0,3
Delivery Management - Mobile Application - J48493,SAMPOORNA CONSULTANTS PVT LTD,Bengaluru / Bangalore,15 - 20 Years,15,20
Require Data Entry Operator work from home,Gentech Global,"Delhi, Delhi/NCR, Gurgaon, Noida/Greater Noida, Ghaziabad",0 - 1 Years,0,1
"Alteryx ,  Visualization ,  ETL Developer ,  Jobs IN B'lore  &  Pune",White Horse Manpower Consultancy P Ltd,"Bengaluru / Bangalore, Pune",3 - 8 Years,3,8
Sales  &  Marketing - Head,Ample Leap Cognition,Pune,15 - 20 Years,15,20
Remote -Senior Tableau Developer,TALPRO INDIA PRIVATE LIMITED,Bengaluru / Bangalore,6 - 15 Years,6,15
"Office Executive , ""Front Office Executive"" , Back Office Executive",ASSOCIATIVE,Pune,0 - 1 Years,0,1
Business Development Manager,DANUSH SYSTEMS AND SOLUTIONS,Bengaluru / Bangalore,5 - 10 Years,5,10
Urgent hiring For banking process ( Phone banking -Voice process ),Hy Fly Consultancy,"Mumbai, Pune, Navi Mumbai, Thane",0 - 3 Years,0,3
QA | QC Engineer  Job In CANADA,World wide Immigration Service Llp,Canada,4 - 8 Years,4,8
Tech Lead,LTIMindtree Ltd.,"Hyderabad/Secunderabad, Kolkata",8 - 12 Years,8,12
FINANCE HEAD-FARIDABAD-REAL ESTATE,Eternal HR Services Pvt Ltd,Faridabad,10 - 15 Years,10,15
Final Year Project Internship,Sparks To Ideas,"Ahmedabad, Gandhinagar, Junagarh, Mehsana, Rajkot",0 - 1 Years,0,1
Quality Assurance,Equniox Business Solutions,Bengaluru / Bangalore,4 - 6 Years,4,6
Graphic Designer,Agra Products Pvt Ltd,"Delhi, Delhi/NCR, Noida/Greater Noida",2 - 5 Years,2,5
Software Engineer\Sr. Software Engineer - J48459,SAMPOORNA CONSULTANTS PVT LTD,Bengaluru / Bangalore,4 - 7 Years,4,7
Developer C  ( Kernel  )  C platform experience with linux Bangalore,White Horse Manpower Consultancy P Ltd,Bengaluru / Bangalore,5 - 10 Years,5,10
Software Engineer Hiring For  NEW ZEALAND,EXOTIC EXPERT SOLUTIONS LLP,New Zealand,3 - 8 Years,3,8
Engineering Managers,Electrobrain modern technologies pvt ltd,"Ahmedabad, Chennai, Delhi, Delhi/NCR, Gurgaon",3 - 8 Years,3,8
Business Analyst,Techno Wise,Ahmedabad,3 - 4 Years,3,4
Maximo Technical Consultant,LTIMindtree Ltd.,"Bengaluru / Bangalore, Chennai, Hyderabad/Secunderabad, Mumbai, Pune",5 - 10 Years,5,10
Full Stack Developer,Equniox Business Solutions,Bengaluru / Bangalore,4 - 7 Years,4,7
"Content Implementation HTML ,  CSS ,  AEM6 Sanity Exp in CMS Chennai",White Horse Manpower Consultancy P Ltd,Chennai,3 - 8 Years,3,8
Remote -Oracle EBS Technical Consultant,TALPRO INDIA PRIVATE LIMITED,Bengaluru / Bangalore,7 - 15 Years,7,15
"Computer Operator , Computer Operator / Data Entry Operator",ASSOCIATIVE,Pune,0 - 1 Years,0,1
Logistic Manager Hiring For DUBAI,ADAL IMMIGRATIONS LLP,Dubai,8 - 13 Years,8,13
HR Generalist,SKYWALK VISA IMMIGRATION SERVICES LLP,"Canada, Germany, New Zealand",4 - 9 Years,4,9
Java FullStack Developer,LTIMindtree Ltd.,"Chennai, Hyderabad/Secunderabad, Kolkata, Pune",4 - 7 Years,4,7
Network Engineer Hiring For DUBAI,ADAL IMMIGRATIONS LLP,Dubai,8 - 13 Years,8,13
Innovation Engineer - AI - J48457,SAMPOORNA CONSULTANTS PVT LTD,"Bengaluru / Bangalore, Chennai",3 - 5 Years,3,5
Live Project Internship in Ahmedabad,Sparks To Ideas,"Ajmer, Bikaner, Jaipur, Kota, Udaipur",0 - 1 Years,0,1
Software Integration Lead,Equniox Business Solutions,Bengaluru / Bangalore,10 - 15 Years,10,15
Web Developer Job in Canada,EXOTIC EXPERT SOLUTIONS LLP,Canada,3 - 7 Years,3,7
Web Designer  Job In DUBAI,PRIMEX IMMIGRATION LLP,Dubai,3 - 8 Years,3,8
Ahmedabad's internship for cyber security,Sparks To Ideas,Ahmedabad,0 - 1 Years,0,1
"""Chief Security Officer""",Ample Leap Cognition,Faridabad,12 - 15 Years,12,15
Network Engineer,Techno Wise,Ahmedabad,1 - 5 Years,1,5
Wordpress Developer,Vishal Consultancy,Ahmedabad,3 - 4 Years,3,4
Python Internship in Ahmedabad,Maxgen Technologies,Ahmedabad,0 - 1 Years,0,1
Senior Principal - Architecture,LTIMindtree Ltd.,Hyderabad/Secunderabad,15 - 22 Years,15,22
Graphic Designers,Navyah Immigration Services Private Limited,"Dubai, Australia, Canada, Singapore",2 - 7 Years,2,7
DOT NET Developer,Waytogo Consultants Pvt Ltd,Pune,3 - 7 Years,3,7
Python Developer,Element Skill,"Bengaluru / Bangalore, Gurgaon, Mumbai, Noida/Greater Noida, Pune",4 - 9 Years,4,9
Network Engineer L2 - J48287,SAMPOORNA CONSULTANTS PVT LTD,Chennai,4 - 6 Years,4,6
Finance Accountant,Electrobrain modern technologies pvt ltd,"Vijayawada, Visakhapatnam, Ahmedabad, Bhuj, Gandhinagar",5 - 10 Years,5,10
Required Flutter Developer,Sparks To Ideas,Ahmedabad,0 - 1 Years,0,1
SAP Time Off- Software Engineering Professional J48438,SAMPOORNA CONSULTANTS PVT LTD,Bengaluru / Bangalore,3 - 8 Years,3,8
Java Backend Developer,LTIMindtree Ltd.,"Chennai, Hyderabad/Secunderabad, Kolkata, Pune",4 - 7 Years,4,7
Software Engineer  Job In GERMANY,World wide Immigration Service Llp,Germany,3 - 8 Years,3,8
QA | QC Engineer  Job In DUBAI,World wide Immigration Service Llp,Dubai,2 - 7 Years,2,7
"""Accounts executive"" , Account Assistant , Accountant",MOUNTAIN RANGE PROPERTIES and RESORTS PVT. LTD.,"Mumbai, Thane",3 - 5 Years,3,5
Live Project Internship in Ahmedabad,Sparks To Ideas,"Ahmedabad, Gandhinagar, Junagarh, Mehsana, Rajkot",0 - 1 Years,0,1
GM Finance Accounts,Electrobrain modern technologies pvt ltd,"Delhi, Delhi/NCR, Gurgaon, Mumbai, Noida/Greater Noida",5 - 10 Years,5,10
Internship for Flutter,Sparks To Ideas,Ahmedabad,0 - 1 Years,0,1
PYTHON INTERNSHIP IN AHEMDABAD,Sparks To Ideas,Ahmedabad,0 - 1 Years,0,1
Software Testing internship in Ahmedabad,Maxgen Technologies,"Ahmedabad, Anand, Gandhinagar, Mehsana, Surat",0 - 1 Years,0,1
Software Engineer Job In  POLAND,ADAL IMMIGRATIONS LLP,Unknown,3 - 8 Years,3,8
Network  Engineer  Job In MALTA,World wide Immigration Service Llp,Unknown,2 - 7 Years,2,7
Full Stack developer,Element Skill,"Bengaluru / Bangalore, Hyderabad/Secunderabad, Mumbai, Pune",5 - 10 Years,5,10
Art Director - MA - J48369,SAMPOORNA CONSULTANTS PVT LTD,Bengaluru / Bangalore,8 - 13 Years,8,13
Production Manager  / Quality Manager,Suman kumar,"Delhi/NCR, Gurgaon, Kolkata, Mumbai, Pune",10 - 15 Years,10,15
UX Designer - Manager  ( IC Role ) - BLR - J48440,SAMPOORNA CONSULTANTS PVT LTD,"Bengaluru / Bangalore, Pune",10 - 14 Years,10,14
Test - Delivery Manager,LTIMindtree Ltd.,Kolkata,15 - 20 Years,15,20
QA | QC Engineer  Job In CANADA,World wide Immigration Service Llp,Canada,5 - 10 Years,5,10
B.Tech Project Internship in PHP,Sparks To Ideas,Ahmedabad,0 - 1 Years,0,1
Admin Manager  Job In GERMANY,PRIMEX IMMIGRATION LLP,Germany,3 - 8 Years,3,8
AngularJS Full-Stack Developer,TALPRO INDIA PRIVATE LIMITED,Bengaluru / Bangalore,7 - 15 Years,7,15
"Full Stack Developer , Fineos Developer , Consultant",One World,"Bengaluru / Bangalore, Chennai, Delhi/NCR, Mumbai, Pune",5 - 10 Years,5,10
QA | QC Engineer  Job In LUXEMBOURG,World wide Immigration Service Llp,Unknown,4 - 8 Years,4,8
Finance Accounting Manager,Electrobrain modern technologies pvt ltd,"Chennai, Delhi, Delhi/NCR, Noida/Greater Noida, Pune",5 - 10 Years,5,10
QA | QC Engineer  Job In GERMANY,World wide Immigration Service Llp,Germany,3 - 8 Years,3,8
Accessibility Test Lead,Hucon Solutions India Pvt ltd,"Bengaluru / Bangalore, Pune, Bhubaneshwar",5 - 10 Years,5,10
Nodejs developer,Proconnxt,Chennai,5 - 7 Years,5,7
Finance Accounts Executive,Electrobrain modern technologies pvt ltd,"Chennai, Delhi, Delhi/NCR, Noida/Greater Noida, Pune",5 - 10 Years,5,10
"Aeronautical engineering , Mechanical engineer , Design Engineer",sachin kumar,"Pondicherry/Puducherry, Visakhapatnam, Rajkot, Cochin/ Kochi/ Ernakulam, Navi Mumbai",1 - 6 Years,1,6
NET Fullstake developer with Migration of MVC To Core Net,White Horse Manpower Consultancy P Ltd,"Bengaluru / Bangalore, Chennai, Pune",8 - 13 Years,8,13
Web Designer  Job  In DUBAI,PRIMEX IMMIGRATION LLP,Dubai,3 - 8 Years,3,8
Senior SAP Associates,Navyah Immigration Services Private Limited,"Dubai, Australia, Canada, Singapore",2 - 5 Years,2,5
Customer Service Executive - Mutual Fund Co Payrolll,Hy Fly Consultancy,"Mumbai, Pune, Navi Mumbai, Thane",0 - 3 Years,0,3
Senior .net Backend  /  Full Stack Developers,TALPRO INDIA PRIVATE LIMITED,Bengaluru / Bangalore,5 - 15 Years,5,15
"social media executive , video editor",Orbex Technologies Private Limited,"Delhi, Delhi/NCR, Gurgaon",0 - 3 Years,0,3
Junior .net Developer,TALPRO INDIA PRIVATE LIMITED,Bengaluru / Bangalore,5 - 15 Years,5,15
Hardware Engineer  Job In  SINGAPORE,ADAL IMMIGRATIONS LLP,Singapore,5 - 10 Years,5,10
Computer Science Engineer jobs in Canada - Australia,Srv global consultancy Pvt Ltd,"Australia, Canada",2 - 7 Years,2,7
Remote - Senior CNC Implementation Consultant,TALPRO INDIA PRIVATE LIMITED,Bengaluru / Bangalore,7 - 15 Years,7,15
QA / QC Engineer Job In USA,CLOUD VISA IMMIGRATION LLP,Unknown,3 - 8 Years,3,8
"Finance ,  Accounts  &  Costing",Electrobrain modern technologies pvt ltd,"Chennai, Delhi, Delhi/NCR, Gurgaon, Noida/Greater Noida",5 - 10 Years,5,10
Accountant,SKYWALK VISA IMMIGRATION SERVICES LLP,"Australia, Canada, Singapore",2 - 7 Years,2,7
MANAGER – PLANNING  &  BILLING,Suman kumar,"Ahmedabad, Bengaluru / Bangalore, Chennai, Delhi, Hyderabad/Secunderabad",8 - 10 Years,8,10
"Software Engineer , SEO Specialist",GigKafe.LLC Brand VLearnNow,"Ahmedabad, Bengaluru / Bangalore, Delhi/NCR, Kolkata",5 - 10 Years,5,10
Node Js Internship in Ahmedabad,Maxgen Technologies,"Ahmedabad, Anand, Gandhinagar, Mehsana, Surat",0 - 1 Years,0,1
Sales Manager | Cluster Manager,LINEUP MANPOWER SOLUTIONS PRIVATE LIMTED,"Kolkata, Bhubaneshwar, Cuttack, Asansol, Durgapur",1 - 3 Years,1,3
B.tech Project Internship,Sparks To Ideas,"Ahmedabad, Anand, Bhavnagar, Gandhinagar, Junagarh",0 - 1 Years,0,1
Remote - Azure DevOps Engineer,TALPRO INDIA PRIVATE LIMITED,Bengaluru / Bangalore,5 - 15 Years,5,15
Java Backend Developer  ( 39041 )  - J48405,SAMPOORNA CONSULTANTS PVT LTD,Bengaluru / Bangalore,4 - 7 Years,4,7
PHP Developer Job  In  DUBAI,PRIMEX IMMIGRATION LLP,Dubai,2 - 7 Years,2,7
Head System Engineer jobs in Canada - Australia -  Germany,Srv global consultancy Pvt Ltd,"Australia, Canada",2 - 7 Years,2,7
Technology Specialist  /  Architect - J48374,SAMPOORNA CONSULTANTS PVT LTD,"Bengaluru / Bangalore, Chennai",12 - 17 Years,12,17
"HR MANAGER  , 5 - 10 Yr , 30 - 40 K , GHAZIABAD",Swastic Enterprises,"Delhi/NCR, Noida/Greater Noida",5 - 10 Years,5,10
Senior Appian Developer / Lead / Architect,TALPRO INDIA PRIVATE LIMITED,Bengaluru / Bangalore,5 - 15 Years,5,15
"PHP Developer , Php Programmer , ""Full Stack PHP Developer""",Peopleplease Consulting,Mumbai,1 - 5 Years,1,5
Product Owner,TALPRO INDIA PRIVATE LIMITED,Bengaluru / Bangalore,5 - 15 Years,5,15
Systems  &  Finance Accountant,Electrobrain modern technologies pvt ltd,"Delhi, Delhi/NCR, Noida/Greater Noida",5 - 10 Years,5,10
.net Full Stack Developer,TALPRO INDIA PRIVATE LIMITED,Bengaluru / Bangalore,5 - 15 Years,5,15
QA / QC Engineer Jobs in Abroad,TALENT VAULT LLP,"Australia, Canada, New Zealand, Singapore",4 - 9 Years,4,9
GRAPHIC DESIGNER  &  VIDEO EDITOR,Options & Ideas,"Kolkata, Guwahati, Ranchi, Siliguri",0 - 3 Years,0,3
Network Support Engineer,IT Mantra Techintellect  Private Limited,Bengaluru / Bangalore,4 - 6 Years,4,6
Data Integration Engineer,LTIMindtree Ltd.,"Ahmedabad, Bengaluru / Bangalore, Chennai, Delhi, Hyderabad/Secunderabad",5 - 8 Years,5,8
Electrical maintenance engineer,ShivaKumar S,Thailand,2 - 7 Years,2,7
MIS Executive,SKYWALK VISA IMMIGRATION SERVICES LLP,Canada,7 - 12 Years,7,12
Python Internshp in Ahmedabad,Maxgen Technologies,"Ahmedabad, Anand, Gandhinagar, Mehsana, Surat",0 - 1 Years,0,1
HR Generalist,Electrobrain modern technologies pvt ltd,"Ahmedabad, Delhi, Delhi/NCR, Gurgaon, Noida/Greater Noida",3 - 8 Years,3,8
QA | QC Engineer  Job In USA,World wide Immigration Service Llp,Unknown,5 - 10 Years,5,10
Oracle Fusion Data Intelligence Consultant,LTIMindtree Ltd.,"Bengaluru / Bangalore, Kolkata, Mumbai, Noida/Greater Noida, Pune",3 - 8 Years,3,8
"Flutter Developer , Senior Flutter Developer , Tech Lead - Flutter",PREDATORS CONSULTING,"Mumbai, Navi Mumbai",2 - 7 Years,2,7
Solution Architect- Pre Sales - J48415,SAMPOORNA CONSULTANTS PVT LTD,Bengaluru / Bangalore,12 - 17 Years,12,17
EUC Operations Manager - J48408,SAMPOORNA CONSULTANTS PVT LTD,Chennai,10 - 15 Years,10,15
AWS DevOps Engineer,TALPRO INDIA PRIVATE LIMITED,Bengaluru / Bangalore,5 - 15 Years,5,15
Website Designer Hiring For GERMANY,CLOUD VISA IMMIGRATION LLP,"Dubai, Canada, Germany",3 - 8 Years,3,8
Remote - Senior Oracle Cloud Payroll Functional Consultant,TALPRO INDIA PRIVATE LIMITED,Bengaluru / Bangalore,5 - 15 Years,5,15
Finance Accounts Officer,Electrobrain modern technologies pvt ltd,"Gandhinagar, Jamnagar, Junagarh, Palanpur",5 - 10 Years,5,10
Oracle SCM Functional Lead,LTIMindtree Ltd.,"Ahmedabad, Bengaluru / Bangalore, Chennai, Hyderabad/Secunderabad, Kolkata",8 - 12 Years,8,12
Oracle Data Intergrator,LTIMindtree Ltd.,Kolkata,3 - 8 Years,3,8
Database analysts and  administrators,Navyah Immigration Services Private Limited,"Dubai, Australia, Canada, Singapore",2 - 7 Years,2,7
Deputy Manager,Electrobrain modern technologies pvt ltd,"Ahmedabad, Chennai, Delhi, Delhi/NCR, Gurgaon",5 - 10 Years,5,10
Website Designer,SKYWALK VISA IMMIGRATION SERVICES LLP,"New York City, Australia, Canada, New Zealand, Singapore",2 - 7 Years,2,7
Test Architect,LTIMindtree Ltd.,"Chennai, Kolkata",12 - 16 Years,12,16
.netcore Sr. Tech Lead - J48367,SAMPOORNA CONSULTANTS PVT LTD,Bengaluru / Bangalore,10 - 14 Years,10,14
Finance  &  Accounts manager,Electrobrain modern technologies pvt ltd,"Delhi, Delhi/NCR, Mumbai, Noida/Greater Noida, Pune",5 - 10 Years,5,10
Obiee Developer,LTIMindtree Ltd.,Kolkata,3 - 8 Years,3,8
"""Back end Developer"" , Golang Develoer",PREDATORS CONSULTING,"Mumbai, Navi Mumbai",1 - 3 Years,1,3
MS Dynamics F and O Finance Associate Consultant - J48196,SAMPOORNA CONSULTANTS PVT LTD,Pune,0 - 3 Years,0,3
Oracle project accounting functional Consultant,LTIMindtree Ltd.,"Ahmedabad, Bengaluru / Bangalore, Chennai, Hyderabad/Secunderabad, Kolkata",7 - 12 Years,7,12
"Senior Developer , Senior Developer / Software Engineer",PREDATORS CONSULTING,"Mumbai, Navi Mumbai",3 - 8 Years,3,8
Data Science Internship in Ahmedabad,Maxgen Technologies,"Ahmedabad, Bhavnagar, Junagarh, Rajkot, Surat",0 - 1 Years,0,1
IDAM - Transformation Director - J48377,SAMPOORNA CONSULTANTS PVT LTD,Chennai,18 - 23 Years,18,23
UI Technical Lead,Hucon Solutions India Pvt ltd,"Bengaluru / Bangalore, Pune, Bhubaneshwar",8 - 12 Years,8,12
Java Developer,Electrobrain modern technologies pvt ltd,"Bhopal, Gwalior, Indore",3 - 8 Years,3,8
SENIOR SOFTWARE ENGINEER,Electrobrain modern technologies pvt ltd,"Delhi, Delhi/NCR, Gurgaon, Mumbai, Noida/Greater Noida",3 - 8 Years,3,8
Data Management Developer- J48282,SAMPOORNA CONSULTANTS PVT LTD,"Bengaluru / Bangalore, Delhi, Mumbai",2 - 4 Years,2,4
Cloud Operations Manager - J48386,SAMPOORNA CONSULTANTS PVT LTD,Chennai,15 - 20 Years,15,20
Java Technical Architect,Hucon Solutions India Pvt ltd,Pune,13 - 18 Years,13,18
Java Internship in Pune,Maxgen Technologies,"Pune, Amravati, Dhule, Sangli, Satara",0 - 1 Years,0,1
Sharepoint Developer,LTIMindtree Ltd.,"Bengaluru / Bangalore, Chennai, Delhi/NCR, Hyderabad/Secunderabad, Mumbai",5 - 10 Years,5,10
Job for Data Science in Ahmedabad,Sparks To Ideas,Ahmedabad,0 - 1 Years,0,1
Sales and Marketing Manager - Finland  &  Singapore,LIMA FLY PRIVATE LIMITED,Singapore,7 - 12 Years,7,12
Web Designer / Developer,sharda consultancy Services,"Delhi, Delhi/NCR",3 - 6 Years,3,6
"Admin Executive , Administration Assistant / Executive",MIAECT Pvt Ltd,"Mumbai, Navi Mumbai, Thane",2 - 5 Years,2,5
Internship For Data Science,Sparks To Ideas,Ahmedabad,0 - 1 Years,0,1
Java Springboot  ( Req ID: 40675 ) -Level E - J48413,SAMPOORNA CONSULTANTS PVT LTD,Bengaluru / Bangalore,3 - 8 Years,3,8
Team Leader Voice openings,White Horse Manpower Consultancy P Ltd,Bengaluru / Bangalore,1 - 6 Years,1,6
Purchase / Material Management,U.S,Mumbai,3 - 8 Years,3,8
"Aircraft Mechanical maintenance engineer , Electrical Engineer",sachin kumar,"Ahmedabad, Bengaluru / Bangalore, Chennai, Hyderabad/Secunderabad, Mumbai",1 - 6 Years,1,6
Scrum master and Project manager,Midas Touch,"Bengaluru / Bangalore, Hyderabad/Secunderabad, Mumbai, Pune",7 - 12 Years,7,12
QA Automation API  Rest assured  mandate  Cucumber java selenium,White Horse Manpower Consultancy P Ltd,Bengaluru / Bangalore,7 - 12 Years,7,12
"Python Developer , Python , Python Full stack",Peopleplease Consulting,Mumbai,1 - 5 Years,1,5
"Fullstake Developer , Senior Software Engineer , Software Engineer",SHREE ADISHAKTHI CONSULTANCY,"Bengaluru / Bangalore, Chennai",4 - 8 Years,4,8
Python Developer - J48497,SAMPOORNA CONSULTANTS PVT LTD,Pune,1 - 4 Years,1,4
Senior .net Developer - Back End,TALPRO INDIA PRIVATE LIMITED,Bengaluru / Bangalore,7 - 15 Years,7,15
HR cum IR MANAGER,ANIRUDDHA ROY CHOUDHURY,"Chennai, Gurgaon, Kolkata, Mumbai",13 - 18 Years,13,18
RPA Developer Process Excellence Mumbai,Client of placement company,Mumbai,2 - 6 Years,2,6
Senior Consultant For Jira Immediate Joiners,White Horse Manpower Consultancy P Ltd,"Bengaluru / Bangalore, Chennai, Pune",12 - 17 Years,12,17
Maintenance Manager,Suman kumar,"Chennai, Delhi/NCR, Bilaspur, Satna, Rourkela",10 - 15 Years,10,15
Oracle Flexcube Technical with Corporate core banking,LTIMindtree Ltd.,"Bengaluru / Bangalore, Chennai, Hyderabad/Secunderabad, Mumbai, Pune",3 - 8 Years,3,8
Full Stack Internship in Pune,Maxgen Technologies,"Pune, Amravati, Dhule, Sangli, Satara",0 - 1 Years,0,1
Data science Internship,Sparks To Ideas,Ahmedabad,0 - 1 Years,0,1
Cyber security Internship,Sparks To Ideas,Ahmedabad,0 - 1 Years,0,1
Hardware Engineer Hiring  For DUBAI,ADAL IMMIGRATIONS LLP,Dubai,13 - 18 Years,13,18
"PA to MD , Salary 30-32K , Charges applicable after selection",Spearhead Technology Services,Kolkata,5 - 10 Years,5,10
SENIOR ACCOUNTS EXECUTIVE,Suman kumar,"Delhi/NCR, Kolkata, Pune, Jaipur, Lucknow",8 - 12 Years,8,12
Oracle VBCS / VBS Developer,LTIMindtree Ltd.,"Bengaluru / Bangalore, Chennai, Delhi/NCR, Kolkata, Mumbai",3 - 8 Years,3,8
"React JS Developer , ""Full Stack Software Developer""",Peopleplease Consulting,Mumbai,1 - 5 Years,1,5
React JS Developer,Waytogo Consultants Pvt Ltd,Pune,3 - 7 Years,3,7
SAP Project Manager required in Canada under PR,World Overseas immigration Consultancy Pvt Ltd,"Australia, Canada",2 - 7 Years,2,7
"LWC Developer , Lightning Web Components Developer",One World,"Ahmedabad, Bengaluru / Bangalore, Gurgaon, Hyderabad/Secunderabad, Mumbai",3 - 8 Years,3,8
Software Engineer II - J48455,SAMPOORNA CONSULTANTS PVT LTD,Chennai,2 - 5 Years,2,5
Database Administrator,Waytogo Consultants Pvt Ltd,Hyderabad/Secunderabad,2 - 7 Years,2,7
Lead Consultant Solutions Designing BPM immediate Joinings,White Horse Manpower Consultancy P Ltd,"Bengaluru / Bangalore, Chennai, Pune",12 - 17 Years,12,17
"PHP Developer , Php Programmer , Software Engineer",Gaurangna Singh,"Ahmedabad, Pune, Bilaspur, Raipur, Indore",1 - 6 Years,1,6
Computer Network and Systems Engineer,Navyah Immigration Services Private Limited,"Australia, Canada",2 - 5 Years,2,5
Regional Head Business Development,Equniox Business Solutions,Bengaluru / Bangalore,15 - 20 Years,15,20
Free internship in React Js,Sparks To Ideas,Ahmedabad,0 - 1 Years,0,1
Sap Concur Consultant immediate Joining,White Horse Manpower Consultancy P Ltd,Bengaluru / Bangalore,5 - 8 Years,5,8
Free Python Internship In Ahmedabad,Sparks To Ideas,"Ahmedabad, Bhavnagar, Botad, Gandhinagar, Junagarh",0 - 1 Years,0,1
Full Stack Developer  ( c# / .net ),TALPRO INDIA PRIVATE LIMITED,Bengaluru / Bangalore,7 - 15 Years,7,15
Winter Internship for cyber security,Sparks To Ideas,Ahmedabad,0 - 1 Years,0,1
Data Analyst - AI / ML - J48458,SAMPOORNA CONSULTANTS PVT LTD,Chennai,3 - 5 Years,3,5
"""DevOps Developer""",Medicca Limited,Bengaluru / Bangalore,3 - 8 Years,3,8
Web Designers and Developers,Navyah Immigration Services Private Limited,"Dubai, Australia, Canada, Singapore",2 - 5 Years,2,5
Python Developer Internship,Maxgen Technologies,"Ahmedabad, Anand, Gandhinagar, Mehsana, Surat",0 - 1 Years,0,1
Senior Director - Program  &  Project Management,LTIMindtree Ltd.,Hyderabad/Secunderabad,18 - 22 Years,18,22
Facility Manager,Suman kumar,"Gurgaon, Kolkata, Mumbai, Chandigarh, Indore",10 - 15 Years,10,15
"Personal Assistant , Secretary",Indica Industries Pvt Ltd,Noida/Greater Noida,3 - 8 Years,3,8
React js Internship in Pune,Maxgen Technologies,"Pune, Jalgaon, Kolhapur, Nasik, Solapur",0 - 1 Years,0,1
Power BI Developer,Waytogo Consultants Pvt Ltd,Hyderabad/Secunderabad,3 - 8 Years,3,8
Assistant Manager-Packaging Purchase,Venky's India Ltd.,Pune,10 - 15 Years,10,15
Java internship in Ahmedabad,Maxgen Technologies,"Ahmedabad, Bhavnagar, Junagarh, Rajkot, Surendranagar",0 - 1 Years,0,1
Aircraft Mechanical maintenance engineer,sachin kumar,"Bengaluru / Bangalore, Chennai, Mumbai, Pune, Visakhapatnam",1 - 6 Years,1,6
"PHP Developer , Web Developer , Software Developer , Software Engineer",DATAMAX INFOTECH,Mumbai,4 - 5 Years,4,5
"HR Jobs in Bangalore ,  Immediate Joining ,  DayShift ,  Sal 18k+Inc",White Horse Manpower Consultancy P Ltd,Bengaluru / Bangalore,1 - 4 Years,1,4
General Ledger Accountant,EXO Edge,"Delhi/NCR, Gurgaon, Noida/Greater Noida, Chandigarh, Mohali",4 - 9 Years,4,9
Business Analyst - J48343,SAMPOORNA CONSULTANTS PVT LTD,Hyderabad/Secunderabad,2 - 4 Years,2,4
"QA Engineer , Software Testing Engineer",Times internetghtytutujhjd,Bongaigaon,2 - 7 Years,2,7
Permanent Remote -AWS DevOps Engineer,TALPRO INDIA PRIVATE LIMITED,Bengaluru / Bangalore,7 - 15 Years,7,15
3D Environmental artist,BLUEPULSE VENTURES PRIVATE LIMITED,"Bengaluru / Bangalore, Mumbai",2 - 3 Years,2,3
Sr. Customer support executive Voice - Bank Payroll,Hy Fly Consultancy,"Pune, Mumbai, Navi Mumbai, Thane",0 - 3 Years,0,3
"HRBP , Human Resource Business Partner , Human Resource Generalist",PREDATORS CONSULTING,"Mumbai, Navi Mumbai",5 - 9 Years,5,9
"Course Designer , Content creator",Forgebs Technologies Pvt Ltd.,"Bengaluru / Bangalore, Hyderabad/Secunderabad, Kolkata, Mumbai, Pune",1 - 5 Years,1,5
React JS Internship in Pune,Maxgen Technologies,"Pune, Amravati, Aurangabad, Nasik, Sangli",0 - 1 Years,0,1
DevOps Cloud engineer - J48260,SAMPOORNA CONSULTANTS PVT LTD,Hyderabad/Secunderabad,3 - 5 Years,3,5
Software and Applications Programmers,Navyah Immigration Services Private Limited,"Dubai, Australia, Canada, Japan",2 - 7 Years,2,7
Winter Internship,Sparks To Ideas,Ahmedabad,0 - 1 Years,0,1
React Js Internship in Ahmedabad,Maxgen Technologies,"Ahmedabad, Bhavnagar, Junagarh, Rajkot, Surat",0 - 1 Years,0,1
Mern Stack Internship in Ahmedabad,Maxgen Technologies,Ahmedabad,0 - 1 Years,0,1
React Js Internship in Ahmedabad,Maxgen Technologies,"Ahmedabad, Anand, Gandhinagar, Mehsana, Surendranagar",0 - 1 Years,0,1
Data Management Developer-R1075025 - J48282,SAMPOORNA CONSULTANTS PVT LTD,"Bengaluru / Bangalore, Delhi, Mumbai",2 - 4 Years,2,4
"""APPLICATION SUPPORT ENGINEER""",Electrobrain modern technologies pvt ltd,"Bengaluru / Bangalore, Delhi, Delhi/NCR, Gurgaon, Mumbai",3 - 8 Years,3,8
Senior Accountant,Final Round,Kolkata,5 - 6 Years,5,6
Software Application Developer,Electrobrain modern technologies pvt ltd,"Delhi, Delhi/NCR, Gurgaon, Mumbai, Noida/Greater Noida",3 - 8 Years,3,8
Centre Head - J48373,SAMPOORNA CONSULTANTS PVT LTD,"Bengaluru / Bangalore, Chennai",15 - 20 Years,15,20
Quality Associate,Electrobrain modern technologies pvt ltd,"Delhi, Delhi/NCR, Gurgaon, Noida/Greater Noida, Pune",3 - 8 Years,3,8
Business Analyst,Electrobrain modern technologies pvt ltd,"Delhi, Delhi/NCR, Gurgaon, Noida/Greater Noida, Faridabad",3 - 8 Years,3,8
"Data Entry ,  Back Office ,  Computer Operator",Laxmi Infotech,"Delhi/NCR, Mumbai, Pune",0 - 3 Years,0,3
"network engineer , Software Engineer , Software Developer",RADKO INFOTECH,Chennai,0 - 1 Years,0,1
"Jobs in  Automation c# ,  SDET ,  testing UAT ,  Selenium with Java",White Horse Manpower Consultancy P Ltd,"Hyderabad/Secunderabad, Pune, Visakhapatnam",3 - 8 Years,3,8
Web development internship in Pune,Maxgen Technologies,"Pune, Jalgaon, Kolhapur, Nasik, Solapur",0 - 1 Years,0,1
Senior Analyst - Data Science,Electrobrain modern technologies pvt ltd,"Delhi, Delhi/NCR, Gurgaon, Mumbai, Noida/Greater Noida",2 - 7 Years,2,7
Web Development Internship in Ahmedabad,Maxgen Technologies,Ahmedabad,0 - 1 Years,0,1
Full Stack Internship in Pune,Maxgen Technologies,Pune,0 - 1 Years,0,1
Assistant General Manager  ( Logistics  &  Supply chain ),Suman kumar,"Delhi/NCR, Kolkata, Pune, Indore, Bhubaneshwar",15 - 20 Years,15,20
Desktop Engineers Required in Canada under PR visa,World Overseas immigration Consultancy Pvt Ltd,"Australia, Canada",2 - 7 Years,2,7
JD Edwrads Manufacturing Consultant,LTIMindtree Ltd.,"Delhi/NCR, Kolkata",4 - 9 Years,4,9
Accounts  &  Finance Manager,Ample Leap Cognition,Gurgaon,10 - 15 Years,10,15
Group HR Head  ( Core HR ),Ample Leap Cognition,Pune,20 - 25 Years,20,25
System Analyst Required in Austria  ( Europe ) Under work visa,World Overseas immigration Consultancy Pvt Ltd,"Australia, Canada, Germany",3 - 8 Years,3,8
Opportunities for Network Administrator in Canada,World Overseas immigration Consultancy Pvt Ltd,"Australia, Canada",2 - 7 Years,2,7
Aircraft Mechanical maintenance engineer,sachin kumar,"Ahmedabad, Bengaluru / Bangalore, Chennai, Hyderabad/Secunderabad, Kolkata",0 - 3 Years,0,3
Web Engineer  ( Frontend ),Electrobrain modern technologies pvt ltd,"Delhi, Delhi/NCR, Gurgaon, Mumbai, Faridabad",3 - 8 Years,3,8
Want Python  interns,Sparks To Ideas,Ahmedabad,0 - 1 Years,0,1
Java Developer Internship in Pune,Maxgen Technologies,"Pune, Jalgaon, Kolhapur, Nasik, Solapur",0 - 1 Years,0,1
Data Analyst Internship in Pune,Maxgen Technologies,Pune,0 - 1 Years,0,1
Python Developer,SKYWALK VISA IMMIGRATION SERVICES LLP,"Bengaluru / Bangalore, Australia, Canada, Germany, New Zealand",3 - 8 Years,3,8
Test Automation Engineer,Electrobrain modern technologies pvt ltd,"Delhi, Delhi/NCR, Gurgaon, Noida/Greater Noida, Pune",3 - 8 Years,3,8
JD Edwrads CNC,LTIMindtree Ltd.,"Delhi/NCR, Kolkata",4 - 9 Years,4,9
INTERNSHIP FOR FRESHERS IN PHP,Sparks To Ideas,Ahmedabad,0 - 1 Years,0,1
Project Manager PMP CPAM,White Horse Manpower Consultancy P Ltd,"Bengaluru / Bangalore, Chennai, Pune",12 - 17 Years,12,17
PROFESSOR /  ASSOCIATE / ASTT. PROFESSOR - COMPUTER SCIENCE,SNJ Skye Management Consultant,Kanpur,1 - 6 Years,1,6
OIC Developer,LTIMindtree Ltd.,"Bengaluru / Bangalore, Chennai, Delhi/NCR, Kolkata, Mumbai",3 - 8 Years,3,8
Service Delivery Manager - J48414,SAMPOORNA CONSULTANTS PVT LTD,Bengaluru / Bangalore,18 - 23 Years,18,23
Python Live Project Internship,Sparks To Ideas,Ahmedabad,0 - 1 Years,0,1
Team lead  /  International Customer Service - Voice,White Horse Manpower Consultancy P Ltd,"Bengaluru / Bangalore, Chennai, Hyderabad/Secunderabad",0 - 3 Years,0,3
"""Frontend Engineer""",KANDPAL CONSULTANT,"Bengaluru / Bangalore, Delhi, Hyderabad/Secunderabad, Pune, Chandigarh",3 - 4 Years,3,4
"Test Automation Engineer  , Software Test Automation Engineer",SHREE ADISHAKTHI CONSULTANCY,"Bengaluru / Bangalore, Chennai, Mumbai, Pune",4 - 8 Years,4,8
Software Developer,Medicca Limited,"Bengaluru / Bangalore, Chennai, Hyderabad/Secunderabad, Mumbai, Navi Mumbai",2 - 7 Years,2,7
"content writer , Technical Writer , seo",Laxmi Infotech,"Gurgaon, Kolkata, Mumbai, Noida/Greater Noida, Pune",0 - 3 Years,0,3
PHP / Wordpress Developer,Reliqus,Delhi,0 - 1 Years,0,1
Senior Software Testers,Navyah Immigration Services Private Limited,"Dubai, Australia, Canada, Japan",2 - 5 Years,2,5
Python Internship for freshers,Sparks To Ideas,Ahmedabad,0 - 1 Years,0,1
"""Hardware  &  Networking Engineer""",Suresh Gopalan Acharya,Mumbai,1 - 4 Years,1,4
Website Designer Intern,Reliqus,Delhi,0 - 1 Years,0,1
General Ledger Accountant,Addenda Chemical India Private Limited,Gurgaon,3 - 8 Years,3,8
"content writer , Technical Writer , seo",Laxmi Infotech,"Bengaluru / Bangalore, Chennai, Delhi, Hyderabad/Secunderabad",0 - 3 Years,0,3
"Manual Testing with Enterprise Networking Experience ,  Bangalore",White Horse Manpower Consultancy P Ltd,Bengaluru / Bangalore,5 - 10 Years,5,10
Project Manager  /  Delivery Manager,HR Jobs Placements,"Bengaluru / Bangalore, Chennai, Delhi/NCR, Kolkata, Mumbai",8 - 13 Years,8,13
Database Administrator Required in Canada under PR visa,World Overseas immigration Consultancy Pvt Ltd,"Australia, Canada",2 - 7 Years,2,7
QA Analyst II,Electrobrain modern technologies pvt ltd,"Ahmedabad, Bengaluru / Bangalore, Chennai, Mumbai",3 - 8 Years,3,8
SAP Consultant,Aerro outsourcing pvt ltd,"Abu Dhabi, Dubai, Australia, Canada, Hong Kong",1 - 6 Years,1,6
"Software Analyst , Programmer Analyst  ( Java )  , Ui Designer",RADKO INFOTECH,Chennai,0 - 1 Years,0,1
JD Edwrads S & D Consultant,LTIMindtree Ltd.,"Bengaluru / Bangalore, Chennai, Hyderabad/Secunderabad, Mumbai, Pune",4 - 9 Years,4,9
"Software Developer , Developer",Upholic Tech Private Limited,"Mumbai, Thane",1 - 3 Years,1,3
JD Edwrads Finance Consultant,LTIMindtree Ltd.,"Bengaluru / Bangalore, Chennai, Hyderabad/Secunderabad, Mumbai, Pune",4 - 9 Years,4,9
Python Internship in Pune,Maxgen Technologies,Pune,0 - 1 Years,0,1
Junior Legal Associate,Cyberpolicies,"Delhi, Delhi/NCR",2 - 4 Years,2,4
Workday Functional Consultant,LTIMindtree Ltd.,"Bengaluru / Bangalore, Kolkata, Mumbai, Noida/Greater Noida, Pune",3 - 8 Years,3,8
Senior OCI admin,LTIMindtree Ltd.,"Bengaluru / Bangalore, Chennai, Kolkata, Mumbai, Pune",5 - 10 Years,5,10
Qa Engineer,Electrobrain modern technologies pvt ltd,"Delhi, Delhi/NCR, Gurgaon, Noida/Greater Noida, Pune",3 - 8 Years,3,8
PROFESSOR /  ASSOCIATE / ASSISTANT PROFESSOR -  BCA,SNJ Skye Management Consultant,Kanpur,0 - 3 Years,0,3
JD Edwards Technical Consultant,LTIMindtree Ltd.,"Bengaluru / Bangalore, Delhi, Hyderabad/Secunderabad, Mumbai, Pune",4 - 9 Years,4,9
IT MANAGER,HR Jobs Placements,"Hyderabad/Secunderabad, Kolkata, Mumbai, Noida/Greater Noida, Pune",7 - 12 Years,7,12
MERN stack Developer,National Institute For Career Education,"Ahmedabad, Bengaluru / Bangalore, Chennai, Hyderabad/Secunderabad, Kolkata",0 - 3 Years,0,3
Full Stack Internship in Pune,Maxgen Technologies,"Pune, Jalgaon, Kolhapur, Nasik, Solapur",0 - 1 Years,0,1
"Software  Test  Engineer , Testing Engineer",SHREE ADISHAKTHI CONSULTANCY,"Bengaluru / Bangalore, Chennai, Mumbai, Pune",4 - 8 Years,4,8
"Mis Executive , Sales Coordinator",New Global Technologies,"Ahmedabad, Delhi/NCR, Gurgaon, Kolkata, Noida/Greater Noida",0 - 3 Years,0,3
Azure Devops Engineer,Laxmi Infotech,"Ahmedabad, Delhi, Gurgaon, Kolkata, Mumbai",3 - 8 Years,3,8
Senior Angular Developer,White Horse Manpower Consultancy P Ltd,"Bengaluru / Bangalore, Mumbai, Pune",5 - 10 Years,5,10
Senior .net Developer,White Horse Manpower Consultancy P Ltd,"Bengaluru / Bangalore, Mumbai, Pune",5 - 10 Years,5,10
Senior Infrastructure Engineer,White Horse Manpower Consultancy P Ltd,"Bengaluru / Bangalore, Mumbai, Pune",2 - 7 Years,2,7
Flash Animator  /  Multimedia graphics designer,Laxmi Infotech,"Ahmedabad, Gurgaon, Kolkata, Noida/Greater Noida",0 - 3 Years,0,3
Senior Full Stack Developer,White Horse Manpower Consultancy P Ltd,"Bengaluru / Bangalore, Mumbai, Pune",5 - 10 Years,5,10
Manual Test Engineer,Electrobrain modern technologies pvt ltd,"Delhi, Delhi/NCR, Gurgaon, Mumbai, Noida/Greater Noida",3 - 6 Years,3,6
BPO AP Lead,White Horse Manpower Consultancy P Ltd,"Bengaluru / Bangalore, Mumbai, Pune",10 - 15 Years,10,15
"Mis Executive , Sales Coordinator",New Global Technologies,"Bengaluru / Bangalore, Chennai, Hyderabad/Secunderabad, Mumbai, Pune",0 - 3 Years,0,3
"Quality Analyst Technical Support Process ,  QA TSE",White Horse Manpower Consultancy P Ltd,Bengaluru / Bangalore,1 - 6 Years,1,6
Business Analyst,LTIMindtree Ltd.,"Bengaluru / Bangalore, Chennai, Mumbai, Pune",1 - 2 Years,1,2
"FrontEnd Developer , FrontEnd Engineer , FrontEnd Web Developer",PREDATORS CONSULTING,"Mumbai, Navi Mumbai",1 - 3 Years,1,3
"Data Analyst , Database Administrator",Aerro outsourcing pvt ltd,"Abu Dhabi, Dubai, Australia, Canada, Hong Kong",1 - 6 Years,1,6
Mechanical Engineer,Laxmi Infotech,"Bengaluru / Bangalore, Chennai, Hyderabad/Secunderabad, Mumbai, Pune",0 - 3 Years,0,3
R2R Team Leader Or Manager,White Horse Manpower Consultancy P Ltd,Bengaluru / Bangalore,4 - 8 Years,4,8
Technical Performance Specialist - Cloud Computing,New Global Technologies,"Bengaluru / Bangalore, Delhi, Hyderabad/Secunderabad, Mumbai, Pune",1 - 6 Years,1,6
Jr. Software Tester,Reliqus,Delhi,0 - 1 Years,0,1
IT infrastruture manager immediate Joining  8553281886,White Horse Manpower Consultancy P Ltd,Bengaluru / Bangalore,5 - 7 Years,5,7
BPO Customer Care Voice Process call  Ayesha@ 9972020050,White Horse Manpower Consultancy P Ltd,Bengaluru / Bangalore,2 - 6 Years,2,6
"B.E  , B.tech  , Diploma- engineers",New Global Technologies,"Bengaluru / Bangalore, Chennai, Hyderabad/Secunderabad, Kolkata, Mumbai",0 - 3 Years,0,3
Dev Manager,White Horse Manpower Consultancy P Ltd,"Bengaluru / Bangalore, Mumbai, Pune",10 - 15 Years,10,15
"SAP Consultant , Sap Basis Consultant",HR Jobs Placements,"Bengaluru / Bangalore, Chennai, Delhi/NCR, Hyderabad/Secunderabad, Mumbai",5 - 10 Years,5,10
"Java Developer , Software Engineer , Developer",Peopleplease Consulting,Mumbai,0 - 3 Years,0,3
Senior Software Engineer,New Global Technologies,"Visakhapatnam, Patna, Gandhinagar, Ranchi, Cochin/ Kochi/ Ernakulam",1 - 6 Years,1,6
Network Administrator I,Laxmi Infotech,"Ahmedabad, Gurgaon, Kolkata, Noida/Greater Noida, Pune",0 - 3 Years,0,3
Telco lead For Incident and Fault Management immediate Joining,White Horse Manpower Consultancy P Ltd,Bengaluru / Bangalore,9 - 14 Years,9,14
Network Engineer,Laxmi Infotech,"Bengaluru / Bangalore, Chennai, Hyderabad/Secunderabad",1 - 6 Years,1,6
ETL Developer,New Global Technologies,"Ahmedabad, Gurgaon, Kolkata, Noida/Greater Noida, Cochin/ Kochi/ Ernakulam",0 - 3 Years,0,3
Manual Test Engineer Required in Canada Under PNP program,World Overseas immigration Consultancy Pvt Ltd,"Australia, Canada",2 - 7 Years,2,7
General Manager,HR Jobs Placements,"Bengaluru / Bangalore, Chennai, Delhi/NCR, Hyderabad/Secunderabad, Mumbai",8 - 13 Years,8,13
"datawarehousing  , database developer",New Global Technologies,"Bengaluru / Bangalore, Chennai, Hyderabad/Secunderabad, Mumbai, Noida/Greater Noida",0 - 3 Years,0,3
"Technical Engineer ,  Computer Hardware Engineer ,  Support Engineer",Laxmi Infotech,"Bengaluru / Bangalore, Chennai, Hyderabad/Secunderabad, Mumbai, Pune",1 - 6 Years,1,6
Android Developer,New Global Technologies,"Bengaluru / Bangalore, Chennai, Hyderabad/Secunderabad, Mumbai, Pune",1 - 6 Years,1,6
"Network Engineer , System Administrator , Hardware Engineer",Laxmi Infotech,"Delhi/NCR, Mumbai, Pune",1 - 6 Years,1,6
"Network Administrator , Network Engineer , System Engineer",AppSoft Solutions,"Bengaluru / Bangalore, Chennai, Delhi, Mumbai, Pune",0 - 3 Years,0,3
Financial Analyst,HR Jobs Placements,"Bengaluru / Bangalore, Chennai, Delhi/NCR, Hyderabad/Secunderabad, Mumbai",2 - 7 Years,2,7
Azure Devops Engineer,New Global Technologies,"Bengaluru / Bangalore, Chennai, Hyderabad/Secunderabad, Mumbai, Pune",1 - 6 Years,1,6
Hardware Networking Engineer,New Global Technologies,"Bengaluru / Bangalore, Chennai, Hyderabad/Secunderabad, Mumbai, Pune",0 - 3 Years,0,3
Technical Support Engineer,Laxmi Infotech,"Ahmedabad, Delhi, Gurgaon, Noida/Greater Noida, Pune",0 - 3 Years,0,3
Business Analyst,White Horse Manpower Consultancy P Ltd,"Bengaluru / Bangalore, Mumbai, Pune",4 - 9 Years,4,9
Senior Business Analyst / Data Engineer - Python  &  Cloud Computing,New Global Technologies,"Bengaluru / Bangalore, Delhi/NCR, Hyderabad/Secunderabad, Mumbai, Pune",1 - 6 Years,1,6
"DBA , Database Administrative , Oracle Dba",AppSoft Solutions,"Bengaluru / Bangalore, Chennai, Delhi, Mumbai, Pune",0 - 3 Years,0,3
"Associate Engineer , diploma  , be , btech",Laxmi Infotech,"Ahmedabad, Delhi, Gurgaon, Kolkata, Noida/Greater Noida",0 - 3 Years,0,3
"""Android  /  iOS Developer""",Laxmi Infotech,"Ahmedabad, Delhi, Gurgaon, Kolkata, Noida/Greater Noida",0 - 3 Years,0,3
"Network Engineer , System Administrator , Hardware Engineer",Laxmi Infotech,"Ahmedabad, Gurgaon, Kolkata, Noida/Greater Noida, Pune",0 - 3 Years,0,3
Oracle Database Administrator,Laxmi Infotech,"Bengaluru / Bangalore, Hyderabad/Secunderabad, Pune",0 - 3 Years,0,3
"L1 , l2 Support Engineer",New Global Technologies,"Ahmedabad, Gurgaon, Kolkata, Noida/Greater Noida, Pune",0 - 3 Years,0,3
"Software Engineer , Software Developer",ASSOCIATIVE,Pune,0 - 1 Years,0,1
Opening of Accountant  ( Mid Level )  for a Manufacturing Company,Universal Consultant and Management Services,Kolkata,2 - 7 Years,2,7
Service Delivery- Manager,HR Jobs Placements,"Bengaluru / Bangalore, Chennai, Delhi/NCR, Hyderabad/Secunderabad, Pune",8 - 13 Years,8,13
Automation Test Manager,HR Jobs Placements,"Bengaluru / Bangalore, Chennai, Delhi/NCR, Kolkata, Mumbai",8 - 13 Years,8,13
Mobile Application Developer,New Global Technologies,"Ahmedabad, Bengaluru / Bangalore, Gurgaon, Kolkata, Noida/Greater Noida",0 - 3 Years,0,3
"JAVA Applications Developer , JAVA Developer",Suresh Gopalan Acharya,Mumbai,0 - 2 Years,0,2
Computer Operator / Data Entry Operator,Aryan technologies,"Akola, Latur, Lonavala, Thane, Vasai",0 - 3 Years,0,3
Computer Operator / Data Entry Operator,Aryan technologies,"Bongaigaon, Dhubri, Dibrugarh, Guwahati, Jorhat",0 - 3 Years,0,3
"Cloud Engineer , ""AWS Cloud Engineer""",AppSoft Solutions,"Bengaluru / Bangalore, Chennai, Delhi, Mumbai, Pune",0 - 3 Years,0,3
IT Manager,HR Jobs Placements,"Hyderabad/Secunderabad, Kolkata, Mumbai, Noida/Greater Noida, Pune",14 - 18 Years,14,18
Computer Operator / Data Entry Operator,Aryan technologies,"Panjim/Panaji, Vasco Da Gama, Gandhinagar, Surat, Vadodara",0 - 3 Years,0,3
"L1 , l2 Support Engineer",New Global Technologies,"Bengaluru / Bangalore, Chennai, Delhi/NCR, Hyderabad/Secunderabad, Mumbai",0 - 3 Years,0,3
Computer Operator / Data Entry Operator,Aryan technologies,"Jalgaon, Kolhapur, Nasik, Satara",0 - 3 Years,0,3
IT / Non-IT recruiter,RANGAM INFOTECH PVT. LTD.,Vadodara,0 - 3 Years,0,3
Embedded Software Engineer,New Global Technologies,"Bengaluru / Bangalore, Chennai, Hyderabad/Secunderabad, Mumbai, Pune",0 - 3 Years,0,3
IT Coordinator  /  IT Technician,Hilton Hotels & Resorts,Doha,1 - 5 Years,1,5
Configuration / Release Manager,HR Jobs Placements,"Hyderabad/Secunderabad, Kolkata, Mumbai, Noida/Greater Noida, Pune",7 - 12 Years,7,12
Operations Manager,HR Jobs Placements,"Bengaluru / Bangalore, Chennai, Delhi, Delhi/NCR, Gurgaon",9 - 14 Years,9,14
Computer Operator / Data Entry Operator,Aryan technologies,"Amritsar, Batala, Bathinda, Chandigarh, Faridkot",0 - 3 Years,0,3
General Manager,HR Jobs Placements,"Ahmedabad, Bengaluru / Bangalore, Delhi/NCR, Hyderabad/Secunderabad, Pune",8 - 13 Years,8,13
Web Designer  /  Visualiser  /  Graphic Designer,New Global Technologies,"Bengaluru / Bangalore, Delhi/NCR, Hyderabad/Secunderabad, Mumbai, Pune",0 - 3 Years,0,3
Data Entry Jobs,Aryan technologies,"Bidar, Gulbarga, Hubli, Mangalore, Mysoru / Mysore",0 - 3 Years,0,3
Big Data Analyst,HR Jobs Placements,"Bengaluru / Bangalore, Delhi/NCR, Hyderabad/Secunderabad, Kolkata, Mumbai",11 - 16 Years,11,16
Program  &  Project Manager,HR Jobs Placements,"Delhi/NCR, Hyderabad/Secunderabad, Kolkata, Mumbai, Pune",5 - 10 Years,5,10
Web Designer  /  Visualiser  /  Graphic Designer,New Global Technologies,"Ahmedabad, Chennai, Gurgaon, Kolkata, Noida/Greater Noida",0 - 3 Years,0,3
PHP Developer,New Global Technologies,"Bengaluru / Bangalore, Chennai, Hyderabad/Secunderabad, Mumbai, Pune",0 - 3 Years,0,3
Design Engineer I,Laxmi Infotech,"Bengaluru / Bangalore, Chennai, Hyderabad/Secunderabad, Mumbai, Pune",0 - 3 Years,0,3
Network Engineer / system admin,New Global Technologies,"Bengaluru / Bangalore, Chennai, Delhi/NCR, Hyderabad/Secunderabad, Mumbai",0 - 3 Years,0,3
Senior Business Analyst / Data Engineer - Python  &  Cloud Computing,New Global Technologies,"Ahmedabad, Chennai, Gurgaon, Kolkata, Noida/Greater Noida",0 - 3 Years,0,3
c ++ / Php / Ajax Developer,Laxmi Infotech,"Bengaluru / Bangalore, Chennai, Hyderabad/Secunderabad, Mumbai, Pune",0 - 3 Years,0,3
Computer Operator / Data Entry Operator,Aryan technologies,"Indore, Jabalpur, Katni, Ratlam, Ujjain",0 - 3 Years,0,3
Network Engineer,HR Jobs Placements,"Bengaluru / Bangalore, Chennai, Delhi/NCR, Hyderabad/Secunderabad, Mumbai",2 - 7 Years,2,7
Project Manager,HR Jobs Placements,"Ahmedabad, Bengaluru / Bangalore, Chennai, Delhi/NCR, Pune",8 - 13 Years,8,13
Senior Data Scientist - Machine Learning,HR Jobs Placements,"Hyderabad/Secunderabad, Kolkata, Mumbai, Noida/Greater Noida, Pune",5 - 10 Years,5,10
Web Applications Developer,Laxmi Infotech,"Bengaluru / Bangalore, Chennai, Hyderabad/Secunderabad, Mumbai, Pune",0 - 3 Years,0,3
Data Analyst,AppSoft Solutions,"Bengaluru / Bangalore, Chennai, Delhi, Mumbai, Pune",0 - 3 Years,0,3
QA Engineer  / software testing,New Global Technologies,"Ahmedabad, Delhi/NCR, Gurgaon, Kolkata, Noida/Greater Noida",0 - 3 Years,0,3
Software Developer,New Global Technologies,"Chandigarh, Patna, Cochin/ Kochi/ Ernakulam, Jaipur, Coimbatore",0 - 3 Years,0,3
IT Recruiter,Tekshapers Software Solutions  ( P )  Limited,Noida/Greater Noida,0 - 3 Years,0,3
IT Recruiter,INFINITY GROUP,"Delhi, Delhi/NCR",2 - 3 Years,2,3
IT / Non-IT Recruiter and Sr. IT / Non-IT Recruiter,ProAssert,"Chennai, Coimbatore, Trichy, Bengaluru / Bangalore",0 - 3 Years,0,3
IT Recruiter,SEVEN CONSULTANCY,Hyderabad/Secunderabad,0 - 3 Years,0,3
IT Manager,Hilton Hotels & Resorts,Philippines,5 - 8 Years,5,8
Executive- IT,Malabar Gold and Diamonds,Calicut/ Kozhikode,3 - 4 Years,3,4
IT Support,eye mantra,"Delhi, Delhi/NCR",0 - 3 Years,0,3
IT Administrator,SyMetric,Bengaluru / Bangalore,2 - 3 Years,2,3
Casino - IT,Marriott International Inc,Cairo,1 - 4 Years,1,4
IT Manager,Power plus cables Co,Fujairah,7 - 10 Years,7,10
IT Analyst,Textron India Pvt Ltd,Bengaluru / Bangalore,3 - 5 Years,3,5
IT Recruiter,Amicus Technology,"Pune, Raipur",2 - 5 Years,2,5
IT EXECUTIVE,Divya Placement Consultant,Faridabad,1 - 2 Years,1,2
IT EXECUTIVE,infoicon technologies pvt ltd.,Gurgaon,0 - 1 Years,0,1
IT Specialist,HUSYS CONSULTING LTD,Bengaluru / Bangalore,5 - 8 Years,5,8
IT Onsite,DXC Technologies,China,2 - 5 Years,2,5
IT support,SEVEN CONSULTANCY,"Delhi, Delhi/NCR",0 - 1 Years,0,1
IT Executive,SEVEN CONSULTANCY,"Navi Mumbai, Mumbai, Thane",1 - 3 Years,1,3
IT Manager,SEVEN CONSULTANCY,Mumbai,0 - 3 Years,0,3
IT Support,SEVEN CONSULTANCY,"Delhi, Delhi/NCR",1 - 4 Years,1,4
IT manager,SEVEN CONSULTANCY,Dehradun,0 - 3 Years,0,3
IT manager,SEVEN CONSULTANCY,Siliguri,0 - 3 Years,0,3
IT Support,SEVEN CONSULTANCY,"Bilaspur, Bilaspur",1 - 2 Years,1,2
IT Executive,SEVEN CONSULTANCY,"Delhi, Delhi/NCR",2 - 5 Years,2,5
IT Administrator,CONNECTING 2 WORK,Bengaluru / Bangalore,2 - 5 Years,2,5
IT Automation,Stockholdings,"Navi Mumbai, Mumbai",10 - 13 Years,10,13
IT Helpdesk,INSIGHT BUSINESS MACHINES PVT LTD,Mumbai,1 - 3 Years,1,3
IT Admin,Dxcorr Design,Bengaluru / Bangalore,3 - 6 Years,3,6
IT Head,2Soft Solutions Pvt. Ltd.,Mumbai,8 - 11 Years,8,11
Executive IT,Elite Wealth Advisors Limited,Delhi,0 - 3 Years,0,3
IT Networking,Z Square Mall,Kanpur,1 - 4 Years,1,4
IT Head,TransGraph Consulting Pvt.Ltd.,Hyderabad/Secunderabad,12 - 15 Years,12,15
IT Executive,megri soft limited,Chandigarh,1 - 4 Years,1,4
IT Assistant,city montessori school lucknow,Lucknow,0 - 3 Years,0,3
IT Executive,ace softex pvt. ltd.,Rajkot,2 - 4 Years,2,4
IT PROFESSIONAL,CONNECTING 2 WORK,Thiruvananthapuram,2 - 5 Years,2,5
IT Professional,CONNECTING 2 WORK,Unknown,0 - 3 Years,0,3
IT Specialist,lear corporation  ( onward technology pay role ),Unknown,1 - 5 Years,1,5
Managementkonsult IT,CGI Information Systems and Management Consultants Pvt Ltd,Sweden,5 - 7 Years,5,7
Director IT,highrise solutions llp,Pune,1 - 2 Years,1,2
IT Engineer,BHTC India Pvt Ltd,Pune,0 - 3 Years,0,3
IT Executive,you broadband & cable india pvt. ltd.,Surat,1 - 4 Years,1,4
IT Recruiter,NCPL,Noida/Greater Noida,0 - 2 Years,0,2
IT Recruiter,amicus technologies pvt ltd,"Pune, Raipur",2 - 5 Years,2,5
IT Faculty,TandA HR Solutions,"Chamba, Una",2 - 3 Years,2,3
IT Teacher,TandA HR Solutions,"Mumbai, Chamba, Mohali, Una",2 - 3 Years,2,3
IT Teacher,TandA HR Solutions,"Chamba, Mohali, Una",2 - 3 Years,2,3
IT Administrator,SEVEN CONSULTANCY,"Navi Mumbai, Mumbai",2 - 4 Years,2,4
IT Admin,SEVEN CONSULTANCY,Ahmedabad,2 - 3 Years,2,3
IT Admin,SEVEN CONSULTANCY,"Navi Mumbai, Mumbai",0 - 3 Years,0,3
IT executive,SEVEN CONSULTANCY,Mumbai,1 - 2 Years,1,2
Lead - IT,Bajaj Finserv Lending Ltd,Pune,6 - 8 Years,6,8
: IT Director,highrise solutions llp,Pune,1 - 4 Years,1,4
IT Engineer,Larsen & Toubro Infotech Ltd,Vadodara,5 - 7 Years,5,7
IT Student,danfoss india innovation center,Mexico,0 - 1 Years,0,1
IT Coordinator,Hilton Hotels & Resorts,Italy,1 - 3 Years,1,3
IT Supervisor,Hilton Hotels & Resorts,Unknown,5 - 7 Years,5,7
Lead - IT,Bajaj Finserv Lending Ltd,Pune,5 - 7 Years,5,7
Lead - IT,Bajaj Finserv Lending Ltd,Pune,6 - 9 Years,6,9
IT Specialist,IBM India Pvt Ltd,Bengaluru / Bangalore,2 - 5 Years,2,5
Head of IT,Incuspaze,Gurgaon,3 - 6 Years,3,6
Mainframe Analyst,HR Jobs Placements,"Ahmedabad, Bengaluru / Bangalore, Chennai, Delhi/NCR, Hyderabad/Secunderabad",9 - 14 Years,9,14
IT Recruiter /  NON IT Recruiter,2Soft Solutions Pvt. Ltd.,"Mumbai, Pune",0 - 6 Years,0,6
IT Executive  /  Sr. IT Executive,ACTIVE INDIA EMPLOYMENT SERVICES PRIVATE LIMITED,Gandhidham,3 - 6 Years,3,6
"IT Logistics Manager ,  IT Services",AMAZON INDIA PVT LTD,"Chennai, Mumbai, Bengaluru / Bangalore, Pune, Hyderabad/Secunderabad",5 - 7 Years,5,7
Lead - IT / Senior Lead - IT,Bajaj Finserv Lending Ltd,Pune,5 - 8 Years,5,8
Lead - IT / Senior Lead - IT,Bajaj Finserv Lending Ltd,Pune,5 - 10 Years,5,10
Test Manager,HR Jobs Placements,"Bengaluru / Bangalore, Chennai, Delhi/NCR, Kolkata, Mumbai",8 - 13 Years,8,13
Senior Data Scientist - Machine Learning,HR Jobs Placements,"Ahmedabad, Bengaluru / Bangalore, Chennai, Delhi, Gurgaon",5 - 10 Years,5,10
Configuration / Release Manager,HR Jobs Placements,"Ahmedabad, Bengaluru / Bangalore, Chennai, Delhi, Gurgaon",11 - 16 Years,11,16
Telecom Software Engineer,HR Jobs Placements,"Ahmedabad, Bengaluru / Bangalore, Chennai, Delhi/NCR, Hyderabad/Secunderabad",2 - 7 Years,2,7
Software Developer,Laxmi Infotech,"Mumbai, Pune",1 - 6 Years,1,6
"Web Designing , Web Designer , Graphics Designer",AppSoft Solutions,"Bengaluru / Bangalore, Chennai, Delhi, Mumbai, Pune",0 - 3 Years,0,3
IT Head,HR Jobs Placements,"Ahmedabad, Bengaluru / Bangalore, Chennai, Delhi, Gurgaon",12 - 17 Years,12,17
Java Project Manager,HR Jobs Placements,"Ahmedabad, Bengaluru / Bangalore, Chennai, Delhi, Gurgaon",10 - 15 Years,10,15
Telecom Software Engineer,HR Jobs Placements,"Kolkata, Mumbai, Pune, Mysoru / Mysore, Coimbatore",2 - 7 Years,2,7
"Be B Tech Fresher , Associate Engineer",Laxmi Infotech,"Bengaluru / Bangalore, Chennai, Hyderabad/Secunderabad, Mumbai, Pune",0 - 3 Years,0,3
Fullstack Developer,New Global Technologies,"Bengaluru / Bangalore, Chennai, Hyderabad/Secunderabad, Mumbai, Pune",1 - 6 Years,1,6
Java Project Manager,HR Jobs Placements,"Hyderabad/Secunderabad, Kolkata, Mumbai, Noida/Greater Noida, Pune",10 - 15 Years,10,15
FINANCE MANAGER FOR AUSTRALIA  &  CANADA,LIMA FLY PRIVATE LIMITED,"Australia, Canada",9 - 13 Years,9,13
"Senior Application Programmer , application programming",HR Jobs Placements,"Hyderabad/Secunderabad, Kolkata, Mumbai, Noida/Greater Noida, Pune",5 - 10 Years,5,10
Asset Management Executive,Team Computers Pvt Ltd,"Mumbai, Delhi, Chennai, Delhi/NCR",2 - 5 Years,2,5
IT Head,HR Jobs Placements,"Hyderabad/Secunderabad, Kolkata, Mumbai, Noida/Greater Noida, Pune",12 - 17 Years,12,17
"""Java Full stack developer""",HR Jobs Placements,"Bengaluru / Bangalore, Delhi/NCR, Hyderabad/Secunderabad, Kolkata, Mumbai",3 - 8 Years,3,8
"IT Recruiter /  NON IT Recruiter ,  Mumbai",2Soft Solutions Pvt. Ltd.,"Mumbai, Pune",0 - 6 Years,0,6
"ITS Support Associate II ,  IT Services",AMAZON INDIA PVT LTD,Panchkula,1 - 3 Years,1,3
"IT Support Engineer I ,  IT Services",AMAZON INDIA PVT LTD,Panchkula,2 - 4 Years,2,4
"Enterprise Account Mgr ,  IT  /  ITeS ,  ITS India",AMAZON INDIA PVT LTD,Mumbai,5 - 10 Years,5,10
US IT Recruiter  ( US IT Staffing ),Advaya Infotech Pvt Ltd,Noida/Greater Noida,1 - 3 Years,1,3
"IT Manager II ,  OPSTech IT -Service Desk",AMAZON INDIA PVT LTD,Bengaluru / Bangalore,5 - 7 Years,5,7
"Sr. IT Vendor Manager  ,  IT Services",AMAZON INDIA PVT LTD,Bengaluru / Bangalore,5 - 7 Years,5,7
IT Consultant  /  IT Administrator  ( m / f / d ),Nagarro India Pvt Ltd,"Germany, Switzerland, France",3 - 7 Years,3,7
Hiring for IT Support for an IT Company for Mohali Location.,TandA HR Solutions,Mohali,1 - 3 Years,1,3
"ITS Logistics Coordinator  ( WH )  ,  IT Services India",AMAZON INDIA PVT LTD,Hyderabad/Secunderabad,3 - 5 Years,3,5
"IT Support Associate II ,  IT Services Variable",AMAZON INDIA PVT LTD,Bengaluru / Bangalore,2 - 3 Years,2,3
QA Testing Engineer,Laxmi Infotech,"Bengaluru / Bangalore, Chennai, Hyderabad/Secunderabad",0 - 3 Years,0,3
IT Security Executive,torcai digital media private limited,Dehradun,0 - 3 Years,0,3
"Manager  /  Senior Manager- IT , Manager It",HR Jobs Placements,"Ahmedabad, Bengaluru / Bangalore, Chennai, Delhi, Gurgaon",8 - 13 Years,8,13
Inside Sales,eDominer Systems,"Kolkata, Bengaluru / Bangalore",0 - 3 Years,0,3
IT Software Sales,SEVEN CONSULTANCY,Noida/Greater Noida,2 - 5 Years,2,5
Project Manager SAP,HR Jobs Placements,"Ahmedabad, Bengaluru / Bangalore, Chennai, Delhi, Gurgaon",10 - 15 Years,10,15
US IT Recruiter,pegasus knowledge solutions india pvt ltd.,Bengaluru / Bangalore,4 - 10 Years,4,10
IT Help Desk Resources,FINITE HR CONSUTING PVT LTD,Hyderabad/Secunderabad,1 - 2 Years,1,2
IT Sales Manager,OM SOFTWARES,Bengaluru / Bangalore,5 - 8 Years,5,8
IT Recruiter For Recruitment Agency,AugmatrixGo,Mumbai,4 - 8 Years,4,8
Jobs for IT Recruiter,SEVEN CONSULTANCY,"Navi Mumbai, Mumbai, Thane",3 - 4 Years,3,4
Jobs for IT recruiter,SEVEN CONSULTANCY,"Navi Mumbai, Mumbai",0 - 3 Years,0,3
US IT Recruiter,Flair soft group,Bhopal,0 - 3 Years,0,3
IT Security Analyst,itronix solutions,Jalandhar,0 - 3 Years,0,3
US IT Recruiter,TandA HR Solutions,Hyderabad/Secunderabad,2 - 5 Years,2,5
Assistant  /  Executive  IT,TandA HR Solutions,Mohali,3 - 6 Years,3,6
Specjalista ds. IT,lear corporation  ( onward technology pay role ),Unknown,2 - 5 Years,2,5
IT Security Operations Engineer,Vtiger,Bengaluru / Bangalore,0 - 3 Years,0,3
IT Support Engineer,Quality HR Services,Mumbai,0 - 1 Years,0,1
It Security Specialist,CGI Information Systems and Management Consultants Pvt Ltd,Unknown,3 - 5 Years,3,5
Sr. IT Security Engineer,gigamon,Chennai,1 - 4 Years,1,4
Associate manager - IT,UrbanClap,"Singapore, Dubai, Gurgaon",8 - 10 Years,8,10
IT Security Specialist,CGI Information Systems and Management Consultants Pvt Ltd,Unknown,3 - 5 Years,3,5
Sr. Executive - IT Security,Quality HR Services,Surat,3 - 5 Years,3,5
"US IT Recruiter ,  Bangalore",2Soft Solutions Pvt. Ltd.,Bengaluru / Bangalore,2 - 4 Years,2,4
Recruitment Delivery Manager  ( IT ),highrise solutions llp,Pune,5 - 7 Years,5,7
Senior IT Infrastructure Specialist,netradyne,Bengaluru / Bangalore,5 - 8 Years,5,8
US IT Recruiter,OM SOFTWARES,Pune,3 - 6 Years,3,6
IT Security analyst,SEVEN CONSULTANCY,Ahmedabad,8 - 11 Years,8,11
IT Audit Consultant,ITCAN Pte Ltd,Singapore,2 - 5 Years,2,5
Manager-IT Appilcation Development,Malabar Gold and Diamonds,Calicut/ Kozhikode,7 - 10 Years,7,10
IT Software Support Engineer,Docsvault,Vadodara,2 - 5 Years,2,5
Territory Manager  (  IT Sales ),Compuage Infocom Ltd,"Kolhapur, Ahmedabad, Indore, Bengaluru / Bangalore, Jodhpur",2 - 3 Years,2,3
IT PROJECT MANAGER,Trust Tech Solutions,Cochin/ Kochi/ Ernakulam,4 - 5 Years,4,5
US IT Recruiter,Tekshapers Software Solutions  ( P )  Limited,Unknown,1 - 3 Years,1,3
Apple IT Evangelist,ProMobi Technologies,Pune,2 - 6 Years,2,6
Cluster IT Manager,Marriott International Inc,Mumbai,3 - 5 Years,3,5
Assistant Manager - IT,Marriott International Inc,Jaipur,2 - 4 Years,2,4
IT Service Management Representative,accenture,Gurgaon,8 - 9 Years,8,9
IT /  Linux Admin,PROPELLUM INFOTECH PRIVATE LIMITED,Mumbai,3 - 5 Years,3,5
Sales and Marketing Manager for IT,Whiz Solutions  ( UK ),Ahmedabad,4 - 5 Years,4,5
Senior IT Analyst,Textron India Pvt Ltd,Bengaluru / Bangalore,5 - 7 Years,5,7
IT Service Delivery Specialist,Team Computers Pvt Ltd,"Mumbai, Delhi, Delhi/NCR",3 - 5 Years,3,5
IT Infrastructure Project Manager,Team Computers Pvt Ltd,Mumbai,6 - 12 Years,6,12
IT Support Specialist II,bentley systems pvt ltd,Unknown,4 - 7 Years,4,7
IT Sales Manager,LAKSH HUMAN RESOURCE,"Delhi, Delhi/NCR",3 - 5 Years,3,5
Manager  Sales IT,LAKSH HUMAN RESOURCE,Mumbai,10 - 12 Years,10,12
IT Business Analyst,KnowledgeHut,Bengaluru / Bangalore,0 - 3 Years,0,3
Project Manager  ( IT ),Inexoft Technologies Pvt. Ltd.,Kannur,5 - 8 Years,5,8
Executive IT  ( Oracle Developer ),Gati Ltd,Hyderabad/Secunderabad,2 - 5 Years,2,5
IT Business Consultant,Exioms,Pune,0 - 3 Years,0,3
IT Product Sales,Eternus Solutions,Pune,0 - 3 Years,0,3
IT International Sales,Eternus Solutions,Pune,0 - 3 Years,0,3
IT Project Coordinator,BizBrolly,Noida/Greater Noida,1 - 4 Years,1,4
IT Support Executive,Asergis,China,2 - 5 Years,2,5
CS / IT Faculty,Amity University,Noida/Greater Noida,10 - 13 Years,10,13
IT Project Manager,zones corporate solutions,Portland,5 - 8 Years,5,8
IT Service Management Representative,accenture,Bengaluru / Bangalore,0 - 2 Years,0,2
Systems Analyst 2-IT,ORACLE,Bengaluru / Bangalore,3 - 5 Years,3,5
Deputy National Lead - IT,Bajaj Finserv Lending Ltd,Pune,6 - 8 Years,6,8
Systems Analyst 3-IT,ORACLE,Bengaluru / Bangalore,6 - 10 Years,6,10
IT Senior Consultant,ORACLE,"Bengaluru / Bangalore, Hyderabad/Secunderabad",3 - 5 Years,3,5
Programmer Analyst 5-IT,ORACLE,Bengaluru / Bangalore,6 - 10 Years,6,10
Systems Analyst 2-IT,ORACLE,Bengaluru / Bangalore,3 - 6 Years,3,6
Systems Analyst 3-IT,ORACLE,Bengaluru / Bangalore,5 - 7 Years,5,7
Systems Analyst 2-IT,ORACLE,Bengaluru / Bangalore,6 - 10 Years,6,10
IT Service Management Representative,accenture,Coimbatore,3 - 6 Years,3,6
IT Customer Service Representative,accenture,Kolkata,5 - 8 Years,5,8
IT Service Management Representative,accenture,Gurgaon,0 - 2 Years,0,2
IT Service Management Representative,accenture,Hyderabad/Secunderabad,1 - 4 Years,1,4
IT Support Associate II,AMAZON INDIA PVT LTD,Mumbai,1 - 3 Years,1,3
IT Service Management Representative,accenture,Bengaluru / Bangalore,7 - 9 Years,7,9
IT Customer Service Representative,accenture,Pune,2 - 5 Years,2,5
IT Customer Service Representative,accenture,Pune,3 - 5 Years,3,5
IT Service Management Representative,accenture,"Mumbai, Indore",5 - 8 Years,5,8
IT Service Management Representative,accenture,"Gurgaon, Indore",0 - 2 Years,0,2
IT Service Management Representative,accenture,"Kolkata, Gurgaon",0 - 2 Years,0,2
IT Service Management Representative,accenture,Noida/Greater Noida,2 - 5 Years,2,5
IT Customer Service Representative,accenture,"Noida/Greater Noida, Gurgaon",3 - 6 Years,3,6
IT Service Management Representative,accenture,Bengaluru / Bangalore,1 - 4 Years,1,4
IT Service Management Representative,accenture,Jaipur,3 - 6 Years,3,6
IT Service Management Representative,accenture,Indore,3 - 6 Years,3,6
IT Service Management Representative,accenture,Bengaluru / Bangalore,5 - 8 Years,5,8
IT Service Management Representative,accenture,"Bengaluru / Bangalore, Jaipur",7 - 10 Years,7,10
IT Service Management Representative,accenture,Pune,7 - 10 Years,7,10
Cluster IT Manager,Marriott International Inc,Mumbai,2 - 3 Years,2,3
IT - Application Developer,Larsen & Toubro Infotech Ltd,Surat,1 - 3 Years,1,3
IT Service Management Representative,accenture,Gurgaon,5 - 7 Years,5,7
IT Service Management Representative,accenture,Bengaluru / Bangalore,3 - 6 Years,3,6
IT Service Management Representative,accenture,Kolkata,3 - 6 Years,3,6
IT Service Management Representative,accenture,Mumbai,2 - 5 Years,2,5
IT Customer Service Representative,accenture,Bengaluru / Bangalore,7 - 10 Years,7,10
IT Service Management Representative,accenture,Bengaluru / Bangalore,2 - 5 Years,2,5
IT Service Management Representative,accenture,Gurgaon,2 - 5 Years,2,5
IT Service Management Representative,accenture,Bengaluru / Bangalore,7 - 10 Years,7,10
IT Service Management Representative,accenture,Gurgaon,3 - 6 Years,3,6
IT Service Management Representative,accenture,Pune,7 - 9 Years,7,9
IT Service Management Representative,accenture,"Bengaluru / Bangalore, Indore",5 - 8 Years,5,8
IT Service Management Representative,accenture,"Bengaluru / Bangalore, Jaipur",5 - 8 Years,5,8
IT Customer Service Representative,accenture,Bengaluru / Bangalore,3 - 6 Years,3,6
IT Service Management Representative,accenture,Indore,2 - 5 Years,2,5
Cluster IT Supervisor,Marriott International Inc,South Korea,2 - 5 Years,2,5
Lab IT and Hardware student,Intel Technology India Pvt Ltd,Israel,0 - 1 Years,0,1
IT Service Management Representative,accenture,"Gurgaon, Indore",7 - 10 Years,7,10
IT Service Management Representative,accenture,"Bengaluru / Bangalore, Indore",7 - 10 Years,7,10
IT Service Management Representative,accenture,Bengaluru / Bangalore,12 - 15 Years,12,15
IT Supplier Management Practitioner,accenture,Gurgaon,1 - 4 Years,1,4
Deployment Engineer - IT,Nvidia Graphics Pvt Ltd,Hong Kong,8 - 11 Years,8,11
Cluster Director of IT,Marriott International Inc,Unknown,3 - 5 Years,3,5
Assistant IT Manager,Marriott International Inc,Cairo,3 - 5 Years,3,5
IT Service Management Representative,accenture,"Gurgaon, Indore",5 - 8 Years,5,8
IT Service Management Representative,accenture,"Bengaluru / Bangalore, Gurgaon",3 - 6 Years,3,6
IT Service Management Representative,accenture,"Bengaluru / Bangalore, Nagpur",7 - 10 Years,7,10
IT Service Management Representative,accenture,Noida/Greater Noida,3 - 6 Years,3,6
IT Service Management Representative,accenture,"Kolkata, Indore",7 - 10 Years,7,10
IT Service Management Representative,accenture,"Bengaluru / Bangalore, Pune",3 - 6 Years,3,6
IT Service Management Representative,accenture,Pune,3 - 6 Years,3,6
IT Service Management Representative,accenture,Chennai,7 - 10 Years,7,10
IT Customer Service Representative,accenture,Bengaluru / Bangalore,5 - 8 Years,5,8
IT Customer Service Associate,accenture,Hyderabad/Secunderabad,1 - 3 Years,1,3
IT Customer Service Representative,accenture,Mumbai,0 - 2 Years,0,2
IT Service Management Representative,accenture,Coimbatore,7 - 10 Years,7,10
IT Service Management Representative,accenture,Pune,0 - 2 Years,0,2
Manager - Technical  ( IT ),INFINITY GROUP,Noida/Greater Noida,5 - 8 Years,5,8
Onsite IT Support Engineer,DXC Technologies,Singapore,1 - 2 Years,1,2
IT Solution Architect,DXC Technologies,Spain,5 - 8 Years,5,8
IT Desktop Scheduler,NTT Data Vertex Software Inc.,Los Angeles,3 - 5 Years,3,5
Assistant IT Manager,Marriott International Inc,Malaysia,2 - 4 Years,2,4
IT Project Manager,DXC Technologies,Belgium,5 - 10 Years,5,10
IT Infrastructure Project Manager,DXC Technologies,Unknown,5 - 8 Years,5,8
Graduate IT Consultant  ( Trainee ),DXC Technologies,Unknown,0 - 1 Years,0,1
IT onsite Engineer,DXC Technologies,China,0 - 1 Years,0,1
IT Integration Developer - Remote,NTT Data Vertex Software Inc.,Plano,5 - 8 Years,5,8
IT Service Desk Specialist,Nagarro India Pvt Ltd,Spain,2 - 4 Years,2,4
IT PM - Infrastructure,nec software solutions  ( india )  pvt ltd,"Mumbai, Bengaluru / Bangalore",5 - 8 Years,5,8
"IT technician Network ,  Kiruna",CGI Information Systems and Management Consultants Pvt Ltd,Sweden,3 - 5 Years,3,5
IT Sales Executive,INFINITY GROUP,"Delhi, Delhi/NCR",2 - 5 Years,2,5
IT Security Officer,SEVEN CONSULTANCY,Bengaluru / Bangalore,1 - 3 Years,1,3
IT admin manager,SEVEN CONSULTANCY,"Delhi, Delhi/NCR",2 - 5 Years,2,5
Jr IT Engineer,SEVEN CONSULTANCY,Raipur,0 - 2 Years,0,2
IT admin manager,SEVEN CONSULTANCY,Hyderabad/Secunderabad,0 - 3 Years,0,3
Jobs for IT Sales Manager,SEVEN CONSULTANCY,"Navi Mumbai, Mumbai, Thane",0 - 3 Years,0,3
IT Sales Executive,SEVEN CONSULTANCY,Indore,2 - 4 Years,2,4
IT Security Officer,SEVEN CONSULTANCY,"Delhi, Delhi/NCR",4 - 7 Years,4,7
IT admin executive,SEVEN CONSULTANCY,Hyderabad/Secunderabad,0 - 3 Years,0,3
IT Security Officer,SEVEN CONSULTANCY,"Mumbai, Bengaluru / Bangalore",2 - 5 Years,2,5
IT Security Executive,SEVEN CONSULTANCY,Hyderabad/Secunderabad,0 - 3 Years,0,3
IT Security Officer,SEVEN CONSULTANCY,Bengaluru / Bangalore,2 - 5 Years,2,5
Cluster IT Executive,Marriott International Inc,Bengaluru / Bangalore,2 - 5 Years,2,5
BDE in IT Sales,SEVEN CONSULTANCY,"Navi Mumbai, Mumbai",1 - 4 Years,1,4
IT Infrastructure Sales Executive,SEVEN CONSULTANCY,Trichy,2 - 6 Years,2,6
Jobs for IT support engineer,SEVEN CONSULTANCY,"Navi Mumbai, Mumbai",4 - 7 Years,4,7
Jobs for Electrician  ( IT,SEVEN CONSULTANCY,"Navi Mumbai, Mumbai, Thane",7 - 10 Years,7,10
Global IT Support,SEVEN CONSULTANCY,"Navi Mumbai, Mumbai, Thane",2 - 5 Years,2,5
Telemarketing Reputed IT industry,SEVEN CONSULTANCY,Mumbai,0 - 2 Years,0,2
Telecaller for IT Training Centre,3RI Technologies Pvt Ltd,Pune,1 - 3 Years,1,3
IT Advanced Technologies Trainer,3RI Technologies Pvt Ltd,Pune,3 - 4 Years,3,4
IT Logistics Manager,AMAZON INDIA PVT LTD,Hyderabad/Secunderabad,5 - 10 Years,5,10
IT Hardware Technician,zones corporate solutions,Albany,2 - 3 Years,2,3
IT Service /  Support Manager,delta IT network pvt. ltd.,Gurgaon,5 - 8 Years,5,8
Executive IT Support,AKSHAYA PVT LTD,Chennai,1 - 3 Years,1,3
IT Support Specialist,Leica Biosystems,"Singapore, Japan",3 - 6 Years,3,6
Sr. Program Manager - IT,Flex-i Partners,Bengaluru / Bangalore,14 - 18 Years,14,18
IT Program Manager,Orange Business Services,Unknown,3 - 10 Years,3,10
IT admin executive,SEVEN CONSULTANCY,"Hyderabad/Secunderabad, Pune",3 - 6 Years,3,6
Sales Executive ( IT Sales ),SEVEN CONSULTANCY,Kolkata,3 - 6 Years,3,6
MANAGER IT CSV,infinity business solutions pvt ltd,Mumbai,6 - 10 Years,6,10
General Manager  IT  ( Software ),aarika hr professionals,Jaipur,0 - 3 Years,0,3
Business Development Executive  ( IT ),Z Index,Rajkot,0 - 3 Years,0,3
IT Manager and Admin,urban platter,Mumbai,5 - 8 Years,5,8
IT PROJECT MANAGER,Trusttech Solutions LLP,Cochin/ Kochi/ Ernakulam,4 - 5 Years,4,5
Automation Engineer  IT Infra,Si2 Tech,Vadodara,5 - 8 Years,5,8
IT Infrastructure-Administrator,Sardonyx Technologies,Thanjavur,6 - 10 Years,6,10
JAVA Opening at IT,SYNCTON IT Solutions,Hyderabad/Secunderabad,3 - 4 Years,3,4
E-CommerceOpening at IT,SYNCTON IT Solutions,Hyderabad/Secunderabad,3 - 4 Years,3,4
Software Engineer at IT,SYNCTON IT Solutions,Hyderabad/Secunderabad,3 - 4 Years,3,4
Assistant Manager IT,sgs india pvt.ltd,Thane,8 - 12 Years,8,12
IT Executive ( Hardware and Networking ),RAGHUNANDAN MONEY,Agra,0 - 1 Years,0,1
IT ODIN Manager,RAGHUNANDAN MONEY,Agra,4 - 5 Years,4,5
Enterprise Sales - IT,Queppelin Technology Solutions Pvt. Ltd.,France,3 - 7 Years,3,7
Senior IT Engineer - QBSS,quatrro business support services pvt. ltd.,San Francisco,5 - 8 Years,5,8
IT Project Manager,Postbox Communications,Mumbai,2 - 7 Years,2,7
IT Sales Executive,Pinnove,Nagpur,2 - 3 Years,2,3
IT Sales Specialist,Nile Technologies Pvt. Limited.,"Delhi, Delhi/NCR",2 - 4 Years,2,4
I.T. Support Executive,mobilestyx consulting & solutions llp,Thane,0 - 3 Years,0,3
IT Sales Executive Mawaqaa,Mawaqaa - National Web Solutions Company,Kuwait City,2 - 5 Years,2,5
IT Project Coordinator Mawaqaa,Mawaqaa - National Web Solutions Company,Kuwait City,4 - 5 Years,4,5
IT Support Engineer,Magika Smartech,Mumbai,5 - 8 Years,5,8
IT Tech Support,Magika Smartech,Mumbai,2 - 5 Years,2,5
IT Operations Senior Engineer,Magika Smartech,Mumbai,8 - 10 Years,8,10
Assistant Vice President- IT,TransGraph Consulting Pvt.Ltd.,Hyderabad/Secunderabad,8 - 11 Years,8,11
IT INFRASTRUCTURE MONITORING SPECIALIST,Spectrum Softtech Solutions Pvt Ltd,Cochin/ Kochi/ Ernakulam,0 - 3 Years,0,3
Business Development (  MBA in IT ),soptech solutions,Bengaluru / Bangalore,4 - 6 Years,4,6
IT Business Analyst,origin hr,"Mumbai, Pune",4 - 7 Years,4,7
IT DevOps Engineer,myOnsite Healthcare,Vadodara,3 - 4 Years,3,4
IT Support Engineer,kerala infotech,Thrissur,1 - 4 Years,1,4
Team Lead  ( IT ),indianfertilizer,Delhi,6 - 10 Years,6,10
IT System Administrator,ion trading india pvt. ltd.,Australia,3 - 6 Years,3,6
Solution Consultant - ITS,ion trading india pvt. ltd.,"Germany, Switzerland",5 - 8 Years,5,8
Sr. IT Infrastructure Engineer,KASEYA SOFTWARE,Bengaluru / Bangalore,3 - 8 Years,3,8
Senior IT Network Engineer,KASEYA SOFTWARE,Bengaluru / Bangalore,4 - 10 Years,4,10
Sales Senior IT Sales,kanmalai technologies,Coimbatore,3 - 6 Years,3,6
IT Project Manager,Interactive Bees Pvt. Ltd.,Delhi,3 - 6 Years,3,6
IT  &  Network Engineer,Dr Nivedita Dadu's Dermatology Clinic,Noida/Greater Noida,2 - 5 Years,2,5
IT - Application Support  ( Software ),DIAMTRADE,Vadodara,0 - 4 Years,0,4
IT Project Manager,Ctd Techs Private Limited,Chennai,4 - 7 Years,4,7
Team Leader  IT,CSB Bank Limited,Cochin/ Kochi/ Ernakulam,3 - 6 Years,3,6
Assistant Manager- IT,CSB Bank Limited,Bengaluru / Bangalore,2 - 6 Years,2,6
IT Help Desk,athena technology solutions,Chennai,5 - 8 Years,5,8
IT Business Analyst,acaira technologies pvt. ltd.,Mumbai,2 - 5 Years,2,5
Business Analyst  IT,2Soft Solutions Pvt. Ltd.,Ahmedabad,6 - 10 Years,6,10
"IT Project Manager ,  Bangalore",2Soft Solutions Pvt. Ltd.,Bengaluru / Bangalore,5 - 8 Years,5,8
IT Manager with MNC,2Soft Solutions Pvt. Ltd.,"Mumbai, Ahmedabad",15 - 20 Years,15,20
IT Recruitment Services in Mumbai,2Soft Solutions Pvt. Ltd.,Mumbai,2 - 5 Years,2,5
IT Support Associate II,AMAZON INDIA PVT LTD,Bengaluru / Bangalore,3 - 5 Years,3,5
Associate Vice President -IT,highrise solutions llp,Pune,1 - 2 Years,1,2
IT Sales and Marketing,highrise solutions llp,Pune,4 - 8 Years,4,8
Project Manager | IT,highrise solutions llp,Pune,7 - 8 Years,7,8
IT Support Associate II,AMAZON INDIA PVT LTD,Bengaluru / Bangalore,1 - 3 Years,1,3
Position:IT Executives,Sevens Enterprises Pvt LTD,Cochin/ Kochi/ Ernakulam,4 - 10 Years,4,10
IT Infrastructure Manager,SEVEN CONSULTANCY,Muscat,2 - 3 Years,2,3
IT Technical Sales,SEVEN CONSULTANCY,Mumbai,4 - 7 Years,4,7
Assistant Manager - IT,M / s Fast and Furious Consulting,Gurgaon,0 - 3 Years,0,3
IT Operation Manager,M / s Fast and Furious Consulting,Ahmedabad,6 - 8 Years,6,8
Cluster IT Manager,Marriott International Inc,Kolkata,2 - 3 Years,2,3
IT / Software Sales Executive,FINITE HR CONSUTING PVT LTD,Hyderabad/Secunderabad,0 - 3 Years,0,3
Project Manager IT,cloudxlab,Bengaluru / Bangalore,3 - 6 Years,3,6
Project Coordinator  IT,CONNECTING 2 WORK,Thiruvananthapuram,2 - 5 Years,2,5
IT Business Analyst,CONNECTING 2 WORK,Thiruvananthapuram,0 - 3 Years,0,3
IT Sales Executive,CONNECTING 2 WORK,Thiruvananthapuram,3 - 6 Years,3,6
IT Software Trainer,CONNECTING 2 WORK,Chennai,2 - 5 Years,2,5
IT Technical support,CONNECTING 2 WORK,Bengaluru / Bangalore,3 - 6 Years,3,6
BDE  IT Sales,CONNECTING 2 WORK,Cochin/ Kochi/ Ernakulam,12 - 15 Years,12,15
Manager  IT  Male,CONNECTING 2 WORK,Calicut/ Kozhikode,0 - 3 Years,0,3
DGM /  GM  IT,CONNECTING 2 WORK,Dubai,12 - 15 Years,12,15
Recruitment Specialist  ( IT ),IBM India Pvt Ltd,Hyderabad/Secunderabad,6 - 8 Years,6,8
IT Validation Manager,Pall India Pvt Ltd,Bengaluru / Bangalore,3 - 6 Years,3,6
US IT Recruiter,Tecnovators Software Solutions,Chennai,2 - 3 Years,2,3
IT Technical Sales,SEVEN CONSULTANCY,Mumbai,2 - 4 Years,2,4
IT Business Development Executive,LINUXBEAN SOLUTION PVT LTD,Indore,0 - 3 Years,0,3
IT Business Developer,LINUXBEAN SOLUTION PVT LTD,Indore,0 - 3 Years,0,3
IT Business Analyst  (  BE ),LINUXBEAN SOLUTION PVT LTD,Indore,0 - 3 Years,0,3
IT Business Analyst,LINUXBEAN SOLUTION PVT LTD,Indore,0 - 3 Years,0,3
Business Analyst - IT,LINUXBEAN SOLUTION PVT LTD,Indore,0 - 3 Years,0,3
Website Designer - IT,LINUXBEAN SOLUTION PVT LTD,Indore,0 - 3 Years,0,3
Business Development Executive - IT,LINUXBEAN SOLUTION PVT LTD,Indore,0 - 3 Years,0,3
Online Bidder - IT,LINUXBEAN SOLUTION PVT LTD,Indore,0 - 3 Years,0,3
IT Business developer,LINUXBEAN SOLUTION PVT LTD,Indore,0 - 3 Years,0,3
US IT Recruiter,LINKTAG,Hyderabad/Secunderabad,2 - 5 Years,2,5
Admin and IT Incharge: Urgent,JAT GLOBAL PVT LTD,Bengaluru / Bangalore,1 - 5 Years,1,5
IT Delivery Manager,GLOCAL HEALTH CARE SYSTEM PVT LTD,Burdwan,8 - 11 Years,8,11
Application Consultant: ServiceNow IT,IBM India Pvt Ltd,Mysoru / Mysore,1 - 5 Years,1,5
IT Management Consulting  HR,IBM India Pvt Ltd,Bengaluru / Bangalore,3 - 5 Years,3,5
Engineer IT Infrastructure  (  81511590  ),Reliance Jio Infocomm Limited,Mumbai,3 - 8 Years,3,8
IT Support Associate II,AMAZON INDIA PVT LTD,Thane,1 - 3 Years,1,3
Chief IT  (  81443896  ),Reliance Jio Infocomm Limited,Mumbai,2 - 5 Years,2,5
Assistant IT Manager,Marriott International Inc,Malaysia,2 - 5 Years,2,5
Principal Associate-IT,eurofins it solutions pvt ltd,France,5 - 7 Years,5,7
Procurement Professional - IT,the abt group,Ireland,5 - 9 Years,5,9
Desktop / IT Engineer,macwill information system pvt ltd,Hoshiarpur,0 - 3 Years,0,3
IT Service Lead,BHTC India Pvt Ltd,Pune,0 - 3 Years,0,3
Senior IT Engineer,BHTC India Pvt Ltd,Pune,0 - 3 Years,0,3
US IT Bench Sales,Mythriis consulting Pvt Ltd,Hyderabad/Secunderabad,2 - 5 Years,2,5
IT Sales Executive,Ecumenical Techno Consultancy Services  ( eTCS ),Aurangabad,2 - 5 Years,2,5
Information Technology  ( IT )  Admin,Ecumenical Techno Consultancy Services  ( eTCS ),Surat,3 - 6 Years,3,6
Strategic Growth Manager  IT,isummation technologies pvt. ltd.,Ahmedabad,5 - 8 Years,5,8
IT Help Desk,you broadband & cable india pvt. ltd.,Hyderabad/Secunderabad,1 - 2 Years,1,2
Computer Faculty  / IT Teacher,SPEAKWELL ENTERPRISES PVT. LTD.,Mumbai,0 - 3 Years,0,3
IT Business analyst,rocket kommerce llp,Bengaluru / Bangalore,3 - 5 Years,3,5
IT Admin Manager,PH7,Bengaluru / Bangalore,0 - 3 Years,0,3
IT Support Executive,mytasker virtual assistance company,Kolkata,1 - 3 Years,1,3
IT Engineer - Network,Nvidia Graphics Pvt Ltd,Unknown,4 - 9 Years,4,9
IT Support Specialist Europe,fedexex,Netherlands,3 - 6 Years,3,6
Senior IT Engineer,Nvidia Graphics Pvt Ltd,Israel,8 - 11 Years,8,11
IT admin executive,SEVEN CONSULTANCY,Pune,4 - 5 Years,4,5
IT Security Executive,SEVEN CONSULTANCY,Kolkata,2 - 4 Years,2,4
IT Asset Mgmt Associate,Moody's Corporation,Gurgaon,3 - 5 Years,3,5
Assistant Manager IT,Marriott International Inc,Nagpur,2 - 4 Years,2,4
IT Project Manager,TandA HR Solutions,Chandigarh,8 - 11 Years,8,11
Senior  UK IT Staffing,TandA HR Solutions,Hyderabad/Secunderabad,3 - 8 Years,3,8
IT EXECUTIVE  ( HARDWARE AND NETWORKING ),TandA HR Solutions,Ludhiana,1 - 4 Years,1,4
IT Technical Person,TandA HR Solutions,Pathankot,0 - 1 Years,0,1
IT- Admin  Gurgaon,TandA HR Solutions,Gurgaon,0 - 2 Years,0,2
ETL Developer ( IT Industry ),TandA HR Solutions,Bengaluru / Bangalore,2 - 4 Years,2,4
IT operations Manager,SEVEN CONSULTANCY,Ahmedabad,4 - 5 Years,4,5
Global IT Support,SEVEN CONSULTANCY,"Navi Mumbai, Mumbai, Kolkata",2 - 4 Years,2,4
Sr.seO For IT Company,ADEEBA E SERVICES PVT LTD,Noida/Greater Noida,0 - 3 Years,0,3
IT company looking For Noida,ADEEBA E SERVICES PVT LTD,Noida/Greater Noida,0 - 3 Years,0,3
Senior Deployment Engineer - IT,Nvidia Graphics Pvt Ltd,Israel,8 - 11 Years,8,11
Intern-Professional  ( IT ),fedexex,Singapore,0 - 3 Years,0,3
IT Rewards Specialist,Schneider Electric Pvt Ltd,Bengaluru / Bangalore,5 - 8 Years,5,8
Dir-IT-MultiProp-A,Marriott International Inc,Hong Kong,5 - 8 Years,5,8
Software Engineer - IT,Bajaj Finserv Lending Ltd,Pune,5 - 8 Years,5,8
Senior Software Engineer - IT,Bajaj Finserv Lending Ltd,Pune,4 - 6 Years,4,6
Cluster Manager - IT,Bajaj Finserv Lending Ltd,Pune,3 - 5 Years,3,5
"Lead ,  IT Control Assurance",northern trust corp ltd - london,Chicago,6 - 9 Years,6,9
Application Consultant: ServiceNow IT,IBM India Pvt Ltd,Mysoru / Mysore,1 - 4 Years,1,4
IT Help Desk Technician,zones corporate solutions,Boston,2 - 5 Years,2,5
IT Infrastructure Engineer,Quality HR Services,"Bhuj, Gandhidham",2 - 5 Years,2,5
Tech Lead  IT,Optum Global Solutions  ( India )  Private Limited,Chennai,3 - 5 Years,3,5
IT Internship at Teknorix  2024,Teknorix Systems,Other City(s) in Goa,0 - 3 Years,0,3
Senior IT Administrator  ( Remote ),HackerRank,Bengaluru / Bangalore,5 - 8 Years,5,8
IT Service Management,Information Services Group,Bengaluru / Bangalore,8 - 11 Years,8,11
IT Service Delivery Manager,Information Services Group,Bengaluru / Bangalore,12 - 16 Years,12,16
Senior Associate - IT _Messaging,eurofins it solutions pvt ltd,Bengaluru / Bangalore,5 - 7 Years,5,7
VacancyforBDMfor an IT Company inAhmedabadlocation,TandA HR Solutions,Ahmedabad,4 - 5 Years,4,5
RequiredQualityAnalystfor an IT company in MohaliLocation,TandA HR Solutions,Mohali,2 - 5 Years,2,5
IT Strategy Consultant,axmiyan hr solutions private limited,Jabalpur,4 - 8 Years,4,8
eDP  /  IT Systems Administrator,Auchtel Products Ltd,Mumbai,2 - 5 Years,2,5
RequiredQualityAnalystfor an IT company inMohaliLocation,TandA HR Solutions,Mohali,1 - 3 Years,1,3
InsideSalesExecutive for IT Industry,TandA HR Solutions,Bengaluru / Bangalore,2 - 4 Years,2,4
IT Hardware Technician,zones corporate solutions,Albany,2 - 5 Years,2,5
IT Support Associate II,AMAZON INDIA PVT LTD,Mumbai,1 - 5 Years,1,5
Deputy National Lead - IT,Bajaj Finserv Lending Ltd,Bengaluru / Bangalore,10 - 13 Years,10,13
Cluster Manager - IT,Bajaj Finserv Lending Ltd,Pune,7 - 9 Years,7,9
IT Content Writer,Aexonic Technologies Private Limited,Pune,0 - 3 Years,0,3
IT Sales Manager,AYN InfoTech,Pune,2 - 7 Years,2,7
IT Audit Risk Assurance,wsne consulting,Delhi,0 - 3 Years,0,3
Application Developer - IT,NIPPON DATA SYSTEM,"Delhi, Delhi/NCR",1 - 2 Years,1,2
IT - Application Developer,NIPPON DATA SYSTEM,"Delhi, Delhi/NCR",1 - 2 Years,1,2
IT Support Analyst,BUSISOL SOURCING INDIA PVT. LTD,Mumbai,3 - 6 Years,3,6
Assistant IT Manager,Marriott International Inc,Bengaluru / Bangalore,3 - 5 Years,3,5
Senior Software Engineer - IT,Bajaj Finserv Lending Ltd,Bengaluru / Bangalore,6 - 8 Years,6,8
Senior Business  ( IT )  Analyst,CGI Information Systems and Management Consultants Pvt Ltd,Unknown,5 - 10 Years,5,10
Cluster Manager - IT Compliance,Bajaj Finserv Lending Ltd,Pune,2 - 5 Years,2,5
Datacenter IT Operations Manager,Microsoft India Pvt Ltd,Ireland,5 - 10 Years,5,10
Onsite IT Support Engineer,DXC Technologies,Singapore,2 - 5 Years,2,5
IT Engineer Support,DXC Technologies,Malaysia,3 - 5 Years,3,5
Senior IT Project Manager,CGI Information Systems and Management Consultants Pvt Ltd,Canada,5 - 10 Years,5,10
Application Consultant: ServiceNow IT,IBM India Pvt Ltd,Mysoru / Mysore,1 - 2 Years,1,2
Senior IT Specialist,IBM India Pvt Ltd,Bengaluru / Bangalore,5 - 9 Years,5,9
Deployment Engineer - IT,Nvidia Graphics Pvt Ltd,Germany,8 - 11 Years,8,11
Talent Acquisition Manager  ( IT ),IBM India Pvt Ltd,Hyderabad/Secunderabad,10 - 12 Years,10,12
Payments IT Business Analyst,CGI Information Systems and Management Consultants Pvt Ltd,Unknown,3 - 7 Years,3,7
Deputy National Lead - IT,Bajaj Finserv Lending Ltd,Bengaluru / Bangalore,4 - 6 Years,4,6
IT Service Management Representative,accenture,Ahmedabad,2 - 5 Years,2,5
Team Lead- IT,cog digital private limited,Delhi,0 - 3 Years,0,3
Team Lead- IT,Cog Digital,Delhi,0 - 3 Years,0,3
Principal CSAM  IT Services,Microsoft India Pvt Ltd,Japan,6 - 9 Years,6,9
"IT at Fiserv ,  Inc.",fiserv ce pvt ltd,Unknown,5 - 10 Years,5,10
IT Internship  ( Insurance field ),CGI Information Systems and Management Consultants Pvt Ltd,Unknown,0 - 3 Years,0,3
IT support specialist,Intel Technology India Pvt Ltd,China,3 - 5 Years,3,5
IT Project Coordinator,IQVIA,Bengaluru / Bangalore,2 - 3 Years,2,3
IT Project Manager,IQVIA,Bengaluru / Bangalore,3 - 6 Years,3,6
IT Engineer - Network,Nvidia Graphics Pvt Ltd,Unknown,1 - 4 Years,1,4
Procurement Professional - IT Software,the abt group,Unknown,5 - 10 Years,5,10
IT and Networking Engineer,porter,Mumbai,1 - 5 Years,1,5
Assistant Software Engineer,New Global Technologies,"Bengaluru / Bangalore, Chennai, Hyderabad/Secunderabad, Mumbai, Pune",0 - 3 Years,0,3
Project Manager SAP,HR Jobs Placements,"Hyderabad/Secunderabad, Kolkata, Mumbai, Noida/Greater Noida, Pune",10 - 15 Years,10,15
"Java Developer ,  Java J2Ee Developer ,  Java Fresher",Laxmi Infotech,"Ahmedabad, Delhi, Gurgaon, Kolkata, Noida/Greater Noida",0 - 3 Years,0,3
ERP / CRM Manager,HR Jobs Placements,"Bengaluru / Bangalore, Chennai, Delhi/NCR, Hyderabad/Secunderabad, Mumbai",10 - 15 Years,10,15
"Software Test Engineer , Test Engineer , Software Tester",AppSoft Solutions,"Bengaluru / Bangalore, Chennai, Delhi, Mumbai, Pune",0 - 3 Years,0,3
IT Security / Senior IT Security Analyst / Information Security,origin hr,"Hyderabad/Secunderabad, Mumbai, Pune, Bengaluru / Bangalore",3 - 5 Years,3,5
Hiring for IT Recruiter profile for a IT company for Bangalore Location,TandA HR Solutions,Bengaluru / Bangalore,1 - 2 Years,1,2
Hiring for IT Recruiter profile for an IT company for Bangalore Location,TandA HR Solutions,Bengaluru / Bangalore,1 - 2 Years,1,2
Hiring for IT Recruiter profile for an IT company for Bangalore Location,TandA HR Solutions,Bengaluru / Bangalore,1 - 7 Years,1,7
Recruiter  /  Sr. Recruiter  /  TL - IT  &  Non-IT,aarch solutions,Bengaluru / Bangalore,1 - 4 Years,1,4
Be B Tech Fresher,Laxmi Infotech,"Bengaluru / Bangalore, Chennai, Hyderabad/Secunderabad, Mumbai, Pune",0 - 3 Years,0,3
Data Science Analyst,HR Jobs Placements,"Bengaluru / Bangalore, Chennai, Delhi/NCR, Hyderabad/Secunderabad, Mumbai",2 - 7 Years,2,7
Key Account Manager,delta IT network pvt. ltd.,Gurgaon,3 - 5 Years,3,5
Business Development Manager  ( US IT  /  Non IT Staffing Division ),ProAssert,Bengaluru / Bangalore,3 - 6 Years,3,6
Opening for System Admin in IT Company in Chandigarh IT Park Location,TandA HR Solutions,Chandigarh,2 - 5 Years,2,5
Senior  US IT Staffing Executive for Hyderabad for IT Company,TandA HR Solutions,Hyderabad/Secunderabad,3 - 8 Years,3,8
Looking for HR Executive profile for IT  /  Non IT company in Tricity Location,TandA HR Solutions,"Chandigarh, Panchkula, Mohali",1 - 4 Years,1,4
Looking for the IT Sales Manager profile in a IT Company for Bangalore location.,TandA HR Solutions,Bengaluru / Bangalore,2 - 3 Years,2,3
Vacancy of Quality Analyst  /  Tester for an IT MNC in Chandigarh IT Park,TandA HR Solutions,Chandigarh,1 - 6 Years,1,6
Vacancy for the Desktop IT Support engineer profile for an IT Company in Pune Location,TandA HR Solutions,Pune,1 - 2 Years,1,2
Vacancy for Senior Business Analyst  ( IT )  in IT company for Bangalore location,TandA HR Solutions,Bengaluru / Bangalore,7 - 9 Years,7,9
Hiring for PROJECT MANAGER  ( IT )  OR SENIOR PHP DEVELOPER for IT company in Mohali,TandA HR Solutions,Mohali,3 - 6 Years,3,6
Job Opening for IT Support profile in MNC IT Company in Mohali location,TandA HR Solutions,Mohali,3 - 4 Years,3,4
Jobs for IT Recruiter  ( US Shift ),SEVEN CONSULTANCY,Mumbai,1 - 5 Years,1,5
"Jr. IT Technical Recruiter HR ,",Magika Smartech,Mumbai,4 - 9 Years,4,9
Business Development Executive / Analyst - IT,LINUXBEAN SOLUTION PVT LTD,Indore,0 - 3 Years,0,3
"Senior Manager ,  Talent Acquisition  ( IT )",highrise solutions llp,Pune,8 - 12 Years,8,12
Sr.Operation Executive /  IT Recruiter,CONNECTING 2 WORK,Thiruvananthapuram,0 - 3 Years,0,3
Senior Engineer IT Infrastructure  (  81548375  ),Reliance Jio Infocomm Limited,Mumbai,7 - 12 Years,7,12
Senior Engineer IT Infrastructure  (  81530911  ),Reliance Jio Infocomm Limited,Mumbai,7 - 12 Years,7,12
Manager  IT QA  &  CSV,rxlogix corporation,Noida/Greater Noida,10 - 14 Years,10,14
IT Helpdesk  &  Security Manager,recooty,Thailand,1 - 2 Years,1,2
IT Security Analyst  ( Japanese Speaker ),DXC Technologies,Malaysia,0 - 1 Years,0,1
IT Infrastructure  &  Cloud Engineer,International Information Technology Team,Unknown,0 - 3 Years,0,3
Sr. Project Manager  IT Applications,Gati Ltd,Hyderabad/Secunderabad,2 - 3 Years,2,3
IT Sales Executive  ( Inside Sales ),Exioms,"Hyderabad/Secunderabad, Mumbai, Chennai, Pune, Bengaluru / Bangalore",0 - 3 Years,0,3
Powershell Engineer  /  IT Automation Engineer,nexthink solutions,"Switzerland, Boston",5 - 9 Years,5,9
"Session: IT Marketing ,  Software Marketing",DIGITAL DREAMS,Allahabad,0 - 2 Years,0,2
"IT Financial Analyst ,  Cadency and OneStream",Bombardier Inc.,Canada,5 - 8 Years,5,8
Principal Associate - IT - Solarwind Administrator,eurofins it solutions pvt ltd,Bengaluru / Bangalore,5 - 8 Years,5,8
Principal Associate-IT - Network Admin,eurofins it solutions pvt ltd,Bengaluru / Bangalore,5 - 8 Years,5,8
IT Business Implementation Analyst 4,ORACLE,"Mexico, Bengaluru / Bangalore, Hyderabad/Secunderabad",6 - 10 Years,6,10
IT Compliance Specialist - SOX Audits,ORACLE,Unknown,6 - 10 Years,6,10
Apigee-IT Customer Service Representative,accenture,Bengaluru / Bangalore,2 - 5 Years,2,5
"IT Engineer ,  End User Support",Nvidia Graphics Pvt Ltd,Redmond,5 - 8 Years,5,8
BBL /  IT Service Desk Medewerker,volvo group india pvt ltd,Netherlands,0 - 1 Years,0,1
Title: Team Member - SAP IT,sun pharma industries ltd panoli ( dist-bharuch ),Mumbai,1 - 4 Years,1,4
IT Service Management  (  AM / TL ),Information Services Group,Bengaluru / Bangalore,8 - 11 Years,8,11
Sales lead - IT Software Solution,SEVEN CONSULTANCY,Bengaluru / Bangalore,3 - 7 Years,3,7
Sales Executive Reputed IT Industry,SEVEN CONSULTANCY,"Navi Mumbai, Mumbai, Pune",0 - 2 Years,0,2
IT Project Coordinator / Business Analyst,IndiaInternets,Noida/Greater Noida,0 - 1 Years,0,1
Sales Executive Reputed IT Industry,SEVEN CONSULTANCY,"Mumbai, Pune",0 - 2 Years,0,2
IT Analyst Job Details | Corning,Corning,Gurgaon,5 - 8 Years,5,8
Principal Associate-IT- Backup Engineer,eurofins it solutions pvt ltd,Bengaluru / Bangalore,7 - 10 Years,7,10
Senior Associate -IT  ( Intune Engineer ),eurofins it solutions pvt ltd,Bengaluru / Bangalore,6 - 9 Years,6,9
Technical Lead - IT  ( Sr.network architect ),eurofins it solutions pvt ltd,Bengaluru / Bangalore,10 - 13 Years,10,13
"IT Appl Analyst ,  FinTech-Treasury",AMAZON INDIA PVT LTD,Hyderabad/Secunderabad,5 - 8 Years,5,8
Technical Lead - IT  ( ETL Engineer ),eurofins it solutions pvt ltd,"Chennai, Bengaluru / Bangalore",6 - 9 Years,6,9
Business Development Executive  ( IT Sales ),Essence Software Solutions Pvt. Ltd.,Gurgaon,2 - 5 Years,2,5
IT Sales Manager  ( Product Sales ),Essence Software Solutions Pvt. Ltd.,Gurgaon,5 - 8 Years,5,8
CHIEF MANAGER  IT BUSINESS PARTNER,infinity business solutions pvt ltd,Mumbai,12 - 15 Years,12,15
ROLE: P & L Head - IT Vertical,TransGraph Consulting Pvt.Ltd.,Hyderabad/Secunderabad,15 - 18 Years,15,18
ROLE: Business Analyst - Functional IT,TransGraph Consulting Pvt.Ltd.,Hyderabad/Secunderabad,4 - 7 Years,4,7
IT Sales or Business Development Manager,tokyotechie,"Germany, Singapore",5 - 10 Years,5,10
IT Infrastructure and Technical Support Engineer,targray india pvt ltd,Canada,7 - 9 Years,7,9
IT Engineer Education - Min HSC,MEP Infrastructure Developers Limited,Mumbai,1 - 4 Years,1,4
Careers:Senior IT Project Manager,Lucini & Lucini Communications,Bengaluru / Bangalore,10 - 13 Years,10,13
Content Writer  ( web and IT service ),ADEEBA E SERVICES PVT LTD,Noida/Greater Noida,0 - 2 Years,0,2
IT Admin / Lead  ( Linux and AWS ),corelynx solutions private limited,Unknown,5 - 8 Years,5,8
Sales Executive  /  Manager IT Products,CONNECTING 2 WORK,Thiruvananthapuram,1 - 4 Years,1,4
US IT Recruiter   ( US Shift ),CONNECTING 2 WORK,Thiruvananthapuram,2 - 5 Years,2,5
"IT Support Engineer I ,  OTS",AMAZON INDIA PVT LTD,Bengaluru / Bangalore,1 - 9 Years,1,9
Google AdWords Specialist for IT Agency,cart geek,"Mumbai, Sagar",2 - 3 Years,2,3
IT Manager DataMgmt SQL Server,LINKTAG,Pune,4 - 7 Years,4,7
IT Project Manager F / M,CGI Information Systems and Management Consultants Pvt Ltd,Italy,5 - 7 Years,5,7
HRBM  ( Financial Services  &  IT ),cnh industrial india pvt ltd,Gurgaon,7 - 10 Years,7,10
Powershell Engineer  /  IT Automation Engineer,nexthink solutions,"Switzerland, Boston",5 - 8 Years,5,8
Junior Engineer IT Infrastructure  (  81450656  ),Reliance Jio Infocomm Limited,Mumbai,2 - 6 Years,2,6
IT  /  Data Science Content Writer,EDUCBA,Mumbai,1 - 4 Years,1,4
IT Sales  &  Marketing Professionals,aimsoft solutions,Thiruvananthapuram,2 - 4 Years,2,4
IT Projektleiter  ( m / w / d ),CGI Information Systems and Management Consultants Pvt Ltd,Germany,3 - 5 Years,3,5
IN_RBAI_Senior Engineer-Production IT Support,Bosch Ltd,Bengaluru / Bangalore,2 - 5 Years,2,5
Opening For Freshers for IT Executive for Ludhiana,TandA HR Solutions,Ludhiana,0 - 3 Years,0,3
Opening for System Admin in IT industry,TandA HR Solutions,Panchkula,1 - 3 Years,1,3
Hiring for System Admin in IT Industry,TandA HR Solutions,Panchkula,1 - 3 Years,1,3
Digital Marketing | IT Sales Manager,EPPEOK SOLUTIONS PRIVATE LIMITED,Kolkata,3 - 5 Years,3,5
"IT Manager Remote ,  Remote - Mexico",Pinkerton Consulting & Investigations Inc.,Mexico,4 - 5 Years,4,5
Sr.seO Hiring For IT Company In Noida,ADEEBA E SERVICES PVT LTD,Noida/Greater Noida,0 - 3 Years,0,3
Technical Content Writer For IT Company,ADEEBA E SERVICES PVT LTD,Noida/Greater Noida,0 - 3 Years,0,3
Technical content writer For IT Company,ADEEBA E SERVICES PVT LTD,Noida/Greater Noida,0 - 3 Years,0,3
IT company In Noida looking for SEO,ADEEBA E SERVICES PVT LTD,Noida/Greater Noida,0 - 3 Years,0,3
IT Technical Project Management Office,yokogawa electric corp ltd- saudi arabia,Bengaluru / Bangalore,6 - 9 Years,6,9
ION Group - Senior IT Auditor,ion trading india pvt. ltd.,Pune,5 - 8 Years,5,8
IT Engineer - Customer Support Services,solution enterprises pvt ltd  ( ncr corporation india pvt ltd ),Mumbai,3 - 6 Years,3,6
Business Analyst IT F / H,CGI Information Systems and Management Consultants Pvt Ltd,France,5 - 8 Years,5,8
Looking forBusinessdevelopmentexecutivefor an IT Industry in Mohalilocation,TandA HR Solutions,"Delhi, Noida/Greater Noida, Mohali",0 - 5 Years,0,5
Looking forPHPDeveloper for an IT companyin Panchkulalocation,TandA HR Solutions,Panchkula,2 - 5 Years,2,5
Opening for theSalesExecutiveprofile for an IT Company forBangalorelocation,TandA HR Solutions,Bengaluru / Bangalore,0 - 5 Years,0,5
Job Opening forWordPressDeveloperfor an IT companyinMohalilocation,TandA HR Solutions,Mohali,1 - 3 Years,1,3
Hiring forReactNativeDeveloperfor a IT company in Bangalore,TandA HR Solutions,Bengaluru / Bangalore,0 - 5 Years,0,5
Urgent hiring for ContentWriterfor an IT companyinMohalilocation,TandA HR Solutions,Mohali,2 - 4 Years,2,4
Vacancy for IT Technician for Bangalore location,TandA HR Solutions,Bengaluru / Bangalore,3 - 4 Years,3,4
Hiring for Receptionist in Mohali for IT Company,TandA HR Solutions,Mohali,2 - 5 Years,2,5
Hiring forASP.netDeveloperfor an IT companyin Gurugramlocation,TandA HR Solutions,Gurgaon,4 - 7 Years,4,7
Looking forPHPDeveloperfor an IT companyin Panchkulalocation,TandA HR Solutions,Panchkula,2 - 5 Years,2,5
Hiring for theITsalesexecutivesprofile for IT company forBangaloreLocation.,TandA HR Solutions,Bengaluru / Bangalore,3 - 5 Years,3,5
Required QualityAnalystfor an IT company in MohaliLocation,TandA HR Solutions,Mohali,0 - 1 Years,0,1
Urgent hiring for Angular Developer for IT,TandA HR Solutions,"Bengaluru / Bangalore, Mohali",1 - 3 Years,1,3
Hiring for theSalesExecutiveprofile for an IT company forBangalorelocation.,TandA HR Solutions,Bengaluru / Bangalore,1 - 2 Years,1,2
Resiliency Consultant  IT Disaster Recovery,Optum Global Solutions  ( India )  Private Limited,Philippines,8 - 11 Years,8,11
"IT Support Engineer I ,  OTS",AMAZON INDIA PVT LTD,Pune,1 - 8 Years,1,8
IT Trainee  /  Prcticas en Informtica,Hilton Hotels & Resorts,Spain,0 - 1 Years,0,1
Regional IT Program Manager  ( AI ),Microsoft India Pvt Ltd,Australia,5 - 9 Years,5,9
Manager IT Audit Risk Assurance,wsne consulting,Delhi,0 - 3 Years,0,3
IT Architects  /  Sr. Technology Managers,Mapps IT Services Pvt Ltd,Kolkata,10 - 15 Years,10,15
SAP IT Business Systems Analyst,Intel Technology India Pvt Ltd,Bengaluru / Bangalore,8 - 11 Years,8,11
Consulting IT - Business Analyst / PMO,DXC Technologies,Italy,3 - 6 Years,3,6
Industry Technical Sales Specialist  ( ITS ),Intel Technology India Pvt Ltd,Dubai,5 - 8 Years,5,8
Senior Data Engineer  ( IT )  - Database,Merilytics,Hyderabad/Secunderabad,2 - 5 Years,2,5
Senior Data Engineer  ( IT )  - Database,MERITUS INTELYTICS PRIVATE LIMITED,Hyderabad/Secunderabad,2 - 5 Years,2,5
General Manager,HR Jobs Placements,"Ahmedabad, Bengaluru / Bangalore, Delhi/NCR, Hyderabad/Secunderabad, Pune",14 - 19 Years,14,19
"Director ,  Head of IT Infrastructure - Altera",Intel Technology India Pvt Ltd,Bengaluru / Bangalore,8 - 15 Years,8,15
Senior IT Infrastructure Support Engineer,CGI Information Systems and Management Consultants Pvt Ltd,Australia,5 - 10 Years,5,10
US IT / Non-ITRecruiter  &  Senior US IT / Non-IT Recruiter,ProAssert,"Chennai, Coimbatore, Trichy, Bengaluru / Bangalore",0 - 3 Years,0,3
"Software Developer , lead",New Global Technologies,"Bengaluru / Bangalore, Chennai, Hyderabad/Secunderabad, Mumbai, Pune",0 - 3 Years,0,3
Project  &  Program Manager,HR Jobs Placements,"Delhi/NCR, Hyderabad/Secunderabad, Kolkata, Mumbai, Pune",11 - 16 Years,11,16
java full stalk developer,Laxmi Infotech,"Bengaluru / Bangalore, Chennai, Hyderabad/Secunderabad, Noida/Greater Noida, Pune",0 - 3 Years,0,3
Project Manager,HR Jobs Placements,"Bengaluru / Bangalore, Chennai, Delhi/NCR, Hyderabad/Secunderabad, Pune",8 - 13 Years,8,13
Senior Consultant-Information Security Architect,Aujas Networks Pvt Ltd,Mumbai,4 - 8 Years,4,8
Software Sales Executive,SEVEN CONSULTANCY,Kohima,2 - 4 Years,2,4
Salesforce Service Cloud Developer,SEVEN CONSULTANCY,Chennai,5 - 8 Years,5,8
Senior Manager,SEVEN CONSULTANCY,"Delhi, Delhi/NCR",3 - 6 Years,3,6
Operation Executive,SEVEN CONSULTANCY,Chennai,6 - 9 Years,6,9
Security Engineer,vault infosec,Chennai,2 - 3 Years,2,3
ICT Business  &  Systems Analysts,silverlink technilogies,Australia,0 - 3 Years,0,3
Sales Manager  /  Solutions Architect -  ( Corporate  &  Govt Projects ),Indo Asia Global Technologies Private Limited,"Hyderabad/Secunderabad, Mumbai, Delhi, Delhi/NCR",2 - 8 Years,2,8
Software Sales Executive,cyberindigo net private limited,Pune,0 - 3 Years,0,3
Business Development Executive,Application Square Infotech Pvt Ltd,Nasik,0 - 3 Years,0,3
Hr. Recruiter  /  Recruitment Specialist,apex jobs,Gurgaon,0 - 3 Years,0,3
Team Lead,ace softex pvt. ltd.,Rajkot,1 - 4 Years,1,4
Business Analayst,CONNECTING 2 WORK,Cochin/ Kochi/ Ernakulam,2 - 5 Years,2,5
Data Centre Engineer,sp sysnet pte. lte.,Mumbai,0 - 2 Years,0,2
URGENT OPENING FOR US IT RECRUITER IN MOHALI LOCATION,TandA HR Solutions,Mohali,0 - 1 Years,0,1
Production IT Engineer Job Details | ZF Group,zf india pvt ltd,Chennai,3 - 5 Years,3,5
IT-Skerhetsarkitekt till kund inom offentlig sektor.,CGI Information Systems and Management Consultants Pvt Ltd,Sweden,5 - 8 Years,5,8
Specialist - IT Security GRC Job Details | LANXESS,lanxess pvt ltd,Thane,5 - 10 Years,5,10
System Engineer - IT SecOps Job Details | Barco,barco india,"Belgium, Noida/Greater Noida",6 - 9 Years,6,9
IT Security Experte  ( m / w / d ),CGI Information Systems and Management Consultants Pvt Ltd,Germany,3 - 7 Years,3,7
"Senior Manager - IT Operations ,  Service Delivery ,  DevOps",infinity business solutions pvt ltd,Pune,10 - 15 Years,10,15
IT Project Consultant Job Details | SAP,SAP Ariba,Pune,4 - 8 Years,4,8
IT Project Developer - BTP Job Details | SAP,SAP Ariba,Bengaluru / Bangalore,5 - 7 Years,5,7
"Director ,  IT Product  &  Service Management",netskope software pvt.ltd,"Bengaluru / Bangalore, Australia",1 - 4 Years,1,4
IT Technology Services Specialist Job Details | SAP,SAP Ariba,Bengaluru / Bangalore,8 - 11 Years,8,11
Senior Storage Operations Engineer  ( Senior IT Engineer ),LAKSH HUMAN RESOURCE,Noida/Greater Noida,5 - 8 Years,5,8
Sourcing Executive - US IT Recruitment  ( Night Shift ),Einstro,Chennai,2 - 5 Years,2,5
IT Technology Project Manager Job Details | SAP,SAP Ariba,Bengaluru / Bangalore,3 - 6 Years,3,6
IT Project Senior Consultant Job Details | SAP,SAP Ariba,Bengaluru / Bangalore,8 - 12 Years,8,12
Assistant IT Manager - Sheraton Hai Phong,Marriott International Inc,Unknown,2 - 5 Years,2,5
IT Support Service Desk- Senior Analyst,OakNorth Bank,Gurgaon,5 - 8 Years,5,8
Sr Analyst Audit  &  Compliance  ( IT ),DXC Technologies,Mumbai,4 - 7 Years,4,7
ServiceNow IT Service Management-Application Designer,accenture,Bengaluru / Bangalore,3 - 5 Years,3,5
GM - Zone IT Business Relationship Manager,Schneider Electric Pvt Ltd,Bengaluru / Bangalore,10 - 13 Years,10,13
Senior IT Architect Job Details | Boston Scientific,BOSTON SCIENTIFIC,Unknown,10 - 13 Years,10,13
IT Architect Job Details | Boston Scientific,BOSTON SCIENTIFIC,Unknown,5 - 8 Years,5,8
Onsite IT Support Technician  ( m / f / d ),DXC Technologies,Germany,2 - 5 Years,2,5
IT Project Senior Consultant Job Details | SAP,SAP Ariba,Pune,5 - 8 Years,5,8
"IT QA Engineer ,  Principal  ( Copado  &  Salesforce )",PROGRESS SOFTWARE,Hyderabad/Secunderabad,6 - 9 Years,6,9
Position Title  Senior Executive  IT procurement,e-stone information technology,Mumbai,3 - 7 Years,3,7
"Sr Lead ,  Cyber Sec IT RiskM",northern trust corp ltd - london,Pune,5 - 10 Years,5,10
IT Internship Job Details | Boston Scientific,BOSTON SCIENTIFIC,Unknown,0 - 1 Years,0,1
IT Project Manager Job Details | Boston Scientific,BOSTON SCIENTIFIC,Gurgaon,8 - 12 Years,8,12
Inside Sales Representative-Reputed IT industry,SEVEN CONSULTANCY,Thane,0 - 3 Years,0,3
Jobs for fresher customer support executive-IT,SEVEN CONSULTANCY,"Navi Mumbai, Mumbai, Thane",0 - 2 Years,0,2
Job for TL Sales with Reputed IT Company,SEVEN CONSULTANCY,Mumbai,3 - 5 Years,3,5
Project Manager ( IT Team  &  Developers ),SEVEN CONSULTANCY,"Navi Mumbai, Mumbai",10 - 15 Years,10,15
B.Tech   MBA Fresher || IT Sales || Noida,ebizon net info  ( p )  ltd,Noida/Greater Noida,0 - 2 Years,0,2
IT Network Specialist Job Details | singlebuoy,SBM OFFSHORE,Unknown,5 - 8 Years,5,8
IT Architecture Expert Job Details | SAP,SAP Ariba,Bengaluru / Bangalore,10 - 13 Years,10,13
Delivery Manager - Manufacturing Domain - IT Services,Flex-i Partners,Chicago,10 - 15 Years,10,15
Vice President - IT Infra - Mumbai  ( Goregaon East ),kotak mahindra bank,Mumbai,5 - 8 Years,5,8
Web Designer | Top IT Company In Gurgaon | AHOM,AHOM Technologies Private Limited,Gurgaon,1 - 3 Years,1,3
IT Service Management Administrator  &  Developer,SYNCTON IT Solutions,Hyderabad/Secunderabad,3 - 10 Years,3,10
IT Technology Services Specialist Job Details | SAP,SAP Ariba,Bengaluru / Bangalore,3 - 9 Years,3,9
IT Specialist  ( SharePoint Online  &  Office 365 ),Marketone International,Bengaluru / Bangalore,7 - 10 Years,7,10
"Regional Manager - Sales  (  IT Products ,  Services )",infinity business solutions pvt ltd,Delhi/NCR,13 - 18 Years,13,18
"Technical Consultant  /  Architect - Enterprise Monitoring ,  IT Infrastructure",infinity business solutions pvt ltd,Gurgaon,10 - 14 Years,10,14
ION Group - Senior Business Consultant  ITS,ion trading india pvt. ltd.,Unknown,5 - 10 Years,5,10
ION Group - Senior Technical Consultant  IT2,ion trading india pvt. ltd.,Pune,5 - 8 Years,5,8
ION Group - Senior Business Consultant  IT2,ion trading india pvt. ltd.,Pune,3 - 7 Years,3,7
Sales Process - IT Solutions  ( Outbound Process ),jtg infotech services pvt. ltd,Delhi,0 - 2 Years,0,2
Manager - IT Job Details | Kalpataru Group,jmc projects  ( india )  ltd,Mumbai,8 - 15 Years,8,15
IT Service Delivery Manager | Intuitor Softech Services,intuitor softtech services pvt. ltd.,Bengaluru / Bangalore,5 - 10 Years,5,10
IT Asset Manager | Intuitor Softech Services,intuitor softtech services pvt. ltd.,Bengaluru / Bangalore,2 - 8 Years,2,8
JD- IT Sales  &  Business Development,Cloud18 Infotech Pvt Ltd,Lucknow,0 - 3 Years,0,3
POSITION IT Software Application programming  &  Maintenance,cdl it pvt ltd,Vadodara,3 - 6 Years,3,6
Business Development Manager - IT Sales Beamstacks,BeamStacks,Gurgaon,3 - 6 Years,3,6
Member IT  ( Off-role ) - Paints Manufacturing- Ludhiana,ADITYA BIRLA MANAGEMENT CORPORATION LTD,Ludhiana,2 - 4 Years,2,4
IT Infrastructure Manager  ( Web / Cloud / Security ),2Soft Solutions Pvt. Ltd.,Mumbai,5 - 8 Years,5,8
Sales Manager for IT Service based company in Mumbai,2Soft Solutions Pvt. Ltd.,Mumbai,6 - 12 Years,6,12
Principal Associate - IT  (  Senior Cloud Engineer  ),eurofins it solutions pvt ltd,Bengaluru / Bangalore,7 - 10 Years,7,10
"Senior Program Manager ,  IT Process and Standardization",Microsoft India Pvt Ltd,"Redmond, Atlanta",4 - 6 Years,4,6
LinkedIn Marketing For IT Augmentation  Lead Generation Specialist,cart geek,"Mumbai, Sagar",2 - 5 Years,2,5
Urgent Opening For - IT Business Analyst - Sourcedesk Global,Sourcedesk Global Private Limited,Kolkata,3 - 7 Years,3,7
Business Development Executive / Business Analyst-IT,LINUXBEAN SOLUTION PVT LTD,Indore,0 - 3 Years,0,3
Business Development Executive - IT Online Bidder,LINUXBEAN SOLUTION PVT LTD,Indore,0 - 3 Years,0,3
Business Analyst  (  BE  (  Elec )  or MBA )  for IT Company,LINUXBEAN SOLUTION PVT LTD,Indore,0 - 3 Years,0,3
IT Business Analyst  (  BE  (  Elec )  or MBA ),LINUXBEAN SOLUTION PVT LTD,Indore,0 - 3 Years,0,3
SAP ABAP - Contract with Renowed IT Firm,LINKTAG,Bengaluru / Bangalore,3 - 5 Years,3,5
Junior IT Projektmanager  ( m / w / d ),CGI Information Systems and Management Consultants Pvt Ltd,Germany,1 - 3 Years,1,3
Senior IT Analyst Job Details | ZF Group,zf india pvt ltd,Chennai,5 - 10 Years,5,10
IT Project Senior Consultant Job Details | SAP,SAP Ariba,"Germany, Mexico, Bengaluru / Bangalore",7 - 10 Years,7,10
IT Security Specialist ( Security-EndPoint protection ),NTT Data Vertex Software Inc.,Mexico,3 - 5 Years,3,5
Principal IT Analyst Job Details | ZF Group,zf friedrichshafen -itc,Chennai,5 - 10 Years,5,10
Business Systems Analyst- IT SAP GTS,Intel Technology India Pvt Ltd,Unknown,2 - 5 Years,2,5
Staff IT Product Manager - Microsoft Solutions,Infoblox,Seattle,5 - 12 Years,5,12
IT Architect Banking  ( m / f / d ),CGI Information Systems and Management Consultants Pvt Ltd,Germany,5 - 10 Years,5,10
IT End User Support Manager  /  Team Leader,enflexis solutions pvt ltd pune,Japan,2 - 10 Years,2,10
IT- Project Coordinator  ( 6 Months to 2 Years ),DREAMSOL TELESOLUTIONS PVT. LTD.,"Delhi, Delhi/NCR, Noida/Greater Noida",0 - 2 Years,0,2
Bench Sales- Executive /  Manager  ( US IT Staffing ),Advaya Infotech Pvt Ltd,Noida/Greater Noida,1 - 3 Years,1,3
Business Development Executive /  Manager  ( US IT Staffing ),Advaya Infotech Pvt Ltd,Noida/Greater Noida,0 - 3 Years,0,3
Microsoft Word - Senior_IT_Recruiter - senior-it-recruiter,ERP Analysts  ( INDIA )  Pvt. Ltd.,Hyderabad/Secunderabad,5 - 7 Years,5,7
Field Tech Senior Associate - Onsite IT Support,NTT Data Vertex Software Inc.,Australia,3 - 5 Years,3,5
IT Engineer  ( For JV in Chennai )  Job Details | Corning,Corning,Chennai,3 - 5 Years,3,5
"IT Audit Manager ,  Defensive Secuirty Team",AMAZON INDIA PVT LTD,Bengaluru / Bangalore,5 - 10 Years,5,10
IT Solutions Section Leader  &  Director,eurofins it solutions pvt ltd,"Germany, France",1 - 4 Years,1,4
Systemadministrator  /  IT - Administrator  Energiewirtschaft  ( m / w / d ),CGI Information Systems and Management Consultants Pvt Ltd,Germany,1 - 5 Years,1,5
Hiring of SEO position for Mohali for IT Company,TandA HR Solutions,Mohali,2 - 4 Years,2,4
Hiring of -iOS Developer for Raipur for IT Company,TandA HR Solutions,Raipur,2 - 4 Years,2,4
Opening of Project Manager for Mohali for IT Company,TandA HR Solutions,Mohali,2 - 5 Years,2,5
Sr. Client Acquisition  US / UK IT Staffing,TandA HR Solutions,Hyderabad/Secunderabad,3 - 8 Years,3,8
Urgent openings for Online Bidders  ( BDE )  for IT Company,TandA HR Solutions,Panchkula,0 - 2 Years,0,2
Job Opening of PPC Executive for Mohali for IT Company,TandA HR Solutions,Mohali,2 - 3 Years,2,3
Vacancy of Manager  ( Service Support )  for Panchkula for IT Company,TandA HR Solutions,Panchkula,2 - 5 Years,2,5
Hiring of Service Engineer for Panchkula for IT Company,TandA HR Solutions,"Shimla, Karnal, Jalandhar, Delhi, Panchkula",1 - 2 Years,1,2
Opening of Service Coordinator for Panchkula for IT Company,TandA HR Solutions,Panchkula,2 - 3 Years,2,3
Looking for Sales Coordinator for Panchkula for IT Company,TandA HR Solutions,Panchkula,1 - 2 Years,1,2
Post vacant for US IT recruiters in Hyderabad in Malakpet,TandA HR Solutions,Hyderabad/Secunderabad,2 - 4 Years,2,4
Business Development Executive fro IT Company in Hyderabad,TandA HR Solutions,Hyderabad/Secunderabad,0 - 2 Years,0,2
Hiring for Full Stack Developer in IT Park Chandigarh,TandA HR Solutions,Chandigarh,3 - 5 Years,3,5
Hiring for Full Stack Developer in IT Park Chandigarh,TandA HR Solutions,Chandigarh,2 - 7 Years,2,7
Opening for the ios developer in Mohali Location for IT Company,TandA HR Solutions,Mohali,1 - 3 Years,1,3
Sr Hr Executive for IT Company in Mohali,TandA HR Solutions,Mohali,3 - 5 Years,3,5
Java Developer for IT Park Chandigarh Location In MNC,TandA HR Solutions,Chandigarh,6 - 10 Years,6,10
Hiring for SEO Analyst for IT Company  Mohali  ( Punjab ),TandA HR Solutions,Mohali,1 - 2 Years,1,2
Job Opening for System Admin in IT Company  Mohali,TandA HR Solutions,Mohali,2 - 5 Years,2,5
Job Opening for System Admin in IT Company  Panchkula,TandA HR Solutions,"Panchkula, Mohali",2 - 5 Years,2,5
Urgent opening for Online Bidder for IT Company,TandA HR Solutions,Chandigarh,1 - 4 Years,1,4
Urgent opening for Asp.net Profile for IT Company in Mohali,TandA HR Solutions,Mohali,0 - 1 Years,0,1
Urgent opening for Online Bidder profile for IT Company,TandA HR Solutions,Ludhiana,1 - 4 Years,1,4
Urgent opening for Multimedia Designer for IT company in Panchkula,TandA HR Solutions,Panchkula,2 - 5 Years,2,5
Urgent opening for Online Bidder for IT Company in Mohali,TandA HR Solutions,Mohali,0 - 2 Years,0,2
Urgently Required PHP Developer in An IT Company in Mohali,TandA HR Solutions,"Chandigarh, Mohali",1 - 3 Years,1,3
Opening for HR  &  Admin in IT Company,TandA HR Solutions,Mohali,1 - 4 Years,1,4
Job Opening for Tele Caller in Mohali in IT Industry,TandA HR Solutions,Mohali,1 - 4 Years,1,4
Urgent Opening for Asp.net Profile for IT Company,TandA HR Solutions,Mohali,0 - 1 Years,0,1
Urgent Opening for Tech Lead for IT Company,TandA HR Solutions,Mohali,10 - 13 Years,10,13
URGENT OPENING FOR IT CONSULTANT IN MNC IN PANCHKULA LOCATION,TandA HR Solutions,Panchkula,0 - 1 Years,0,1
Urgent Opening for Business Development Manager in IT Company,TandA HR Solutions,Mohali,0 - 1 Years,0,1
Urgent Opening for Blockchain Engineer in IT Company in Mohali,TandA HR Solutions,Mohali,3 - 6 Years,3,6
Job Opening for Networking Administrator in IT Park Chandigarh,TandA HR Solutions,Chandigarh,1 - 4 Years,1,4
Opening for Data Analyst for IT Company in Mohali,TandA HR Solutions,Mohali,2 - 5 Years,2,5
Opening for SQL DBA in IT Company for Mohali Location,TandA HR Solutions,Mohali,5 - 8 Years,5,8
Opening for System Administrator in IT Company for Mohali location,TandA HR Solutions,Mohali,5 - 10 Years,5,10
Opening for Dot Net Developer in IT Park Mohali,TandA HR Solutions,Mohali,2 - 5 Years,2,5
Opening for Dot Net Developer in Chandigarh IT Park,TandA HR Solutions,Chandigarh,1 - 3 Years,1,3
Opening for Full Stack Developer in Chandigarh IT Park,TandA HR Solutions,Chandigarh,4 - 6 Years,4,6
Opening for Quality Analyst in Chandigarh IT Park Location,TandA HR Solutions,Chandigarh,5 - 8 Years,5,8
Opening for PL / SQL Developer in Mohali IT Park,TandA HR Solutions,Mohali,4 - 10 Years,4,10
Opening for PHP Developer in IT Company for Mohali Location,TandA HR Solutions,Mohali,1 - 3 Years,1,3
Opening for ROR Developer in IT Company for Mohali Location,TandA HR Solutions,Mohali,1 - 4 Years,1,4
Leading IT Company Looking For Content Writer,ADEEBA E SERVICES PVT LTD,Noida/Greater Noida,0 - 3 Years,0,3
Jr / Sr. SEO Executive For IT company in Noida,ADEEBA E SERVICES PVT LTD,Noida/Greater Noida,0 - 3 Years,0,3
Job Opening for Web Developer  IT Park Chandigarh,TandA HR Solutions,Chandigarh,1 - 3 Years,1,3
Job Opening for PHP Programmer  IT Park Chandigarh,TandA HR Solutions,Chandigarh,1 - 3 Years,1,3
Job Opening for PHP Developer  IT Park Chandigarh,TandA HR Solutions,Chandigarh,1 - 3 Years,1,3
IT-Security Management Consultant  ( m / f / d ),CGI Information Systems and Management Consultants Pvt Ltd,Germany,3 - 5 Years,3,5
Lalamove - Office IT Support  ( Part-time ),Lalamove,Hong Kong,0 - 3 Years,0,3
"Managing Director ,  IT Global Professional Services",fedexex,"Pittsburgh, Dallas",10 - 15 Years,10,15
Principal Associate IT - Senior Network Engineer,eurofins it solutions pvt ltd,Bengaluru / Bangalore,8 - 9 Years,8,9
"IT APP Dev Engineer ,  Financial Planning",AMAZON INDIA PVT LTD,Bengaluru / Bangalore,3 - 5 Years,3,5
IT-arkitekt till kund inom offentlig sektor,CGI Information Systems and Management Consultants Pvt Ltd,Sweden,5 - 10 Years,5,10
Hiring for Data Analystfor a IT companyinChandigarh location,TandA HR Solutions,Chandigarh,0 - 2 Years,0,2
Job opening forProject Coordinatorfor a IT companyinChandigarh location,TandA HR Solutions,Chandigarh,0 - 2 Years,0,2
Urgent hiring forReactJSDeveloper for an IT company in Mohali location,TandA HR Solutions,Mohali,1 - 4 Years,1,4
Urgent hiring forNodeJSDeveloperfor a IT companyin Mohali location,TandA HR Solutions,Mohali,1 - 6 Years,1,6
Hiring for Telesales Executive for an IT company in for Bangalore location,TandA HR Solutions,Bengaluru / Bangalore,1 - 3 Years,1,3
Job opening forFront OfficeExecutive for IT company inHyderabadlocation,TandA HR Solutions,Hyderabad/Secunderabad,1 - 4 Years,1,4
Looking for Inside Sales Executive for an IT Company in BangaloreLocation.,TandA HR Solutions,Bengaluru / Bangalore,1 - 4 Years,1,4
Job opening for OnlineBidder for an IT company in Panchkula location,TandA HR Solutions,Panchkula,1 - 3 Years,1,3
Urgently looking forQuality Analystfor an IT company in MohaliLocation,TandA HR Solutions,Mohali,0 - 3 Years,0,3
Urgently looking forTechnical Support for an IT company in MohaliLocation,TandA HR Solutions,Mohali,0 - 1 Years,0,1
Urgently looking for Laravel Developerfor an IT company in MohaliLocation,TandA HR Solutions,Mohali,1 - 4 Years,1,4
Urgently looking for Admin  /  Accountsfor an IT company in MohaliLocation,TandA HR Solutions,Mohali,0 - 1 Years,0,1
Hiring forCustomerSupportExecutivein an IT company in Chandigarh location,TandA HR Solutions,Chandigarh,1 - 2 Years,1,2
Hiring forChat Support Executivefor an IT Companyin MohaliLocation,TandA HR Solutions,Mohali,1 - 3 Years,1,3
Hiring for theDevOpsEngineer /  SrDevOpsfor an IT Company in Delhi Location,TandA HR Solutions,Delhi,7 - 10 Years,7,10
Job opening forBDM for a IT Service provider companyinHyderabadlocation,TandA HR Solutions,Hyderabad/Secunderabad,1 - 4 Years,1,4
Job opening forLaravel Developerfor an IT companyin Mohalilocation,TandA HR Solutions,Mohali,1 - 4 Years,1,4
Looking for Online Bidder for an IT company in Panchkula location,TandA HR Solutions,Panchkula,1 - 3 Years,1,3
Opening for Sales Manager for an IT company for Mohali location,TandA HR Solutions,Mohali,4 - 6 Years,4,6
Hiring for Laravel Developer for an IT company in Mohali location,TandA HR Solutions,Mohali,1 - 4 Years,1,4
Hiring for Laravel Developer for an IT company in Mohali location,TandA HR Solutions,Mohali,2 - 5 Years,2,5
Hiring for Instructional Designer for an IT company in Gurgaon location,TandA HR Solutions,Gurgaon,3 - 5 Years,3,5
Hiring for the Sales Manager in a IT company for Mohali location,TandA HR Solutions,Mohali,4 - 8 Years,4,8
Hiring for the Embedded Engineer in a IT Company for Chandigarh location,TandA HR Solutions,Chandigarh,1 - 2 Years,1,2
Job opening for the PMO in a IT company for Coimbatore location,TandA HR Solutions,Coimbatore,7 - 10 Years,7,10
Hiring for Marketing Executive for an IT company in Noida location,TandA HR Solutions,Noida/Greater Noida,0 - 5 Years,0,5
Looking for PHP Developer for an IT Company in in Mohali Location,TandA HR Solutions,Mohali,3 - 7 Years,3,7
Urgently we are looking for a PMO for an IT Company in BangaloreLocation.,TandA HR Solutions,Bengaluru / Bangalore,8 - 11 Years,8,11
Job openingforAngularDeveloperfor an IT companyin Panchkula location,TandA HR Solutions,Panchkula,3 - 7 Years,3,7
Job openingforthe contentwriter positionin a IT companyforMohali location,TandA HR Solutions,Mohali,0 - 2 Years,0,2
Hiring forTelesales executivesfor an IT companyin Mohali location,TandA HR Solutions,Mohali,1 - 4 Years,1,4
Job opening forFlutterDeveloperfor an IT companyin Bangalore location,TandA HR Solutions,Bengaluru / Bangalore,1 - 4 Years,1,4
Urgently looking for aGraphicDesignerfor an IT Company in Gurgaon Location.,TandA HR Solutions,Gurgaon,3 - 4 Years,3,4
Hiringfor theenterprisesalesposition in a IT companyfor the Gurgaon location,TandA HR Solutions,Gurgaon,3 - 4 Years,3,4
Looking forSR Business developmentManagerfor an IT Industry in Mohalilocation,TandA HR Solutions,Mohali,3 - 6 Years,3,6
Opening forSalesManager for a IT Service provider companyinHyderabadlocation,TandA HR Solutions,Hyderabad/Secunderabad,1 - 4 Years,1,4
Looking forTelesales executivesfor an IT companyin Mohali location,TandA HR Solutions,Mohali,1 - 4 Years,1,4
Job opening forPythonDeveloperprofile for an IT company for Mohali location,TandA HR Solutions,Mohali,3 - 6 Years,3,6
Job opening forArchitect profilefor a IT company inChennailocation,TandA HR Solutions,Chennai,10 - 13 Years,10,13
Job opening forArchitect profilefor a IT company inPunelocation,TandA HR Solutions,Pune,10 - 13 Years,10,13
Urgent hiring forPythonDeveloperprofile for an IT company for Chandigarh location,TandA HR Solutions,"Chandigarh, Mohali",3 - 8 Years,3,8
Hiring for the Software tester profile for IT for Gurgaon location.,TandA HR Solutions,Gurgaon,3 - 4 Years,3,4
Looking forPerformance Marketerfor an IT company inJaipur location,TandA HR Solutions,Jaipur,2 - 6 Years,2,6
Looking forTelesalesexecutivesfor an IT companyin Mohali location,TandA HR Solutions,Mohali,3 - 6 Years,3,6
Job opening forBusinessDevelopmentManagerfor a IT Company forHyderabad and Bangalorelocation,TandA HR Solutions,"Bengaluru / Bangalore, Hyderabad/Secunderabad",1 - 4 Years,1,4
Job opening forBusinessDevelopmentManagerfor a IT Company forBangalorelocation,TandA HR Solutions,Bengaluru / Bangalore,1 - 4 Years,1,4
Looking for the Graphic Designer for an IT Company in Gurgaon Location.,TandA HR Solutions,Gurgaon,3 - 4 Years,3,4
Urgent hiring forPythonDeveloperprofile for an IT company for Chandigarh location,TandA HR Solutions,Chandigarh,4 - 8 Years,4,8
Urgent hiring forPHPDeveloperfor an IT companyin Bangalore  ( WFH ),TandA HR Solutions,Bengaluru / Bangalore,3 - 6 Years,3,6
Job opening forBusiness Analyst for an IT companyin Panchkulalocation,TandA HR Solutions,Panchkula,1 - 4 Years,1,4
Hiring for IT Trainer for a Charitable Trust for Secunderabad Location.,TandA HR Solutions,Hyderabad/Secunderabad,0 - 2 Years,0,2
Hiring for Technical Support for an IT Company for Mohali Location.,TandA HR Solutions,Mohali,2 - 4 Years,2,4
Hiring for Angular Developer for an IT company in Gurgaon Location.,TandA HR Solutions,"Bengaluru / Bangalore, Gurgaon",2 - 4 Years,2,4
Hiring for Shopify Developer for an IT company in Mohali location,TandA HR Solutions,Mohali,4 - 6 Years,4,6
Hiring for Angular Developer for an IT company in Mohali location,TandA HR Solutions,Mohali,4 - 6 Years,4,6
Hiring for Xamarin Developer in an IT Company for WFH,TandA HR Solutions,Bengaluru / Bangalore,4 - 7 Years,4,7
Hiring for Content Writer for an IT company for Mohali location,TandA HR Solutions,Mohali,0 - 2 Years,0,2
Job opening for Trainer for an IT company in Hyderabad location,TandA HR Solutions,Hyderabad/Secunderabad,2 - 5 Years,2,5
Hiring for Escalation  ( Female )  for an IT Company in the Manimajra location,TandA HR Solutions,Chandigarh,2 - 5 Years,2,5
Urgent hiring for Trainer for an IT company in Hyderabad location,TandA HR Solutions,Hyderabad/Secunderabad,2 - 5 Years,2,5
Looking for HR Executive for an IT company in the Mohali location,TandA HR Solutions,Mohali,7 - 10 Years,7,10
Hiring for Postgres DBA for an IT company in Bangalore Location,TandA HR Solutions,Bengaluru / Bangalore,5 - 8 Years,5,8
Urgent hiring for the BDM for an IT company in Mohali location.,TandA HR Solutions,Mohali,2 - 3 Years,2,3
Looking for Sales Executive for an IT company in Mohali location,TandA HR Solutions,Mohali,1 - 2 Years,1,2
Urgent Hiring for IT support for Bangalore location  ( WFO ),TandA HR Solutions,Bengaluru / Bangalore,2 - 3 Years,2,3
Hiring for Reactjs Developer for an IT company for Delhi location,TandA HR Solutions,Delhi,2 - 6 Years,2,6
Hiring for Postgres DBA for an IT company in BangaloreLocation,TandA HR Solutions,Bengaluru / Bangalore,5 - 8 Years,5,8
Urgent hiring forLeadQAEngineerfor MNC IT companyin Gurugramlocation,TandA HR Solutions,Gurgaon,10 - 12 Years,10,12
Job opening forSeniorPHPFull stackfor an IT companyinBangalore location,TandA HR Solutions,Bengaluru / Bangalore,2 - 5 Years,2,5
Looking forSystem Administratorfor a IT Service provider companyinHyderabadlocation,TandA HR Solutions,Hyderabad/Secunderabad,1 - 4 Years,1,4
Urgent hiring forLeadQAEngineerfor MNC IT companyin Mumbailocation,TandA HR Solutions,Mumbai,2 - 6 Years,2,6
Job opening forBDEfor a IT Service provider companyinHyderabadlocation,TandA HR Solutions,Hyderabad/Secunderabad,2 - 4 Years,2,4
Urgent hiring for Content Writerfor an IT companyin Mohalilocation,TandA HR Solutions,Mohali,0 - 3 Years,0,3
Job opening forPHPDeveloperfor a MNC IT companyinChandigarhlocation,TandA HR Solutions,Chandigarh,3 - 6 Years,3,6
Hiring for the Graphic Designerprofile for an IT company for Mohali location,TandA HR Solutions,"Chandigarh, Mohali",0 - 1 Years,0,1
Job opening forWordPressDeveloperfor an IT companyin Mohalilocation,TandA HR Solutions,Mohali,1 - 3 Years,1,3
Hiring forPHP Developerfor a MNC IT companyin Chandigarhlocationv,TandA HR Solutions,Chandigarh,3 - 6 Years,3,6
Looking forHR Executivefor a IT companyin Mohali location,TandA HR Solutions,Mohali,2 - 5 Years,2,5
Hiring for theStrategicPartnershipManager profile for an IT Company for Bangalore location,TandA HR Solutions,Bengaluru / Bangalore,1 - 5 Years,1,5
Hiring forPHP Developerfor an IT Comapny in Mohali Location.,TandA HR Solutions,"Chandigarh, Panchkula, Mohali, Ambala",0 - 2 Years,0,2
Looking forASP.net Developerfor an IT companyin Navi Mumbailocation,TandA HR Solutions,Navi Mumbai,5 - 8 Years,5,8
Hiring forDotNetDeveloper for an IT Comapny inMumbai Location.,TandA HR Solutions,Mumbai,2 - 5 Years,2,5
Job vacancy for theTelecallerprofile for an IT company for Bangalore location,TandA HR Solutions,Bengaluru / Bangalore,2 - 5 Years,2,5
Job opening for WordPressDeveloperfor an IT companyin Mohalilocation,TandA HR Solutions,Mohali,1 - 3 Years,1,3
Hiring forPHP Developerfor a MNC IT companyin Chandigarhlocation,TandA HR Solutions,Chandigarh,3 - 6 Years,3,6
Job opening forSEOExecutivefor a IT companyin Mohali location,TandA HR Solutions,Mohali,1 - 4 Years,1,4
Looking for WordPress Developer for an IT company in Mohali location,TandA HR Solutions,Mohali,0 - 1 Years,0,1
Urgent opening for a SrPythonSupportEngineerfor an IT company forBangalorelocation,TandA HR Solutions,Bengaluru / Bangalore,8 - 12 Years,8,12
Looking forPHP Developerfor a MNC IT companyin Chandigarhlocation,TandA HR Solutions,Chandigarh,3 - 4 Years,3,4
Hiring for theSalesCoordinatorprofile for a IT Hardware company forChennaiand Delhilocations,TandA HR Solutions,"Chennai, Delhi",2 - 5 Years,2,5
Job opening forFlutterDeveloperfor IT Company for Chandigarh location,TandA HR Solutions,Chandigarh,1 - 5 Years,1,5
Job opening forFlutter Developer for an IT Company in Chandigarhlocation,TandA HR Solutions,Chandigarh,1 - 5 Years,1,5
Urgent opening for thePythonDeveloperprofile for an IT company for Mohali location,TandA HR Solutions,Mohali,3 - 8 Years,3,8
job opening forDotNetDeveloperfor an MNC IT companyinMohalilocation,TandA HR Solutions,Mohali,3 - 6 Years,3,6
Looking for WordPress Developer for an IT companyin BanagloreWFH Location.,TandA HR Solutions,Bengaluru / Bangalore,4 - 5 Years,4,5
Hiring for thePythonDeveloperprofile for an IT company for Mohali location,TandA HR Solutions,Mohali,3 - 8 Years,3,8
HiringforUI / UXDesigner for IT Company for the chandigarh Location,TandA HR Solutions,Chandigarh,1 - 5 Years,1,5
Looking forPHPDeveloperfor a MNC IT companyin Chandigarhlocation,TandA HR Solutions,Chandigarh,2 - 4 Years,2,4
Looking for Android Developerprofile for IT companyin Mohali Location,TandA HR Solutions,Mohali,2 - 4 Years,2,4
Looking for DotNET Developerprofile for IT companyin Mohali Location,TandA HR Solutions,Mohali,3 - 5 Years,3,5
Urgent hiring for theEmbeddedDeveloper /  Lead in a IT Company for Bangalorelocation,TandA HR Solutions,Bengaluru / Bangalore,3 - 7 Years,3,7
Urgently looking for DotNETDeveloper for IT companyinMohali Location,TandA HR Solutions,Mohali,3 - 5 Years,3,5
Looking forPHPDeveloperfor a MNC IT companyin Chandigarhlocation,TandA HR Solutions,Chandigarh,3 - 6 Years,3,6
Job opening forCustomerSupportExecutivein an IT company in Chandigarh location,TandA HR Solutions,Chandigarh,2 - 5 Years,2,5
Hiring for Android Developer for an IT company in Mohali Location.,TandA HR Solutions,Mohali,2 - 4 Years,2,4
Hiring for Android Developerfor an IT company in Mohali Location,TandA HR Solutions,Mohali,2 - 4 Years,2,4
Hiring for Sr.phPDeveloperfor an IT company in Navi Mumbai location.,TandA HR Solutions,Navi Mumbai,3 - 6 Years,3,6
Hiring forCustomerSupportExecutivein an IT company in Mohali location,TandA HR Solutions,Mohali,2 - 5 Years,2,5
Job opening forPHPDeveloperfor a MNC IT companyin Chandigarhlocation,TandA HR Solutions,Chandigarh,3 - 6 Years,3,6
Urgent hiring for theDigitalMarketingprofile in IT company for Delhi location,TandA HR Solutions,Delhi,1 - 5 Years,1,5
Opening forPythonDeveloperprofile for an IT company for Panchkula location,TandA HR Solutions,Panchkula,3 - 6 Years,3,6
Hiring for theMERNStackEngineer for IT MNC Company for Chandigarh,TandA HR Solutions,Chandigarh,2 - 9 Years,2,9
Hiring for IT Teacher for Gurgaon location for Education Company,TandA HR Solutions,"Gurgaon, Mohali",2 - 4 Years,2,4
Hiring forCustomerSupportExecutivein an IT company in Mohali location,TandA HR Solutions,Mohali,1 - 2 Years,1,2
Job opening forFlutterDeveloperfor IT Company for Mohali location,TandA HR Solutions,Mohali,1 - 5 Years,1,5
Job opening for theMERNStackEngineer for IT MNC Company for Chandigarh,TandA HR Solutions,Chandigarh,2 - 9 Years,2,9
Hiring for Software Developer in a IT Company for Pune location.,TandA HR Solutions,Pune,2 - 5 Years,2,5
Vacancy for the Graphic Designer for an MNC IT Company in Chandigarh,TandA HR Solutions,Chandigarh,3 - 7 Years,3,7
Opening for PHP Developer in a IT Company for Mohali location.,TandA HR Solutions,Mohali,1 - 5 Years,1,5
Opening for the Android Developer for an IT Company in Hyderabad Location.,TandA HR Solutions,Hyderabad/Secunderabad,3 - 5 Years,3,5
Opening for the SQL Developer at IT Company in Hyderabad Location,TandA HR Solutions,Hyderabad/Secunderabad,3 - 4 Years,3,4
Hiring for the Training Coordinator for Hyderabad location in a IT Company.,TandA HR Solutions,Hyderabad/Secunderabad,3 - 4 Years,3,4
Urgent hiring for Web Developer in IT company for Panchkula,TandA HR Solutions,Panchkula,0 - 2 Years,0,2
Hiring for the PLM for Hyderabad Location in a IT Company.,TandA HR Solutions,Hyderabad/Secunderabad,4 - 6 Years,4,6
Opening for Full Stack in IT Industry for Delhi location,TandA HR Solutions,Delhi,1 - 5 Years,1,5
The requirement for Developer in IT Industry for Delhi location,TandA HR Solutions,Delhi,1 - 5 Years,1,5
Requirement for Online Bidder in IT Industry for Mohali location,TandA HR Solutions,Mohali,1 - 2 Years,1,2
Requirement for PHP Developer in IT Industry for Mohali location,TandA HR Solutions,Mohali,1 - 4 Years,1,4
Requirement for Web Designer in IT Industry for Mohali location,TandA HR Solutions,Mohali,0 - 1 Years,0,1
Requirement for Graphic Designer in IT Industry for Mohali location,TandA HR Solutions,Mohali,0 - 1 Years,0,1
Requirement for Project Manager in IT Industry for Mohali location,TandA HR Solutions,Mohali,2 - 3 Years,2,3
Opening for the JAVA Developer in a IT Company for Chandigarh Location.,TandA HR Solutions,Chandigarh,0 - 3 Years,0,3
Job opening for Academic Writer IT in Ludhiana,TandA HR Solutions,Ludhiana,1 - 3 Years,1,3
The requirement for PHP Developer in IT Industry for Hyderabad location,TandA HR Solutions,Hyderabad/Secunderabad,2 - 5 Years,2,5
Opening for PHP Developer in IT Industry for Chandigarh,TandA HR Solutions,Chandigarh,1 - 2 Years,1,2
Opening for JAVA Developer in IT Industry for Chandigarh,TandA HR Solutions,Chandigarh,1 - 2 Years,1,2
Opening of Dot net developer for Mohali in IT Company,TandA HR Solutions,Mohali,1 - 2 Years,1,2
Looking for the IOS Developer Mohali location in a IT Company.,TandA HR Solutions,Mohali,3 - 6 Years,3,6
Looking for the Training Coordinator for Hyderabad location in a IT Company.,TandA HR Solutions,Hyderabad/Secunderabad,3 - 4 Years,3,4
Hiring for the Siemens PLM for Hyderabad Location in a IT Company.,TandA HR Solutions,Hyderabad/Secunderabad,4 - 6 Years,4,6
Hiring for PHP Developer for an IT Company for Mohali Location,TandA HR Solutions,Mohali,2 - 3 Years,2,3
Opening for WordPress Developer for an IT Company for Mohali Location,TandA HR Solutions,Mohali,1 - 3 Years,1,3
Hiring for the Web Designer for the IT Company in Mohali Location.,TandA HR Solutions,Mohali,0 - 3 Years,0,3
Hiring for PHP Developer for an IT Company for Mohali Location,TandA HR Solutions,Mohali,1 - 5 Years,1,5
Hiring for Software Engineer for Chandigarh location in IT Industry,TandA HR Solutions,Chandigarh,7 - 10 Years,7,10
Hiring for the Java Developer in IT Company for the Mohali location.,TandA HR Solutions,Mohali,3 - 8 Years,3,8
Hiring for the ASP.net c# in a IT Company for Gurgaon location.,TandA HR Solutions,Gurgaon,4 - 8 Years,4,8
Hiring for the ASP.net c# in a IT Company for Gurgaon location.,TandA HR Solutions,Gurgaon,1 - 4 Years,1,4
Requirement for Online Bidder in the IT Industry for Moh,TandA HR Solutions,Mohali,0 - 1 Years,0,1
Looking for the Accountant profile in a IT company for Mohali location.,TandA HR Solutions,Mohali,1 - 2 Years,1,2
Looking for HR Profile in a IT company for Mohali location.,TandA HR Solutions,Mohali,1 - 2 Years,1,2
Opening for WordPress Developer for an IT Company for Mohali Location,TandA HR Solutions,Mohali,0 - 3 Years,0,3
Vacancy for Prestashop developer in IT Company for Bangalore location,TandA HR Solutions,Bengaluru / Bangalore,1 - 4 Years,1,4
Hiring for SEO Executive profile for IT Company in Mohali,TandA HR Solutions,Mohali,5 - 7 Years,5,7
Hiring for Sr. SEO profile for IT Company in Mohali,TandA HR Solutions,Mohali,6 - 7 Years,6,7
Hiring for SEO Executive profile for IT Company in Mohali,TandA HR Solutions,Mohali,0 - 1 Years,0,1
Vacancy for HR Representative in IT Company for Mohali location,TandA HR Solutions,Mohali,2 - 5 Years,2,5
Hiring Desktop Engineer in IT Company for Chennai location,TandA HR Solutions,Chennai,1 - 2 Years,1,2
Vacancy for the -Embedded Systems Engineer for an IT Company in Pune,TandA HR Solutions,Pune,2 - 3 Years,2,3
Looking for Market Researcher in IT company for Pune location,TandA HR Solutions,Pune,1 - 2 Years,1,2
Looking for PHP Developer in IT Company for Ludhiana location,TandA HR Solutions,Ludhiana,2 - 5 Years,2,5
Required SEO Executive for an IT Company in Mohali Location,TandA HR Solutions,Mohali,0 - 1 Years,0,1
Hiring a WordPress Developer in IT Company for Mohali location,TandA HR Solutions,Mohali,1 - 4 Years,1,4
Vacancy for IT Development Manager for Chandigarh in an MNC company,TandA HR Solutions,Chandigarh,8 - 14 Years,8,14
Vacancy for PHP Developer in IT Company for Ludhiana location,TandA HR Solutions,Ludhiana,4 - 7 Years,4,7
Hiring for C Developer for an IT Company in Gurgaon,TandA HR Solutions,Gurgaon,2 - 5 Years,2,5
Vacancy for Android Developer for IT Company in Gurgaon,TandA HR Solutions,Gurgaon,3 - 5 Years,3,5
Opening for Data Engineer for an IT Company in Mohali Location,TandA HR Solutions,Mohali,3 - 5 Years,3,5
Hiring MLOps Engineer for an IT Company in Mohali Location,TandA HR Solutions,Mohali,3 - 5 Years,3,5
Hiring ERP admin for an IT Company in Pune location,TandA HR Solutions,Pune,1 - 4 Years,1,4
Hiring Drupal Developers for an IT company of Pune,TandA HR Solutions,Pune,3 - 6 Years,3,6
Looking for PHP Developer in IT company for Mohali location,TandA HR Solutions,Mohali,1 - 5 Years,1,5
Vacancy for Web Designer in IT company for Mohali location,TandA HR Solutions,Mohali,0 - 1 Years,0,1
Hiring for Community Manager for an IT Company in Gurgaon location,TandA HR Solutions,Gurgaon,1 - 6 Years,1,6
Hiring for Web developer profile for an IT Company in Bangalore,TandA HR Solutions,"Chennai, Bengaluru / Bangalore",1 - 4 Years,1,4
Hiring for IT professional for Hospital for Chandigarh Location.,TandA HR Solutions,Chandigarh,3 - 5 Years,3,5
Hiring for HR Executive for an IT Company for Mohali Location.,TandA HR Solutions,Mohali,1 - 3 Years,1,3
Hiring for Java Developer for an IT Company for Mohali Location.,TandA HR Solutions,Mohali,0 - 3 Years,0,3
Hiring for React Developer for an IT Company for Mohali Location.,TandA HR Solutions,Mohali,1 - 3 Years,1,3
Hiring for Sr Quality Engineer for an IT company in Gurgaon.,TandA HR Solutions,Gurgaon,5 - 7 Years,5,7
Hiring for Angular Developer for an IT company in Bangalore Location.,TandA HR Solutions,Bengaluru / Bangalore,2 - 4 Years,2,4
Role of Business Analyst in a leading IT Company in Chandigarh,TandA HR Solutions,Chandigarh,5 - 7 Years,5,7
Hiring for PHP Developer for Chandigarh Location for an IT Company,TandA HR Solutions,Chandigarh,1 - 2 Years,1,2
Hiring for the PHP Developer for Mohali location in IT Industry,TandA HR Solutions,Mohali,0 - 1 Years,0,1
Job opening for PHP Developer for Mohali in the IT Industry.,TandA HR Solutions,Mohali,3 - 4 Years,3,4
Job opening for ROR Developer for Mohali in the IT Industry.,TandA HR Solutions,Mohali,2 - 4 Years,2,4
Job opening for IOS Developer for Mohali in the IT Industry.,TandA HR Solutions,Mohali,1 - 2 Years,1,2
Job opening for Android Developer for Mohali in the IT Industry.,TandA HR Solutions,Mohali,1 - 3 Years,1,3
Job opening for Java Developer for Mohali in the IT Industry.,TandA HR Solutions,Mohali,4 - 7 Years,4,7
Job opening for Project Manager for Mohali in the IT Industry.,TandA HR Solutions,Mohali,1 - 3 Years,1,3
Opening of Business Analyst for Chandigarh in IT Comapny,TandA HR Solutions,Chandigarh,5 - 8 Years,5,8
Opening for Dot Not profile in IT company at Hyderabad,TandA HR Solutions,Hyderabad/Secunderabad,2 - 5 Years,2,5
Post for Dot Not profile in IT company at Hyderabad,TandA HR Solutions,Hyderabad/Secunderabad,1 - 4 Years,1,4
Requirement for PHP Developer for an IT Company in Mohali Location,TandA HR Solutions,Mohali,2 - 3 Years,2,3
Looking for Project Manager for IT company for Panchkula location,TandA HR Solutions,Panchkula,3 - 6 Years,3,6
Looking for ROR Developer for IT company for Panchkula location,TandA HR Solutions,Panchkula,4 - 7 Years,4,7
Looking for NodeJS Developer for IT company for Panchkula location,TandA HR Solutions,Panchkula,4 - 7 Years,4,7
Hiring for the IT Officer for a Manufacturing Company in Chandigarh Location,TandA HR Solutions,Chandigarh,2 - 3 Years,2,3
Hiring the IT Officer for an Manufacturing Company in Chandigarh,TandA HR Solutions,Chandigarh,2 - 3 Years,2,3
Hiring for the Android Developer for an IT Company in Mohali Location,TandA HR Solutions,Mohali,2 - 5 Years,2,5
Hiring for Junior BDE in Mohali for an IT company,TandA HR Solutions,Mohali,1 - 4 Years,1,4
Opening for Web Developer in Mohali for an IT company,TandA HR Solutions,Mohali,2 - 3 Years,2,3
Post Vacant for IOS Developer in Mohali for an IT company,TandA HR Solutions,Mohali,2 - 3 Years,2,3
Hiring for Marketing Executive in an IT Company for Delhi location.,TandA HR Solutions,Delhi,1 - 4 Years,1,4
A requirement for Marketing Executive in an IT Company for Ludhiana location.,TandA HR Solutions,Ludhiana,1 - 4 Years,1,4
Hiring for the Software Engineer in an IT Company for Ludhiana location.,TandA HR Solutions,Ludhiana,1 - 4 Years,1,4
Requirement for Shopify Developers for an IT company in Bangalore Location,TandA HR Solutions,Bengaluru / Bangalore,1 - 3 Years,1,3
Requirement for the Network Analyst in a IT Company for the Mumbai location,TandA HR Solutions,Mumbai,8 - 15 Years,8,15
Opening for IOS Developer for Mohali location for an IT company,TandA HR Solutions,Mohali,1 - 2 Years,1,2
Hiring for the PHP Developer in a IT Company for the Mohali location.,TandA HR Solutions,Mohali,1 - 3 Years,1,3
Hiring for the Web Developer in a IT Company for Mohali location.,TandA HR Solutions,Mohali,2 - 3 Years,2,3
Hiring for Marketing Executive in Mohali for IT Company,TandA HR Solutions,Mohali,1 - 2 Years,1,2
Hiring for Graphic Designer in Mohali for IT Company,TandA HR Solutions,Mohali,2 - 5 Years,2,5
Hiring for Digital Marketing Executive in Mohali for IT Company,TandA HR Solutions,Mohali,2 - 5 Years,2,5
Hiring for Business Development Manager in Mohali for IT Company,TandA HR Solutions,Mohali,2 - 5 Years,2,5
Hiring for Team Leader for an IT company for Mohali location,TandA HR Solutions,Mohali,2 - 5 Years,2,5
Hiring for the PHP Developer in an IT Company for Chandigarh location.,TandA HR Solutions,Chandigarh,2 - 3 Years,2,3
Opening for Shopify Developers for Bangalore Location for and IT company,TandA HR Solutions,Bengaluru / Bangalore,1 - 3 Years,1,3
Hiring for the PHP Developer in an IT Company for Mohali location.,TandA HR Solutions,Mohali,2 - 5 Years,2,5
Opening for Operation Manager in a IT Company for Bangalore location.,TandA HR Solutions,Bengaluru / Bangalore,0 - 1 Years,0,1
Requirement for PHP Developer for IT Company in Mohali location,TandA HR Solutions,Mohali,0 - 3 Years,0,3
Requirement for iOS Developer for IT Company for Bangalore Location,TandA HR Solutions,Bengaluru / Bangalore,1 - 2 Years,1,2
Hiring for Android Developer for IT Company for Bangalore Location,TandA HR Solutions,Bengaluru / Bangalore,1 - 2 Years,1,2
Opening for Creative Designer in a IT Company for Gurgaon Location,TandA HR Solutions,Gurgaon,2 - 5 Years,2,5
Hiring for Android Developer in IT company for Bangalore Location,TandA HR Solutions,Bengaluru / Bangalore,3 - 6 Years,3,6
Hiring for BDE profile in a IT Company For Mohali Location,TandA HR Solutions,Mohali,5 - 7 Years,5,7
Hiring for HR in MNC IT company for Mohali location,TandA HR Solutions,Mohali,3 - 6 Years,3,6
Opening for .net Freshers in a IT Company for Mohali Location,TandA HR Solutions,Mohali,1 - 3 Years,1,3
Opening for Azure developer in a IT Company For Mohali location,TandA HR Solutions,Mohali,4 - 7 Years,4,7
Hiring for Android developer profile for IT Company in Panchkula,TandA HR Solutions,Panchkula,2 - 3 Years,2,3
Hiring for .net developer profile for IT Company in Panchkula,TandA HR Solutions,Panchkula,2 - 3 Years,2,3
Hiring for Oracle Fusion profile in a IT Company For Panchkula,TandA HR Solutions,Panchkula,2 - 3 Years,2,3
Opening for Logistics Executive in a IT company for Mohali location,TandA HR Solutions,Mohali,1 - 2 Years,1,2
Hiring for theBDEfor IT sales in ITcompany in chandigarhLocation.,TandA HR Solutions,Chandigarh,3 - 6 Years,3,6
Hiring for theITProject Managerprofile for IT company forBangaloreLocation.,TandA HR Solutions,Bengaluru / Bangalore,4 - 5 Years,4,5
Hiring forPythonDeveloperprofile for an IT company for Chandigarh location,TandA HR Solutions,"Chandigarh, Mohali",4 - 8 Years,4,8
Looking for PHP Developer for IT Company for Mohali location,TandA HR Solutions,Mohali,4 - 5 Years,4,5
Job opening for theSEOExecutiveprofile for IT Company for Mohali location,TandA HR Solutions,Mohali,0 - 1 Years,0,1
Urgent hiringfor theFullStackDeveloperfor the IT company in theMohalilocation,TandA HR Solutions,Mohali,3 - 6 Years,3,6
Job Opening for IT Officer profile for Chandigarh location,TandA HR Solutions,"Chandigarh, Mohali",3 - 4 Years,3,4
Urgent hiring for Reactnativedeveloperfor an IT company in Mohali location,TandA HR Solutions,"Bengaluru / Bangalore, Mohali",1 - 3 Years,1,3
Hiringfor theenterprisesalesposition in a IT companyfor the Gurgaon location,TandA HR Solutions,Gurgaon,3 - 5 Years,3,5
Looking for Sales Executive in IT Industry for Bangalore Location,TandA HR Solutions,Bengaluru / Bangalore,3 - 6 Years,3,6
090524 IT Cloud Manager_L8_Hosting Services_a,DXC Technologies,Bengaluru / Bangalore,3 - 8 Years,3,8
Senior Resiliency Analyst  IT Disaster Recovery,Optum Global Solutions  ( India )  Private Limited,Philippines,5 - 8 Years,5,8
Info Security Risk Consultant  IT / IS Compliance or Audit,Optum Global Solutions  ( India )  Private Limited,Philippines,5 - 8 Years,5,8
Unit Manager - IT / Senior Unit Manager - ...,Bajaj Finserv Lending Ltd,Pune,4 - 6 Years,4,6
IT Project Senior Consultant Job Details | SAP,SAP Ariba,Pune,8 - 12 Years,8,12
Recruiters- IT / FMCG / BPO / Oil  &  Gas,Aziels Technologies Pvt Ltd,Noida/Greater Noida,2 - 7 Years,2,7
Senior Data Center IT Support Technician,Microsoft India Pvt Ltd,Unknown,5 - 8 Years,5,8
Senior IT Projektleitung  ( m / w / d ),CGI Information Systems and Management Consultants Pvt Ltd,Germany,5 - 10 Years,5,10
Onsite IT Support Techniker  ( m / f / d ),DXC Technologies,Germany,2 - 5 Years,2,5
Solution Architect - Medical IT  ( m / w / d ),DXC Technologies,Germany,5 - 8 Years,5,8
Senior IT Operations Consultant  Space Unit,CGI Information Systems and Management Consultants Pvt Ltd,"Netherlands, Spain, France",5 - 8 Years,5,8
Senior Consultant Cybersecurity  &  IT risk - Aviation,CGI Information Systems and Management Consultants Pvt Ltd,Netherlands,3 - 10 Years,3,10
IT Project Manager for Energy  &  Utility,CGI Information Systems and Management Consultants Pvt Ltd,Unknown,5 - 7 Years,5,7
Unit Manager - IT / Senior Unit Manager - ...,Bajaj Finserv Lending Ltd,Pune,5 - 8 Years,5,8
IT Automation on IBM Power Product Management,IBM India Pvt Ltd,Bengaluru / Bangalore,2 - 3 Years,2,3
Senior Data Center IT Support Technician  ( DCT ),Microsoft India Pvt Ltd,Japan,2 - 5 Years,2,5
IT Service Desk Specialist  ( m / f / d ),Nagarro India Pvt Ltd,"Germany, Switzerland, France",2 - 4 Years,2,4
Senior Data Center IT Support Technician,Microsoft India Pvt Ltd,Atlanta,2 - 5 Years,2,5
Projektmanager mit IT-Bezug  ( m / w / d ),CGI Information Systems and Management Consultants Pvt Ltd,Germany,5 - 10 Years,5,10
"Lead Specialist ,  IT Support at Fiserv ,  Inc.",fiserv ce pvt ltd,Pune,8 - 11 Years,8,11
"Specialist ,  IT Systems Administration at Fiserv ,  Inc.",fiserv ce pvt ltd,Pune,3 - 5 Years,3,5
"Specialist ,  IT Systems Administration at Fiserv ,  Inc.",fiserv ce pvt ltd,Pune,5 - 8 Years,5,8
IT-Consultant Azure Infrastruktur  ( m / f / d ),CGI Information Systems and Management Consultants Pvt Ltd,Germany,5 - 8 Years,5,8
"Software Engineer , Software Developer",Laxmi Infotech,"Ahmedabad, Delhi, Gurgaon, Kolkata, Noida/Greater Noida",0 - 3 Years,0,3
"Software engineer - , .net / c# / asp.net / vb.net / SQL Server",New Global Technologies,"Bengaluru / Bangalore, Chennai, Hyderabad/Secunderabad, Mumbai, Pune",0 - 3 Years,0,3
System / IT Support Engineer Bangalore Tech  Network / IT admin  /  Consultant  /  On-site,epifi - asuureedge global services pvt ltd,Bengaluru / Bangalore,4 - 7 Years,4,7
Opening for Java Technical Lead in IT MNC Company for IT Park Chandigarh Location,TandA HR Solutions,Chandigarh,8 - 12 Years,8,12
Hiring for the IT Support profile for an IT company for Gurgaon location  ( work from office ),TandA HR Solutions,Gurgaon,3 - 8 Years,3,8
Opening for the IT Admin profile for an IT company for Gurgaon location  ( work from office ),TandA HR Solutions,Gurgaon,3 - 8 Years,3,8
Looking for Hardware Engineer in IT Infrastructure Department for an IT Solutions Provider Company for Karnataka Locati,TandA HR Solutions,Kolar,1 - 4 Years,1,4
Vacancy for Sr. IT System Engineer profile in MNC IT Company in Mohali location,TandA HR Solutions,Mohali,5 - 7 Years,5,7
Job Opening for IT System Engineer profile in MNC IT Company in Mohali location,TandA HR Solutions,Mohali,5 - 7 Years,5,7
"Technical Delivery Manager , Technical Associate",HR Jobs Placements,"Ahmedabad, Bengaluru / Bangalore, Chennai, Delhi, Gurgaon",9 - 14 Years,9,14
QA Engineer  / software testing,New Global Technologies,"Bengaluru / Bangalore, Chennai, Hyderabad/Secunderabad, Mumbai, Pune",0 - 3 Years,0,3
Hiring For Varonis,krazy mantra hr solutions,"Chennai, Bengaluru / Bangalore",5 - 9 Years,5,9
Senior Executive,SEVEN CONSULTANCY,"Delhi, Delhi/NCR",2 - 5 Years,2,5
Business Development Executive,SEVEN CONSULTANCY,"Hyderabad/Secunderabad, Chennai",3 - 6 Years,3,6
Sr Manager,SEVEN CONSULTANCY,Hyderabad/Secunderabad,0 - 3 Years,0,3
Associate Technical Recruiter,RANGAM INFOTECH PVT. LTD.,Vadodara,0 - 3 Years,0,3
Business Development Executive,SplendorNet Technologies Pvt. Ltd.,Pune,1 - 2 Years,1,2
HR Executive  /  Recruiter,Doconline Health India,Hyderabad/Secunderabad,1 - 4 Years,1,4
HR Executive,Boyen Haddin Consultants LLP,Mumbai,0 - 3 Years,0,3
Business Development Executive,axnol digital solutions private limited,Thiruvananthapuram,1 - 4 Years,1,4
Job Opening for Android Developers,TandA HR Solutions,"Chandigarh, Mohali",2 - 4 Years,2,4
SEO EXECUTIVE,Webrife Infotech Systems,Noida/Greater Noida,2 - 7 Years,2,7
Schlerpraktikum  ( schulisches Pflichtpraktikum ),Dell India,Germany,0 - 3 Years,0,3
"Site IT Lead - SAP ,  Infrastructure ,  Information Security ,  Pharma",infinity business solutions pvt ltd,Hyderabad/Secunderabad,10 - 20 Years,10,20
Urgent hiring for the US IT Recruiter t for an US based company in Mohali location.,TandA HR Solutions,Mohali,3 - 7 Years,3,7
Opening for Tech Support Candidate for an IT and Networking Company for Mohali Location,TandA HR Solutions,Mohali,0 - 1 Years,0,1
"Senior Manager ,  Information Security Risk  IT Internal Audit",Optum Global Solutions  ( India )  Private Limited,Philippines,7 - 10 Years,7,10
IT Security Consultant for Identity and Access Management  ( IAM )  Job Details | SAP,SAP Ariba,Bengaluru / Bangalore,3 - 6 Years,3,6
Job Opening for IT Support Engineer in Manufacturing Company for Delhi location,TandA HR Solutions,Delhi,2 - 3 Years,2,3
Hiring for theHardware Server Engineerprofile for a IT Hardware company for Chennai and Delhilocations,TandA HR Solutions,"Chennai, Delhi",2 - 5 Years,2,5
Job opening for Talent Acquisition Specialist for an IT company in Mohali location,TandA HR Solutions,Mohali,2 - 4 Years,2,4
Job opening forTalent AcquisitionSpecialist for an IT company in Mohali location,TandA HR Solutions,Mohali,2 - 4 Years,2,4
Senior IT Recruiter Job at Glan Management Consultancy ! Noida,glan management consultancy pvt. ltd.,Noida/Greater Noida,3 - 6 Years,3,6
"Information Security Risk Manager  IT Audit ,  ITGC Controls",Optum Global Solutions  ( India )  Private Limited,Philippines,4 - 6 Years,4,6
Urgent opening for IT Manager for a Law Firm in Delhi Location,TandA HR Solutions,Delhi,6 - 10 Years,6,10
Info Security Risk Consultant  IT Security or Audit and ITGC Controls,Optum Global Solutions  ( India )  Private Limited,Philippines,4 - 7 Years,4,7
INTERNATIONAL BUSINESS MANAGER,infoicon technologies pvt ltd.,"Delhi, Delhi/NCR, Noida/Greater Noida",1 - 3 Years,1,3
Hiring For IT-Principal Data Engineering / 29 / TEC046,krazy mantra hr solutions,"Chennai, Bengaluru / Bangalore, Pune",7 - 10 Years,7,10
Production Support Engineer  /  Senior Software Engineer  /  IT Associate,LAKSH HUMAN RESOURCE,Mumbai,3 - 5 Years,3,5
