Job Title,Company Name,Location,Experience (Years)
Abroad Requirement IT Manager,RECRUITMENT CANADA IMMIGRATION CANADA,"Australia,  Canada",7 - 12 Years
"""IT Sales Executive"" , Business Development Executive",Serviots technology Pvt Ltd,Ahmedabad,2 - 6 Years
Facilities Manager,Sameer namdep Kedari,"Bengaluru / Bangalore,  Sibsagar,  Bhagalpur,  Muzaffarpur,  Patna",4 - 9 Years
SAP Experienced Candidates,TORRENT POWER LIMITED,Ahmedabad,3 - 5 Years
Technician- Electrical Maintenance,Suman kumar,"Delhi,  Gurgaon,  Pune,  Indore,  Bhubaneshwar",5 - 10 Years
React Native Developer,Management And Computer Consultants,Kolkata,1 - 4 Years
Site  Engineer  Job In  AUSTRALIA,World wide Immigration Service Llp,Australia,4 - 8 Years
QA | QC Engineer  Job In CANADA,World wide Immigration Service Llp,Canada,3 - 8 Years
Sr. Sales Engineer /  Sales Manager,Ambetronics Engineers Pvt. Ltd.,Mumbai,10 - 15 Years
MDM Data Analyst,Techno Wise,Pune,2 - 7 Years
Software Engineer Job In  GERMANY,ADAL IMMIGRATIONS LLP,Germany,3 - 8 Years
QA | QC Engineer  Job In AUSTRALIA,World wide Immigration Service Llp,Australia,4 - 8 Years
Network  Engineer Job In AUSTRALIA,World wide Immigration Service Llp,Australia,4 - 8 Years
QA | QC Engineer  Job In NEW ZEALAND,World wide Immigration Service Llp,New Zealand,3 - 8 Years
Hardware  Engineer  Job In ABROAD,World wide Immigration Service Llp,"Canada,  Singapore,  null,  null,  null",2 - 7 Years
Java - Sr. Developer  /  Lead - J48543,SAMPOORNA CONSULTANTS PVT LTD,Mumbai,6 - 11 Years
Software Engineer,FLARIAL SERVICES LLP,"Australia,  Canada,  Germany,  Singapore",3 - 8 Years
Selenium with Java Trainer,TMOKSHA TECHNOLOGIES PRIVATE LIMITED,Pune,3 - 8 Years
"SAP Basis Consultant , Senior SAP Basis Consultant",Techno Wise,Pune,7 - 12 Years
Field Sales  &  Marketing Executive,ABC Brothers Tech I Pvt Ltd,Ahmedabad,1 - 2 Years
Chief Executive Officer  ( CEO ),Sarosh Karki,"Ahmedabad,  Bengaluru / Bangalore,  Chennai,  Kolkata,  Pune",5 - 10 Years
"Orbit Wallet - React ,  MERN Stack ,  Backend Intern roles",ACCIOJOB PRIVATE LIMITED,Bengaluru / Bangalore,0 - 1 Years
AWS Solution Architect Internship in Pune,Maxgen Technologies,"Pune,  Amravati,  Dhule,  Sangli,  Satara",0 - 1 Years
Java Internship in Pune,Maxgen Technologies,"Pune,  Jalgaon,  Kolhapur,  Nagpur,  Solapur",0 - 1 Years
MARKETING EXECUTIVE,SV ELECTRONICS,"Aurangabad,  Nasik",1 - 2 Years
SAP proffessionals,TORRENT POWER LIMITED,Ahmedabad,3 - 5 Years
Business Analyst,Management And Computer Consultants,Kolkata,2 - 4 Years
"""CalibrationEngineer"" , Electrical Control Engineer",PUNYAM ACADEMY PRIVATE LIMITED,Ahmedabad,1 - 5 Years
Software Engineer  Job In NEW ZEALAND,World wide Immigration Service Llp,New Zealand,3 - 8 Years
Java Full Stack Developer - J48544,SAMPOORNA CONSULTANTS PVT LTD,Mumbai,8 - 12 Years
Mern Stack Internship in Ahmedabad,Maxgen Technologies,"Ahmedabad,  Anand,  Gandhinagar,  Mehsana,  Surat",0 - 1 Years
.net Core Developer,Management And Computer Consultants,Kolkata,2 - 6 Years
Executive - SAP BASIS,TORRENT POWER LIMITED,Ahmedabad,3 - 5 Years
Commercial Inventory Associate 42396 GGN - J48545,SAMPOORNA CONSULTANTS PVT LTD,Gurgaon,1 - 3 Years
Data Science Internship in Ahmedabad,Maxgen Technologies,"Ahmedabad,  Bhavnagar,  Junagarh,  Rajkot,  Surendranagar",0 - 1 Years
OVERSEAS JOB - APPLICATION DEVELOPMENT -  INTERNATIONAL LOCATION,RECRUITMENT CANADA IMMIGRATION CANADA,Canada,8 - 13 Years
ABROAD REQUIREMENT - DBA  / ORACAL  / SQL - INTERNATIONAL LOCATION,RECRUITMENT CANADA IMMIGRATION CANADA,"Australia,  Canada,  Other International Location(s)",8 - 13 Years
ABROAD JOB OFFER - CORPORATE SALES - CAN AUS NZ DM UK GULF,RECRUITMENT CANADA IMMIGRATION CANADA,"Australia,  Canada,  Other International Location(s)",8 - 13 Years
Internation Job for Tour  &  Traval - canada Austraia,RECRUITMENT CANADA IMMIGRATION CANADA,"Canada,  Other International Location(s)",10 - 15 Years
REQUIREMENT - HOSPITALITY JOB OFFER  - CANADA AUSTRALIA,RECRUITMENT CANADA IMMIGRATION CANADA,"Canada,  Other International Location(s)",11 - 16 Years
Senior Control System Engineer in Abroad - CAN AUS NZ DN,RECRUITMENT CANADA IMMIGRATION CANADA,"Dubai,  Australia,  Canada,  Hong Kong",8 - 13 Years
Abroad Requiremen - Software Testing     - CANADA  /   AUSTRALIA,RECRUITMENT CANADA IMMIGRATION CANADA,"Other Gulf/Middle East Location(s),  Australia,  Canada",8 - 13 Years
ABROAD REQUIREMENT- SENIOR UI  ENGINEER -CANADA  /  AUSTRALIA,RECRUITMENT CANADA IMMIGRATION CANADA,"Australia,  Canada,  Hong Kong,  New Zealand",8 - 13 Years
Abroad Requirement  /  Software Engineer    ( CANADA  /  AUSTRALIA ),RECRUITMENT CANADA IMMIGRATION CANADA,"Australia,  Canada",8 - 13 Years
Abroad Requiremen - Software Testing     - CANADA  /   AUSTRALIA,RECRUITMENT CANADA IMMIGRATION CANADA,"Other Gulf/Middle East Location(s),  Australia,  Canada",8 - 13 Years
OVERSEAS REQUIREMENT  - SENIOR SOFTWARE DEVELOPER  - CAN AUS UK,RECRUITMENT CANADA IMMIGRATION CANADA,"Dubai,  Australia,  Canada,  Hong Kong,  New Zealand",8 - 13 Years
ABROAD JOB OFFER - BANKING ALL PROFILE - CANADA - AUSTRALIA,RECRUITMENT CANADA IMMIGRATION CANADA,"Canada,  Other International Location(s)",5 - 10 Years
ABROAD  REQUIREMENT - SUPPLY CHAIN – AUSTRALIA  /  CANADA,RECRUITMENT CANADA IMMIGRATION CANADA,"Australia,  Canada",8 - 13 Years
ABROAD JOBS - BUSINESS  &  PROJECT HEAD - CANADA  /  AUSTRALIA,RECRUITMENT CANADA IMMIGRATION CANADA,"Australia,  Canada,  Other International Location(s)",12 - 17 Years
ABROAD JOB REQUIREMENT - WINDOW ADMIN - CANADA  /  AUSTRALIA,RECRUITMENT CANADA IMMIGRATION CANADA,"Dubai,  Australia,  Canada,  Hong Kong,  New Zealand",12 - 17 Years
"""Lead Python Developer""",Sparks To Ideas,Ahmedabad,0 - 2 Years
Software Developer  ( .net Developer ),Ambetronics Engineers Pvt. Ltd.,Mumbai,1 - 3 Years
"IT Auditor , IT Audit",Next Step Associates,Mumbai,5 - 9 Years
IT Manager,HUE SERVICE PRIVATE LIMITED,"Kolkata,  Guwahati,  Patna,  Ranchi,  Bhubaneshwar",5 - 10 Years
IT sales,Hiring Plus,"Mumbai,  Navi Mumbai,  Thane",1 - 2 Years
IT Recruiter,SKYWALK VISA IMMIGRATION SERVICES LLP,,2 - 7 Years
IT Manager,Sunil,"Mauritius,  New Zealand,  Thailand,  null,  null",2 - 7 Years
IT Manager,Sunil,"Turkey,  Bangladesh,  Indonesia,  Malaysia,  Maldives",2 - 7 Years
IT Manager,Sunil,"Dubai,  Fujairah,  Ras Al Khaimah,  Sharjah,  Um Al Qaiwan",2 - 7 Years
IT Manager,Sunil,"Eastern Province,  Jeddah,  Abu Dhabi,  Al Ain,  Ajman",2 - 7 Years
IT Manager,Sunil,"Kuwait City,  Beirut,  Muscat,  Doha,  Al Madina Al Munawarah",2 - 7 Years
IT Recruiter,SKYWALK VISA IMMIGRATION SERVICES LLP,,2 - 7 Years
IT Manager,Sunil,"Kolkata,  Malda,  Midnapur,  Raniganj,  Siliguri",2 - 7 Years
IT Manager,Sunil,"Asansol,  Burdwan,  Durgapur,  Haldia,  Kharagpur",2 - 7 Years
IT Manager,Sunil,"Haldwani,  Haridwar,  Nainital,  Roorkee,  Rudrapur",2 - 7 Years
IT Manager,Sunil,"Muzaffarnagar,  Noida/Greater Noida,  Saharanpur,  Varanasi / Banaras,  Dehradun",2 - 7 Years
IT Manager,Sunil,"Kanpur,  Lucknow,  Mathura,  Meerut,  Moradabad",2 - 7 Years
IT Manager,Sunil,"Allahabad,  Bareilly,  Faizabad,  Ghaziabad,  Gorakhpur",2 - 7 Years
IT Manager,Sunil,"Tuticorin,  Vellore,  Agartala,  Agra,  Aligarh",2 - 7 Years
IT Manager,Sunil,"Ooty,  Salem,  Thanjavur,  Tirunelveli,  Trichy",2 - 7 Years
IT Manager,Sunil,"Erode,  Hosur,  Kanniyakumari,  Madurai,  Nagercoil",2 - 7 Years
IT Manager,Sunil,"Udaipur,  Gangtok,  Chennai,  Coimbatore,  Cuddalore",2 - 7 Years
IT Manager,Sunil,"Bikaner,  Jaipur,  Jaisalmer,  Jodhpur,  Kota",2 - 7 Years
IT Supervisor,Personnel Selexions - Executive Search,,2 - 7 Years
IT Manager,Sunil,"Patiala,  Ropar,  Sangrur,  Ajmer,  Alwar",2 - 7 Years
IT Manager,Sunil,"Moga,  Mohali,  Muktsar,  Nawanshahr,  Pathankot",2 - 7 Years
IT Manager,Sunil,"Bathinda,  Faridkot,  Fatehgarh Sahib,  Ferozepur,  Gurdaspur",2 - 7 Years
IT Manager,Sunil,"Paradeep,  Puri,  Rourkela,  Amritsar,  Batala",2 - 7 Years
IT Manager,Sunil,"Hoshiarpur,  Jalandhar,  Kapurthala,  Ludhiana,  Mansa",2 - 7 Years
IT Manager,Sunil,"Aizawal,  Dimapur,  Kohima,  Bhubaneshwar,  Cuttack",2 - 7 Years
IT Manager,Sunil,"Vasai,  Virar,  Yavatmal,  Imphal,  Shillong",2 - 7 Years
IT Manager,Sunil,"Aurangabad,  Bhiwandi,  Bhusawal,  Buldhana,  Chandrapur",2 - 7 Years
IT Manager,Sunil,"Pune,  Sangli,  Satara,  Solapur,  Thane",2 - 7 Years
IT Manager,Sunil,"Mumbai,  Nagpur,  Nanded,  Nasik,  Navi Mumbai",2 - 7 Years
IT Manager,Sunil,"Kalyan,  Kolhapur,  Latur,  Lonavala,  Mahabaleshwar",2 - 7 Years
IT Manager,Sunil,"Dhule,  Dombivali,  Gondia,  Hinganghat,  Jalgaon",2 - 7 Years
IT Manager,Sunil,"Indore,  Jabalpur,  Katni,  Ratlam,  Sagar",2 - 7 Years
IT Manager,Sunil,"Palakkad,  Thiruvananthapuram,  Thrissur,  Bhopal,  Gwalior",2 - 7 Years
IT Manager,Sunil,"Jammu,  Kargil,  Kathua,  Kupwara,  Leh",2 - 7 Years
IT Manager,Sunil,"Kaithal,  Karnal,  Kurukshetra,  Mahendergarh,  Narnaul",2 - 7 Years
IT Manager,Sunil,"Gulbarga,  Hubli,  Kolar,  Mangalore,  Mysoru / Mysore",2 - 7 Years
IT Manager,Sunil,"Bellary,  Bengaluru / Bangalore,  Bidar,  Davanagere,  Dharwad",2 - 7 Years
IT Manager,Sunil,"Calicut/ Kozhikode,  Cochin/ Kochi/ Ernakulam,  Kannur,  Kollam,  Kottayam",2 - 7 Years
IT Manager,Sunil,"Bokaro,  Dhanbad,  Jamshedpur,  Ranchi,  Belgaum",2 - 7 Years
IT Manager,Sunil,"Panchkula,  Panipat,  Rewari,  Rohtak,  Sirsa",2 - 7 Years
IT Manager,Sunil,"Poonch,  Pulwama,  Rajouri,  Srinagar,  Udhampur",2 - 7 Years
IT Manager,Sunil,"Dalhousie,  Dharamshala,  Hamirpur,  Kangra,  Kasauli",2 - 7 Years
IT Manager,Sunil,"Una,  Anantnag,  Baramulla,  Budgam,  Doda",2 - 7 Years
IT Manager,Sunil,"Nalagarh,  Parwanoo,  Shimla,  Sirmaur,  Solan",2 - 7 Years
IT Manager,Sunil,"Kinnaur,  Kullu,  Lahaul & Spiti,  Manali,  Mandi",2 - 7 Years
IT Manager,Sunil,"Fatehabad,  Gurgaon,  Hissar,  Jhajjar,  Jind",2 - 7 Years
IT Manager,Sunil,"Sonepat,  Yamunanagar,  Baddi,  Bilaspur,  Chamba",2 - 7 Years
IT Manager,Sunil,"Wankaner,  Ambala,  Bhiwani,  Chandigarh,  Faridabad",2 - 7 Years
IT Manager,Sunil,"Surat,  Surendranagar,  Vadodara,  Valsad -Vapi,  Veraval",2 - 7 Years
IT Manager,Sunil,"Navsari,  Palanpur,  Patan,  Porbandar,  Rajkot",2 - 7 Years
IT Manager,Sunil,"Kalol,  Kandla,  Mehsana,  Morbi,  Nadiad",2 - 7 Years
IT Manager,Sunil,"Satna,  Ujjain,  Ahmednagar,  Akola,  Amravati",2 - 7 Years
IT Manager,Sunil,"Godhra,  Gondal,  Jamnagar,  Jetpur,  Junagarh",2 - 7 Years
IT Manager,Sunil,"Muzaffarpur,  Patna,  Bhilai-Durg,  Bilaspur,  Raipur",2 - 7 Years
IT Manager,Sunil,"Dahod,  Deesa,  Gandhidham,  Gandhinagar,  Gir",2 - 7 Years
IT Manager,Sunil,"Ankleshwar,  Bharuch,  Bhavnagar,  Bhuj,  Botad",2 - 7 Years
IT Manager,Sunil,"Panjim/Panaji,  Vasco Da Gama,  Ahmedabad,  Amreli,  Anand",2 - 7 Years
IT Manager,Sunil,"Nizamabad,  Ongole,  Rajahmundry,  Sangareddy,  Srikakulam",2 - 7 Years
IT Manager,Sunil,"Bongaigaon,  Dhubri,  Dibrugarh,  Guwahati,  Jorhat",2 - 7 Years
IT Manager,Sunil,"Tirupati,  Vijayawada,  Visakhapatnam,  Warangal,  Itanagar",2 - 7 Years
IT Manager,Sunil,"Adilabad,  Anantapur,  Chittoor,  Cuddapah,  Guntakal",2 - 7 Years
IT Manager,Sunil,"Kurnool,  Mahabubnagar,  Medak,  Nalgonda,  Nellore",2 - 7 Years
IT Manager,Sunil,"Guntur,  Hyderabad/Secunderabad,  Kakinada,  Karimnagar,  Khammam",2 - 7 Years
IT Executive,Electrobrain modern technologies pvt ltd,"Delhi,  Delhi/NCR,  Gurgaon,  Noida/Greater Noida,  Pune",3 - 8 Years
IT Manager,Sunil,"Sibsagar,  Silchar,  Tezpur,  Tinsukia,  Bhagalpur",2 - 7 Years
IT Engineer,Anshi Immigration Private Limited,Canada,4 - 9 Years
Director Sales IT,One World,Bengaluru / Bangalore,8 - 13 Years
Business Development Manager - IT System Integrator,Suhail Nizamuddin shaikh,"Hyderabad/Secunderabad,  Kolkata,  Mumbai,  Noida/Greater Noida,  Pune",5 - 10 Years
Senior US IT Recuiter - J48498,SAMPOORNA CONSULTANTS PVT LTD,Hyderabad/Secunderabad,5 - 10 Years
IT Recruiter Job In AUSTRALIA,ADAL IMMIGRATIONS LLP,Australia,3 - 8 Years
Technical Recruiter - J48371,SAMPOORNA CONSULTANTS PVT LTD,Chennai,8 - 12 Years
IT Recruiter Job  In GERMANY,ADAL IMMIGRATIONS LLP,Germany,5 - 10 Years
IT Project Manager,Advance Consultancy Services,Other City(s) in Saudi Arabia,2 - 7 Years
IT Recruiter Job  In USA,ADAL IMMIGRATIONS LLP,,8 - 13 Years
IT Recruiter Job In MALTA,ADAL IMMIGRATIONS LLP,,3 - 8 Years
IT - Sales Execuitve,Whitekraaft Solutions LLP,"Bengaluru / Bangalore,  Hyderabad/Secunderabad,  Pune",5 - 9 Years
IT Recruiter Job In  USA,ADAL IMMIGRATIONS LLP,,5 - 10 Years
IT Recruiter Required In UAE,ADAL IMMIGRATIONS LLP,,7 - 12 Years
IT architecture immigrate to Canada,World Overseas immigration Consultancy Pvt Ltd,"Australia,  Canada",2 - 7 Years
IT Delivery Managers,KALINDI IMMIGRATION CONSULTANTS PRIVATE LIMITED,"Australia,  Canada,  Singapore,  UK,  null",1 - 6 Years
IT-PMO - J48513,SAMPOORNA CONSULTANTS PVT LTD,Mumbai,2 - 4 Years
IT Support Engineer,Victory Educational Consultants,"Los Angeles,  Chicago,  Washington DC,  Detroit,  Newark",6 - 11 Years
IT-PMO - J48513,SAMPOORNA CONSULTANTS PVT LTD,Mumbai,2 - 4 Years
IT Software Engineer,SKYWALK VISA IMMIGRATION SERVICES LLP,"Australia,  Canada,  New Zealand,  Singapore,  null",1 - 6 Years
IT Engineer Job In USA,CLOUD VISA IMMIGRATION LLP,"Canada,  null",3 - 8 Years
IT Project Managers,Navyah Immigration Services Private Limited,"Australia,  Canada,  null,  null,  null",2 - 5 Years
IT Project Manager,Professional HR Solutions,"Ahmedabad,  Bengaluru / Bangalore,  Chennai,  Delhi/NCR,  Kolkata",5 - 10 Years
Urgent Hiring For IT Analyst,Rahul jatav,"Calicut/ Kozhikode,  Cochin/ Kochi/ Ernakulam,  Kottayam,  Thiruvananthapuram,  Thrissur",0 - 3 Years
IT Support Engineer,Viraj Infotech,Mumbai,1 - 2 Years
Urgent Hiring For IT Analyst,Rahul jatav,"Bengaluru / Bangalore,  Dharwad,  Gulbarga,  Hubli,  Mangalore",0 - 3 Years
IT project Internship,Sparks To Ideas,Ahmedabad,0 - 1 Years
IT project Internship,Sparks To Ideas,Ahmedabad,0 - 1 Years
Urgent Hiring For IT Analyst,Rahul jatav,"Mumbai,  Pune,  Aurangabad,  Nagpur,  Solapur",0 - 3 Years
IT Recruiter Job  In NEW ZEALAND,ADAL IMMIGRATIONS LLP,New Zealand,3 - 8 Years
"""Area Sales Executive  /  Manager""",HUE SERVICE PRIVATE LIMITED,"Kolkata,  Guwahati,  Patna,  Raipur,  Ranchi",4 - 9 Years
IT  Software Engineer Job In MALTA,PRIMEX IMMIGRATION LLP,,4 - 8 Years
IT Sales Manager – Government Tender,HUE SERVICE PRIVATE LIMITED,"Kolkata,  Patna,  Other City(s) in Jharkhand,  Bhubaneshwar",5 - 10 Years
IT  Software Engineer Job In CANADA,PRIMEX IMMIGRATION LLP,Canada,3 - 8 Years
IT  Software Engineer Job In GERMANY,PRIMEX IMMIGRATION LLP,Germany,5 - 10 Years
Senior Technical Support Expert  /  International Customer Support,White Horse Manpower Consultancy P Ltd,Bengaluru / Bangalore,1 - 6 Years
Senior Director - Talent Acquisition,One World,"Gurgaon,  Hyderabad/Secunderabad,  Pune",20 - 25 Years
IT  Software Engineer Job In DUBAI,PRIMEX IMMIGRATION LLP,Dubai,3 - 8 Years
Fresher - Technical Support  /  Voice  /  Bpo  /  2022 Passed out,White Horse Manpower Consultancy P Ltd,Bengaluru / Bangalore,0 - 3 Years
IT Recruiters For IT Companies in White Horse Manpower BLR,White Horse Manpower Consultancy P Ltd,Bengaluru / Bangalore,1 - 5 Years
"""Urgent Job opening Software Engineer In Canada""",Anshi Immigration Private Limited,Canada,4 - 9 Years
HR Recruiter,TALENTPULL AND INFRASTRUCTURE PRIVATE LIMITED,Mohali,1 - 4 Years
IT  Software Engineer Required In  NEW ZEALAND,PRIMEX IMMIGRATION LLP,New Zealand,4 - 8 Years
SAP   Fresher walk  @ Valen IT,Valen IT Solutions,"Hyderabad/Secunderabad,  Vijayawada,  Visakhapatnam",0 - 3 Years
MBA Fresher walk in  @ Valen IT,Valen IT Solutions,"Hyderabad/Secunderabad,  Vijayawada,  Visakhapatnam",0 - 3 Years
Remote Jobs In IT For Golang DevOps GCP Engineer,White Horse Manpower Consultancy P Ltd,Bengaluru / Bangalore,4 - 9 Years
IT Manager Jobs in Canada  /  Australia  /  New Zealand,Srv global consultancy Pvt Ltd,"Australia,  Canada,  New Zealand",3 - 8 Years
US ITRecruiter,Maven Workforce Pvt. Ltd.,Noida/Greater Noida,5 - 10 Years
SAP Consultant,Times Business Solution,"Mumbai,  Navi Mumbai,  Thane",3 - 8 Years
"""HR Recruitment Executive""",Pragmatic Solution,Delhi,0 - 2 Years
Software Engineer Jobs in Germany,TALENT VAULT LLP,"Australia,  Canada,  New Zealand,  Singapore",3 - 8 Years
AWS with DataBricks exp in Spark / Pyspark Bangalore IT company,White Horse Manpower Consultancy P Ltd,Bengaluru / Bangalore,4 - 9 Years
"IT Jobs in CCNA Networking ,  Facets ,  JavaJava Full stack ,  Node JS",White Horse Manpower Consultancy P Ltd,"Bengaluru / Bangalore,  Chennai,  Hyderabad/Secunderabad",3 - 8 Years
Business Development Manager,Suhail Nizamuddin shaikh,"Ahmedabad,  Bengaluru / Bangalore,  Chennai,  Delhi,  Delhi/NCR",5 - 10 Years
"IT HELP Desk Pune ,  Bangalore HYD Kolkata 6.2lks",White Horse Manpower Consultancy P Ltd,"Bengaluru / Bangalore,  Hyderabad/Secunderabad,  Kolkata",1 - 3 Years
Fresh Graduates for Technical Support  Voice  IT Help desk  CCNA,White Horse Manpower Consultancy P Ltd,Bengaluru / Bangalore,1 - 5 Years
"IT Recruiter  , HR Exicutive , HR manager",New Global Technologies,"Ahmedabad,  Chennai,  Gurgaon,  Kolkata,  Noida/Greater Noida",0 - 3 Years
Business development executive,Career Job Solution,"Delhi,  Noida/Greater Noida,  Ghaziabad",3 - 8 Years
Digital marketing sales,Career Job Solution,"Delhi,  Noida/Greater Noida,  Ghaziabad",3 - 8 Years
Business Development Management,Career Job Solution,"Delhi,  Noida/Greater Noida,  Ghaziabad",3 - 8 Years
Freelance Recruiters for BPO Hiring WFH,sharda consultancy Services,"Delhi/NCR,  Gurgaon,  Noida/Greater Noida",1 - 5 Years
Sales Development Representative,DANUSH SYSTEMS AND SOLUTIONS,Bengaluru / Bangalore,2 - 4 Years
Recruiter  Job In USA,World wide Immigration Service Llp,,5 - 10 Years
Business Development Officers,Navyah Immigration Services Private Limited,"Dubai,  Australia,  Canada,  Singapore,  null",2 - 5 Years
"HR Manager , Hr Executive",AppSoft Solutions,"Bengaluru / Bangalore,  Chennai,  Delhi,  Mumbai,  Pune",0 - 3 Years
"Jobs In IT Sector Oracle Apps EBS-SCM Python ,  React Sapabap / HANA",White Horse Manpower Consultancy P Ltd,"Bengaluru / Bangalore,  Chennai,  Hyderabad/Secunderabad",3 - 8 Years
IT Procurement,HR Jobs Placements,"Ahmedabad,  Bengaluru / Bangalore,  Chennai,  Delhi,  Gurgaon",5 - 10 Years
"Accounts Manager , Account Manager , Senior Account Manager",MDD Medical Systems India Pvt Ltd,"Gurgaon,  Faridabad",6 - 11 Years
"IT Jobs in Service  SAP TM PM PP ,  Oracle Apps ,  Pune  Hyderabad",White Horse Manpower Consultancy P Ltd,"Bengaluru / Bangalore,  Hyderabad/Secunderabad,  Pune",3 - 8 Years
Data Administrator,Rahul jatav,"Calicut/ Kozhikode,  Cochin/ Kochi/ Ernakulam,  Palakkad,  Thiruvananthapuram,  Thrissur",0 - 3 Years
Google Technical Support Executive troubleshooting Voice  Jobs,White Horse Manpower Consultancy P Ltd,"Bengaluru / Bangalore,  Hyderabad/Secunderabad,  Pune",1 - 6 Years
ServiceDesk Voice Support  Active Directory Exp  ticketingtools,White Horse Manpower Consultancy P Ltd,Bengaluru / Bangalore,1 - 5 Years
Technical Recruiter | Ludhiana,LifeInsuranceJobs . in,Ludhiana,0 - 3 Years
HR Exectuvie,Whitekraaft Solutions LLP,Hyderabad/Secunderabad,0 - 1 Years
Recruitment Officer | Ludhiana,LifeInsuranceJobs . in,Ludhiana,0 - 3 Years
Director Student placements,SNJ Skye Management Consultant,Kanpur,10 - 15 Years
HR Executive- Talent Acquisition | Ludhiana,LifeInsuranceJobs . in,Ludhiana,0 - 3 Years
HR Executive- Talent Acquisition | Ludhiana,LifeInsuranceJobs . in,Ludhiana,0 - 3 Years
Manager Corporate Relation Placements Engineering College,SNJ Skye Management Consultant,Kanpur,2 - 7 Years
Business Development Manager,MOBILE COMMUNICATIONS INDIA PRIVATE LIMITED,"Delhi,  Delhi/NCR,  Gurgaon,  Noida/Greater Noida",2 - 7 Years
Enterprise Architect Manager,Ample Leap Cognition,Faridabad,8 - 13 Years
Technical Recruiter | Ludhiana,LifeInsuranceJobs . in,Ludhiana,0 - 3 Years
Recruitment Officer | Ludhiana,LifeInsuranceJobs . in,Ludhiana,0 - 3 Years
Canada # Engineer Manager,Anshi Immigration Private Limited,Canada,4 - 9 Years
HR Executive | Ludhiana,LifeInsuranceJobs . in,Ludhiana,0 - 3 Years
"""Business Development Executive  ( BDE ) """,Multi fold IT Solutions private limited,"Ambala,  Faridabad,  Karnal,  Panipat,  Yamunanagar",1 - 2 Years
HR Executive- Talent Acquisition | Ludhiana,LifeInsuranceJobs . in,Ludhiana,0 - 3 Years
IT Procurement,HR Jobs Placements,"Hyderabad/Secunderabad,  Kolkata,  Mumbai,  Noida/Greater Noida,  Pune",5 - 10 Years
Jobs for Aircraft Maintenance at Airport,Akash A,"Bengaluru / Bangalore,  Hyderabad/Secunderabad,  Vijayawada,  Ahmedabad,  Gulbarga",0 - 3 Years
HR Coordinator,M.gheewala Global HR Consultants,Dubai,3 - 8 Years
"""Full Stack Java Developer""",SHREE ADISHAKTHI CONSULTANCY,"Bengaluru / Bangalore,  Chennai,  Mumbai,  Pune",5 - 10 Years
Senior Human Resources Consultant,M.gheewala Global HR Consultants,"Chennai,  Delhi,  Mumbai",8 - 13 Years
Cyber Security Analyst jobs in Canada - Australia - Singapore,Srv global consultancy Pvt Ltd,"Australia,  Canada",2 - 7 Years
"B.E  , B.tech  , Diploma engineer-fresher / trainee",New Global Technologies,"Ahmedabad,  Delhi/NCR,  Gurgaon,  Kolkata,  Noida/Greater Noida",0 - 3 Years
IT Applications Analyst / Developer,Laxmi Infotech,"Ahmedabad,  Gurgaon,  Noida/Greater Noida,  Chandigarh,  Bhubaneshwar",0 - 3 Years
"B.E  , B.tech  , Diploma- engineers",New Global Technologies,"Bengaluru / Bangalore,  Chennai,  Delhi/NCR,  Hyderabad/Secunderabad,  Pune",0 - 3 Years
"L1 , l2 Support Engineer",Laxmi Infotech,"Mumbai,  Pune",0 - 3 Years
Freshers - B.E - CSE  /  IT  &  MCA Graduates,Laxmi Infotech,"Ahmedabad,  Delhi,  Gurgaon,  Kolkata,  Noida/Greater Noida",0 - 3 Years
IT Operations Management,HR Jobs Placements,"Hyderabad/Secunderabad,  Kolkata,  Mumbai,  Noida/Greater Noida,  Pune",6 - 11 Years
"IT Developer , web developer",Laxmi Infotech,"Ahmedabad,  Delhi/NCR,  Gurgaon,  Kolkata,  Noida/Greater Noida",0 - 3 Years
Marketing Executive,Multi fold IT Solutions private limited,"Amritsar,  Bathinda,  Jalandhar,  Kapurthala,  Ludhiana",1 - 3 Years
Field Sales Representative,Multi fold IT Solutions private limited,"Faridabad,  Panipat,  Chandigarh,  Jalandhar,  Pathankot",0 - 2 Years
Ticketing Ushering F & B Executive in Multiplex Theater Jeedimetla,Hungry Bird IT Consulting Services Pvt Ltd,Hyderabad/Secunderabad,0 - 3 Years
Receptionist  walk in,Valen IT Solutions,"Hyderabad/Secunderabad,  Vijayawada",1 - 3 Years
Relationship Officer,STAR CAREER CONSULTANT,"Delhi,  Delhi/NCR,  Gurgaon,  Noida/Greater Noida",2 - 6 Years
Oracle Cloud Finance Functional Consultant,Best Infosystems Ltd.,Hyderabad/Secunderabad,6 - 11 Years
Finance Analyst,Ample Leap Cognition,Panipat,3 - 8 Years
"System Administrator , Server Engineer , Firewall",IT Mantra Techintellect  Private Limited,Kolkata,6 - 11 Years
Quality Control Executive,CHEMIX SPECIALITY GASES AND EQUIPMENT,Bengaluru / Bangalore,1 - 3 Years
Network  Engineer  Job In NEW ZEALAND,World wide Immigration Service Llp,New Zealand,3 - 8 Years
React js Internship in Pune,Maxgen Technologies,"Pune,  Jalgaon,  Kolhapur,  Nagpur,  Solapur",0 - 1 Years
Laptop Service  /  Repair Engineer,Communications test design india private limited,Bengaluru / Bangalore,1 - 5 Years
Java - Sr. Developer  /  Lead - J48539,SAMPOORNA CONSULTANTS PVT LTD,Mumbai,6 - 11 Years
Textile Maintaince manager,Kausar Textile Private Limited,Other City(s) in Maharashtra,15 - 20 Years
SailPoint Identity Now Developer,LTIMindtree Ltd.,"Bengaluru / Bangalore,  Chennai,  Hyderabad/Secunderabad,  Mumbai,  Pune",5 - 8 Years
Life Insurance Advisor - High Earning Potential,sreepada visweshwara Rao,Hyderabad/Secunderabad,1 - 6 Years
Bank Manage  Job In  GERMANY,ADAL IMMIGRATIONS LLP,Germany,4 - 8 Years
OPERATION HEAD / HEAD OF OPERATION  ( Male ),RGRA HUMAN RESOURCE SOLUTIONS,"Delhi,  Noida/Greater Noida",10 - 15 Years
Administrator,KALINDI IMMIGRATION CONSULTANTS PRIVATE LIMITED,"Australia,  Canada,  Germany,  Singapore,  null",1 - 6 Years
NETWORKING SENIOR TECHNICIAN,Pama International,Doha,2 - 5 Years
Programmatic L35- Chennai - J48538,SAMPOORNA CONSULTANTS PVT LTD,Chennai,5 - 8 Years
Hardware Engineer Job In GERMANY,ADAL IMMIGRATIONS LLP,Germany,4 - 8 Years
GM MEP PROJECTS,Suman kumar,"Ahmedabad,  Bengaluru / Bangalore,  Hyderabad/Secunderabad,  Kolkata,  Lucknow",20 - 25 Years
Website Designer,SKYWALK VISA IMMIGRATION SERVICES LLP,"Australia,  New Zealand,  Singapore,  null",3 - 8 Years
Seo executive,sharda consultancy Services,"Delhi,  Gurgaon",1 - 2 Years
Inside Sale Representative,Peopleplease Consulting,Mumbai,0 - 3 Years
System Software Analyst Jobs in Canada - Australia,Srv global consultancy Pvt Ltd,"Australia,  Canada",2 - 7 Years
sales executive,Informatics Technologies Pvt. Ltd.,Vadodara,1 - 4 Years
Accountant,ENIGMASOFT TECHNOLOGIES PRIVATE LIMITED,Panjim/Panaji,4 - 7 Years
MALE BUSY OPERATOR / MALE ACCOUNTANT  ( BUSY Accounting Software ) ​,RGRA HUMAN RESOURCE SOLUTIONS,Delhi,0 - 3 Years
"""Asset Management""",Communications test design india private limited,Bengaluru / Bangalore,3 - 5 Years
Oracle HCM Payroll Functional Role,Best Infosystems Ltd.,Hyderabad/Secunderabad,6 - 11 Years
Payments Operations UK Banking Immediate joining B'lore KPOs,White Horse Manpower Consultancy P Ltd,Bengaluru / Bangalore,2 - 7 Years
"Data Engineer  Python Programming  SOLR  SQL Server , MongoDB ,  ETL",White Horse Manpower Consultancy P Ltd,Bengaluru / Bangalore,5 - 10 Years
Data Science Internship in Pune,Maxgen Technologies,"Pune,  Amravati,  Dhule,  Sangli,  Satara",0 - 1 Years
Marketing Specialist – POS ( Point of Sale )  - J48534,SAMPOORNA CONSULTANTS PVT LTD,Pune,2 - 4 Years
QA | QC Engineer  Job In LUXEMBOURG,World wide Immigration Service Llp,,2 - 7 Years
Hardware Engineer  Job In  AUSTRALIA,ADAL IMMIGRATIONS LLP,Australia,3 - 8 Years
PHP Developer,Eternal HR Services Pvt Ltd,Noida/Greater Noida,3 - 8 Years
Urgent Vacancy as Electrical Engineer at Malad w,Job Classify,Mumbai,5 - 10 Years
freshers for domestic BPO @Mohali,360 Bytes Tech Venture Private Limited,"Chandigarh,  Mohali",0 - 1 Years
Software Engineering Specialist ( 41941 ) - JAVA- BLR - J48542,SAMPOORNA CONSULTANTS PVT LTD,Bengaluru / Bangalore,8 - 13 Years
Need Python Trainer / Java Trainer / MERN Trainer,apni study class,Lucknow,1 - 3 Years
backend engineer SDE -2,KANDPAL CONSULTANT,"Gurgaon,  Delhi",3 - 5 Years
QA | QC Engineer  Job In MALTA,World wide Immigration Service Llp,,5 - 10 Years
Mern Stack Internship in Ahmedabad,Maxgen Technologies,"Ahmedabad,  Bhavnagar,  Junagarh,  Rajkot,  Surendranagar",0 - 1 Years
Business Analyst  Job In SINGAPORE,World wide Immigration Service Llp,Singapore,3 - 8 Years
show room executive,Informatics Technologies Pvt. Ltd.,Vadodara,1 - 2 Years
Head Chef  Job In SINGAPORE,World wide Immigration Service Llp,Singapore,3 - 8 Years
Site  Engineer  Job In  CANADA,World wide Immigration Service Llp,Canada,3 - 8 Years
Bank Manage  Job In  NEW ZEALAND,ADAL IMMIGRATIONS LLP,New Zealand,3 - 8 Years
Pharmacist  Job In SINGAPORE,World wide Immigration Service Llp,Singapore,3 - 8 Years
Physician   Job In  CANADA,World wide Immigration Service Llp,Canada,3 - 8 Years
Senior HVAC Technician,ASMACS,Dubai,6 - 10 Years
Hardware Engineer Job In NEW ZEALAND,ADAL IMMIGRATIONS LLP,New Zealand,4 - 8 Years
Software Engineer Job In  NEW ZEALAND,ADAL IMMIGRATIONS LLP,New Zealand,4 - 8 Years
PHP Developer Job In  USA,PRIMEX IMMIGRATION LLP,,5 - 10 Years
Canada # Computer Engineers,Anshi Immigration Private Limited,Canada,4 - 9 Years
Canada#Database Analyst,Anshi Immigration Private Limited,Canada,4 - 9 Years
Java + Angular Developer - J48537,SAMPOORNA CONSULTANTS PVT LTD,Mumbai,6 - 10 Years
"Stenoghrapher , Executive Assistant / Executive Secretary , PA to MD",Indica Industries Pvt Ltd,"Delhi,  Delhi/NCR,  Noida/Greater Noida",2 - 7 Years
Telecalling,Acme Human Management,Delhi,1 - 5 Years
Senior Python Backend Developer - J48527,SAMPOORNA CONSULTANTS PVT LTD,Chennai,5 - 10 Years
ACCOUNTANT,Final Round,Kolkata,2 - 5 Years
Sr Accountant - Finance - J48507,SAMPOORNA CONSULTANTS PVT LTD,Chennai,7 - 9 Years
Remote - Sales Specialist,TALPRO INDIA PRIVATE LIMITED,Mumbai,0 - 5 Years
Data Science Internship in Pune,Maxgen Technologies,"Pune,  Amravati,  Dhule,  Sangli,  Satara",0 - 1 Years
Looker Architect,Best Infosystems Ltd.,"Bengaluru / Bangalore,  Pune",10 - 15 Years
ZR_961_JOB_Senior .net Backend  /  Full Stack Developers,TALPRO INDIA PRIVATE LIMITED,Bengaluru / Bangalore,5 - 15 Years
Data Scientist,SKYWALK VISA IMMIGRATION SERVICES LLP,"New Zealand,  null,  null",2 - 7 Years
Business Analayst,Waytogo Consultants Pvt Ltd,Bengaluru / Bangalore,5 - 8 Years
"Tender Specialist , E-Tendering , ETendering , Tender Officer",Peopleplease Consulting,Mumbai,3 - 8 Years
React js Internship in Ahmedabad,Maxgen Technologies,"Pune,  Jalgaon,  Kolhapur,  Nasik,  Solapur",0 - 1 Years
T24 Tester,Best Infosystems Ltd.,Bengaluru / Bangalore,5 - 10 Years
Prompt Engineer  ( Python ) - Con - GGN - J48524,SAMPOORNA CONSULTANTS PVT LTD,Gurgaon,4 - 6 Years
Business Analyst - J48526,SAMPOORNA CONSULTANTS PVT LTD,Mumbai,2 - 4 Years
Network  Engineer  Job   In LUXEMBOURG,World wide Immigration Service Llp,,5 - 10 Years
QA | QC Engineer  Job In LUXEMBOURG,World wide Immigration Service Llp,,5 - 10 Years
Jasper Reports with Oracle DB experience consultant  Contarct,White Horse Manpower Consultancy P Ltd,Bengaluru / Bangalore,7 - 12 Years
Business Development Officer,HUE SERVICE PRIVATE LIMITED,"Other City(s) in Bihar,  Other City(s) in Orrisa,  Other City(s) in West Bengal",3 - 5 Years
Laptop chip level technician,Communications test design india private limited,Bengaluru / Bangalore,2 - 7 Years
QA | QC Engineer  Job In SINGAPORE,World wide Immigration Service Llp,Singapore,3 - 8 Years
Sales  Manager  Job In SINGAPORE,World wide Immigration Service Llp,Singapore,3 - 8 Years
Supply Chain Manager Job In SINGAPORE,World wide Immigration Service Llp,Singapore,3 - 8 Years
Mechanical   Engineer  Job In SINGAPORE,World wide Immigration Service Llp,Singapore,3 - 8 Years
Sales  Manager  Job In  LUXEMBOURG,World wide Immigration Service Llp,,3 - 8 Years
Digital Account Executive,ENIGMASOFT TECHNOLOGIES PRIVATE LIMITED,Panjim/Panaji,0 - 3 Years
"Aircraft Mechanical maintenance engineer , Electrical Engineer",Akash A,"Tirupati,  Vijayawada,  Visakhapatnam,  Itanagar,  Dibrugarh",0 - 3 Years
Project Technician,ENIGMASOFT TECHNOLOGIES PRIVATE LIMITED,Panjim/Panaji,1 - 2 Years
HR Executive,ENIGMASOFT TECHNOLOGIES PRIVATE LIMITED,Panjim/Panaji,1 - 3 Years
Supply Chain Intern,ENIGMASOFT TECHNOLOGIES PRIVATE LIMITED,Panjim/Panaji,0 - 1 Years
Electronics Hardware Engineer,ENIGMASOFT TECHNOLOGIES PRIVATE LIMITED,Panjim/Panaji,3 - 5 Years
Adobe Campaign Developer,LTIMindtree Ltd.,Bengaluru / Bangalore,6 - 8 Years
Mechanical Engineer,ENIGMASOFT TECHNOLOGIES PRIVATE LIMITED,Panjim/Panaji,4 - 5 Years
Junior Architect,ENIGMASOFT TECHNOLOGIES PRIVATE LIMITED,Panjim/Panaji,2 - 6 Years
Sr Accountant - Finance - J48507,SAMPOORNA CONSULTANTS PVT LTD,Chennai,7 - 9 Years
Software Engineers,KALINDI IMMIGRATION CONSULTANTS PRIVATE LIMITED,"Australia,  Canada,  Singapore,  UK,  Other International Location(s)",1 - 6 Years
CMS Developer - J48521,SAMPOORNA CONSULTANTS PVT LTD,Mumbai,1 - 3 Years
"""BIG DATA ENGINEER"" , Big Data Developer , Big Data with Python",Peopleplease Consulting,Mumbai,1 - 6 Years
"Digital Marketing Specialist , Marketing  &  Inside Sales Exec.",Peopleplease Consulting,Mumbai,0 - 3 Years
.net + Angular Developer - J48535,SAMPOORNA CONSULTANTS PVT LTD,Mumbai,1 - 6 Years
Insurance  Advisor  Job In AUSTRALIA,ADAL IMMIGRATIONS LLP,Australia,3 - 8 Years
MIS Executive | Senior MIS Analyst  Job In MALTA,PRIMEX IMMIGRATION LLP,,4 - 8 Years
Physician   Job In  MALTA,World wide Immigration Service Llp,,5 - 10 Years
3D Designer,ENIGMASOFT TECHNOLOGIES PRIVATE LIMITED,Panjim/Panaji,1 - 2 Years
"Team LeaderAccounts  &  Finance ,  7 to 9 yrs in South Korea  ( Busan )",Mangalam Placments Pvt. ltd.,South Korea,7 - 9 Years
Research  &  Business Lead,ENIGMASOFT TECHNOLOGIES PRIVATE LIMITED,Panjim/Panaji,3 - 4 Years
T24 Developer,Advance Consultancy Services,Other City(s) in Saudi Arabia,10 - 15 Years
Network Engineer Job In  AUSTRALIA,ADAL IMMIGRATIONS LLP,Australia,3 - 8 Years
PLC Programmer,Sudeep Consultancy,"Pune,  Other City(s) in Maharashtra",3 - 5 Years
Software Engineer  Job In MALTA,World wide Immigration Service Llp,,5 - 10 Years
Web Designer  Job  In MALTA,PRIMEX IMMIGRATION LLP,,3 - 8 Years
Software Devloper,SHREE ADISHAKTHI CONSULTANCY,Patna,2 - 5 Years
QA | QC Engineer  Job In ABROAD,World wide Immigration Service Llp,"Canada,  Singapore,  null,  null,  null",2 - 7 Years
Python Internship in Ahmedabad,Maxgen Technologies,"Ahmedabad,  Anand,  Gandhinagar,  Mehsana,  Surat",0 - 1 Years
Canada# Power Plant Engineer,Anshi Immigration Private Limited,Canada,4 - 9 Years
GCP Devops,Vividhataa,Navi Mumbai,6 - 8 Years
Sr. Manager - Fresh Produce Supply Chain,Ample Leap Cognition,"Mumbai,  Navi Mumbai",7 - 12 Years
MEP Supervisor,ASMACS,Dubai,10 - 12 Years
Leading Pvt Bank Hiring For CONSUMER DURABLE DEPT  ( inhouse job ),TALENT HUB JOBS,Mumbai,0 - 3 Years
Data Science Internship in Ahmedabad,Maxgen Technologies,"Ahmedabad,  Bhavnagar,  Junagarh,  Rajkot,  Surendranagar",0 - 1 Years
Camunda 8   Java   Spring Boot Developer  /  Lead,TALPRO INDIA PRIVATE LIMITED,Bengaluru / Bangalore,5 - 15 Years
Web Designer  Job  In AUSTRALIA,PRIMEX IMMIGRATION LLP,Australia,4 - 8 Years
Hardware Engineer Job In GERMANY,ADAL IMMIGRATIONS LLP,Germany,5 - 10 Years
Software Engineer Job In  GERMANY,ADAL IMMIGRATIONS LLP,Germany,3 - 8 Years
Software Engineer  Job In NEW ZEALAND,World wide Immigration Service Llp,New Zealand,5 - 10 Years
Information Technology Managers Job For Canada,Anshi Immigration Private Limited,Canada,5 - 10 Years
Accounts Receivable Accountant - J48536,SAMPOORNA CONSULTANTS PVT LTD,Chennai,5 - 8 Years
Accountant - Finance - J48508,SAMPOORNA CONSULTANTS PVT LTD,Chennai,4 - 6 Years
Sr Data Engineer Consultant,TALPRO INDIA PRIVATE LIMITED,Mumbai,5 - 10 Years
Remote - Sales Associate,TALPRO INDIA PRIVATE LIMITED,Bengaluru / Bangalore,0 - 5 Years
Vmc Machine Operator,SKYWALK VISA IMMIGRATION SERVICES LLP,"Australia,  New Zealand,  Singapore,  null,  null",2 - 7 Years
Engineering Manager - J48528,SAMPOORNA CONSULTANTS PVT LTD,Chennai,10 - 14 Years
React Js Internship in Ahmedabad,Maxgen Technologies,"Ahmedabad,  Anand,  Gandhinagar,  Mehsana,  Surat",0 - 1 Years
Project Manager  ( Highways ),Suman kumar,"Bhopal,  Imphal,  Shillong,  Bhubaneshwar,  Jaipur",10 - 15 Years
Network  Engineer Job In CANADA,World wide Immigration Service Llp,Canada,5 - 10 Years
Remote -Oracle EBS Technical Consultant,TALPRO INDIA PRIVATE LIMITED,Bengaluru / Bangalore,5 - 15 Years
E Commerce Manager,Vivek Flowers Exports India Private Limited,Other City(s) in Tamil Nadu,4 - 8 Years
Sr Accountant - Finance - J48507,SAMPOORNA CONSULTANTS PVT LTD,Chennai,7 - 9 Years
Middleware Expert,Advance Consultancy Services,Other City(s) in Saudi Arabia,6 - 11 Years
Surveillance Executive,Jalan Infrastructure Llp,Kolkata,3 - 6 Years
T24 Developer,Best Infosystems Ltd.,Bengaluru / Bangalore,5 - 10 Years
Java Full Stack Developer - J48525,SAMPOORNA CONSULTANTS PVT LTD,Mumbai,3 - 5 Years
OFFSHORE STEWARD,Hireglow Elegant Overseas International Private Limite,"Bengaluru / Bangalore,  Mumbai,  Mangalore,  Kannur",0 - 2 Years
Purchase  Manager  Job In SINGAPORE,World wide Immigration Service Llp,Singapore,3 - 8 Years
Site  Engineer  Job In  SINGAPORE,World wide Immigration Service Llp,Singapore,3 - 8 Years
"PLC  PROGRAMMMER  ,  ( MITSUBISHI )  , 5 - 10 Yr , 8 - 10 L , NOIDA",Swastic Enterprises,"Delhi/NCR,  Noida/Greater Noida",5 - 10 Years
Senior Manager,Aakash Kamal Placement,Mauritius,5 - 8 Years
Alternate investment  &  Finance manager,Aakash Kamal Placement,Mauritius,5 - 8 Years
Cyber Security Engineer - J48515,SAMPOORNA CONSULTANTS PVT LTD,Pune,4 - 9 Years
"Software Delivery Manager , Senior Software Engineer",Peopleplease Consulting,Mumbai,3 - 8 Years
Python Internship in Ahmedabad,Maxgen Technologies,"Ahmedabad,  Bhavnagar,  Junagarh,  Rajkot,  Surendranagar",0 - 1 Years
".net Developer , Software Engineer",SHREE ADISHAKTHI CONSULTANCY,Bengaluru / Bangalore,4 - 6 Years
Brand Representative,Echobooom Management & Entrepreneurial Solutions Pvt.Ltd.,Guwahati,0 - 2 Years
Human resources manager,Sarosh Karki,"Bangladesh,  Nepal,  Pakistan,  Philippines,  null",10 - 15 Years
Business Development Manager,Suhail Nizamuddin shaikh,"Hyderabad/Secunderabad,  Kolkata,  Mumbai,  Noida/Greater Noida,  Pune",5 - 10 Years
Radiologist,Space COnsultant,Other City(s) in Kerala,1 - 6 Years
Unit Sales Manager / Uttrakhand,TEKPILLAR SERVICES PRIVATE LIMITED,"Dehradun,  Haldwani,  Haridwar,  Nainital,  Other City(s) in Uttaranchal",2 - 5 Years
92433 - Java Full Stack Lead Developer,TALPRO INDIA PRIVATE LIMITED,Bengaluru / Bangalore,5 - 15 Years
Hardware Engineer  Job In  AUSTRALIA,ADAL IMMIGRATIONS LLP,Australia,3 - 8 Years
Java Developer  ( 4-8 Yrs )  - J48512,SAMPOORNA CONSULTANTS PVT LTD,Mumbai,4 - 6 Years
Hardware  Engineer  Job In UAE,World wide Immigration Service Llp,,3 - 8 Years
Software Engineer  Job In UAE,World wide Immigration Service Llp,,3 - 8 Years
Logistic Manager Job In GERMANY,ADAL IMMIGRATIONS LLP,Germany,4 - 8 Years
Azure Devops + Azure Cloud,Vividhataa,Navi Mumbai,7 - 12 Years
MEP Technician,ASMACS,Dubai,5 - 8 Years
NAV / BC Operations Functional Consultant  ( Fresher )  - J48500,SAMPOORNA CONSULTANTS PVT LTD,Pune,0 - 3 Years
Abroad job Opportunity Computer Engineer,Anshi Immigration Private Limited,Canada,4 - 9 Years
"Software Developer , Senior Software Developer",Anshi Immigration Private Limited,Canada,3 - 8 Years
Developer :c ++with linux Bangalore Job,White Horse Manpower Consultancy P Ltd,Bengaluru / Bangalore,5 - 10 Years
MIS Executive | Senior MIS Analyst  Job In CANADA,PRIMEX IMMIGRATION LLP,Canada,5 - 10 Years
Research and Development Executive,One World,"Delhi/NCR,  Gurgaon",5 - 10 Years
Site Engineer Jobs in Germany,TALENT VAULT LLP,"Australia,  Canada,  New Zealand,  Singapore",2 - 7 Years
Application Specialist,SKYWALK VISA IMMIGRATION SERVICES LLP,"Australia,  Singapore,  null,  null",2 - 7 Years
ABAP Programmer,Aadis Jobs,Agra,3 - 8 Years
PHP Developer Job In   CANADA,PRIMEX IMMIGRATION LLP,Canada,6 - 11 Years
Software Engineer Job In GERMANY,ADAL IMMIGRATIONS LLP,Germany,7 - 12 Years
Android Intership in Ahmedabad,Maxgen Technologies,"Ahmedabad,  Bhavnagar,  Junagarh,  Rajkot,  Surendranagar",0 - 1 Years
Automation Tester  ( 3-5 Yrs )  - J48531,SAMPOORNA CONSULTANTS PVT LTD,Mumbai,3 - 5 Years
Data Science Internship in Ahmedabad,Maxgen Technologies,"Ahmedabad,  Bhavnagar,  Junagarh,  Rajkot,  Surendranagar",0 - 1 Years
RIGGER,ASMACS,Other City(s) in Saudi Arabia,5 - 7 Years
Sales  Manager  Job In  GERMANY,World wide Immigration Service Llp,Germany,5 - 10 Years
Senior Executive - SAP SD - J48495,SAMPOORNA CONSULTANTS PVT LTD,Mumbai,3 - 6 Years
Site  Engineer  Job In  GERMANY,World wide Immigration Service Llp,Germany,5 - 10 Years
Software Engineer  Job In GERMANY,World wide Immigration Service Llp,Germany,5 - 10 Years
"HR Recruiter ,  2 To 4 Years In Mumbai  ( Worli )",Mangalam Placments Pvt. ltd.,Mumbai,2 - 4 Years
Doctor  Job In LUXEMBOURG,World wide Immigration Service Llp,,5 - 10 Years
Teamcenter Technical Architect,Techno Wise,"Bengaluru / Bangalore,  Pune",12 - 15 Years
Sr Accountant - Finance - J48507,SAMPOORNA CONSULTANTS PVT LTD,Chennai,7 - 9 Years
network and harware executive,Resource Power Consultancy,Kolkata,2 - 3 Years
Hardware Engineer Job In GERMANY,ADAL IMMIGRATIONS LLP,Germany,5 - 10 Years
Data Science Internship in Pune,Maxgen Technologies,"Pune,  Jalgaon,  Kolhapur,  Nasik,  Solapur",0 - 1 Years
Lead Java  AWS Developer,TALPRO INDIA PRIVATE LIMITED,Bengaluru / Bangalore,5 - 15 Years
Network  Engineer Job In NEW ZEALAND,World wide Immigration Service Llp,New Zealand,4 - 8 Years
Python Internship in Ahmedabad,Maxgen Technologies,"Ahmedabad,  Anand,  Gandhinagar,  Mehsana,  Surat",0 - 1 Years
FP & A Functional Consultant – Temenos T24,Best Infosystems Ltd.,Bengaluru / Bangalore,5 - 10 Years
Innovation Engineer  ( Gen AI )  - BLR - AM - J48523,SAMPOORNA CONSULTANTS PVT LTD,Bengaluru / Bangalore,7 - 10 Years
Site engineer,Sudeep Consultancy,"Ahmedabad,  Vadodara,  Mumbai,  Nasik,  Pune",1 - 5 Years
Analytical Research development -Documentation- ARD,US,Mumbai,3 - 7 Years
Android Developer - J48517,SAMPOORNA CONSULTANTS PVT LTD,Mumbai,5 - 7 Years
Python Internship in Ahmedabad,Maxgen Technologies,"Ahmedabad,  Bhavnagar,  Junagarh,  Rajkot,  Surendranagar",0 - 1 Years
Web development Internship in Ahmedabad,Maxgen Technologies,"Ahmedabad,  Anand,  Gandhinagar,  Mehsana,  Surat",0 - 1 Years
"""Full Stack Java Developer""",SHREE ADISHAKTHI CONSULTANCY,"Bengaluru / Bangalore,  Chennai,  Mumbai,  Pune",5 - 8 Years
Purchase  Manager  Job In ABROAD,World wide Immigration Service Llp,"Canada,  Singapore,  null,  null,  null",2 - 7 Years
Network  Engineer Job In UAE,World wide Immigration Service Llp,,3 - 8 Years
"Sales  &  Marketing , Sales Adviser , Sales Executive , Business Advisor",Acme Human Management,"Delhi,  Noida/Greater Noida,  Ghaziabad,  Mathura,  Meerut",1 - 5 Years
SAP Project Manager,eSkillport HR Services Pvt. Ltd,Kolkata,12 - 15 Years
Factory Manager Operation Head Garments Textile,Suman kumar,"Delhi/NCR,  Mumbai,  Surat,  Aurangabad,  Ludhiana",10 - 15 Years
Human Resource Manager,MIGPOINT SERVICES,"Delhi,  Delhi/NCR,  Gurgaon",2 - 5 Years
Accounts Executive Direct Taxation,Ample Leap Cognition,Faridabad,3 - 8 Years
Full Stack developer Node JS and React - J48503,SAMPOORNA CONSULTANTS PVT LTD,Pune,6 - 10 Years
Python Internship in Ahmedabad,Maxgen Technologies,"Ahmedabad,  Anand,  Gandhinagar,  Mehsana,  Surat",0 - 1 Years
Data Science Internship in Ahmedabad,Maxgen Technologies,"Ahmedabad,  Bhavnagar,  Junagarh,  Rajkot,  Surendranagar",0 - 1 Years
PHP Developer Job In MALTA,PRIMEX IMMIGRATION LLP,,3 - 8 Years
Hardware Engineer  Job In  MALTA,ADAL IMMIGRATIONS LLP,,3 - 8 Years
Gynecologist vacancy at Nagpur  ( Mahaashtra ),Space COnsultant,Nagpur,1 - 6 Years
Cashier Job In AUSTRALIA,ADAL IMMIGRATIONS LLP,Australia,4 - 8 Years
HVAC  Engineer  Job In GERMANY,World wide Immigration Service Llp,Germany,5 - 10 Years
Financial Advisor   Job In GERMANY,World wide Immigration Service Llp,Germany,4 - 8 Years
Physician   Job In GERMANY,World wide Immigration Service Llp,Germany,5 - 10 Years
Front Office Executive  Job In GERMANY,World wide Immigration Service Llp,Germany,5 - 10 Years
Network  Engineer  Job In GERMANY,World wide Immigration Service Llp,Germany,5 - 10 Years
Specialist - Software Engineering,LTIMindtree Ltd.,Pune,7 - 10 Years
Java Kotlin-Senior Specialist - Software Engineering,LTIMindtree Ltd.,Gurgaon,6 - 9 Years
Senior Software Engineer QA Automation - J48489,SAMPOORNA CONSULTANTS PVT LTD,Pune,6 - 8 Years
UX | UI Designer Job In POLAND,EXOTIC EXPERT SOLUTIONS LLP,,4 - 8 Years
Web Designer  Job  In NEW ZEALAND,PRIMEX IMMIGRATION LLP,New Zealand,5 - 10 Years
VMC Programmer,Corporate destination,Noida/Greater Noida,4 - 9 Years
Data Scientist,SKYWALK VISA IMMIGRATION SERVICES LLP,"New Zealand,  null,  null",2 - 7 Years
NAV / BC Operations Functional Consultant - J47015,SAMPOORNA CONSULTANTS PVT LTD,Pune,8 - 13 Years
"Developer VBA Automation ,  SAP Scripting ,  Python  RPA  Bangalore",White Horse Manpower Consultancy P Ltd,Bengaluru / Bangalore,4 - 8 Years
Manager Facilities  &  Administration  ( Only Ex-Servicemen ),Suman kumar,"Delhi/NCR,  Kolkata,  Ranchi,  Jaipur,  Lucknow",10 - 15 Years
Import / Export Agent,Pdm Extrusions Private Limited,Delhi,2 - 4 Years
Cyber Security Training In Ahmedabad,Sparks To Ideas,"Ahmedabad,  Bhavnagar,  Botad,  Junagarh,  Rajkot",0 - 1 Years
Platform Engineering: Azure DevOps Engineer,TALPRO INDIA PRIVATE LIMITED,Bengaluru / Bangalore,5 - 15 Years
Vmc Machine Operator,SKYWALK VISA IMMIGRATION SERVICES LLP,"Australia,  New Zealand,  Singapore,  null,  null",2 - 7 Years
NAV / BC Operations Functional Consultant  ( Fresher )  - J48500,SAMPOORNA CONSULTANTS PVT LTD,Pune,0 - 3 Years
Workday Adaptive Planning - Consultant - BLR - J48486,SAMPOORNA CONSULTANTS PVT LTD,Bengaluru / Bangalore,4 - 7 Years
Python internship in Ahmedabad,Maxgen Technologies,"Ahmedabad,  Anand,  Gandhinagar,  Mehsana,  Surat",0 - 1 Years
Mern Stack Internship in Ahmedabad,Maxgen Technologies,"Ahmedabad,  Anand,  Gandhinagar,  Mehsana,  Surat",0 - 1 Years
Automation Tester  ( 1-3 Yrs )  - J48530,SAMPOORNA CONSULTANTS PVT LTD,Mumbai,1 - 3 Years
Director Business Management,Sarosh Karki,"Nepal,  Singapore,  South Africa,  South Korea,  null",10 - 15 Years
"""Accounts executive"" , Accountant , Assistant Accountant",Acme Human Management,"Delhi,  Delhi/NCR",2 - 5 Years
"""Account Manager""",Job Classify,Mumbai,3 - 7 Years
"( MS )  , Ophthalmology",Space COnsultant,Other City(s) in Karnataka,0 - 3 Years
"Sales And Business Development Executive ,  in Gujarat",Mangalam Placments Pvt. ltd.,Other City(s) in Gujarat,2 - 5 Years
Accountant - Finance - J48508,SAMPOORNA CONSULTANTS PVT LTD,Chennai,4 - 6 Years
""" Computer Operator""",PUNYAM ACADEMY PRIVATE LIMITED,Ahmedabad,0 - 3 Years
"""Admin Officer""",Etrust Travel & Placements Pvt Ltd,,4 - 9 Years
Java Tech Lead,Maven Workforce Pvt. Ltd.,"Bengaluru / Bangalore,  Pune,  Bhubaneshwar",4 - 9 Years
Software Engineer Job In UAE,PRIMEX IMMIGRATION LLP,,5 - 10 Years
Software Engineer  Job In AUSTRALIA,World wide Immigration Service Llp,Australia,5 - 10 Years
Network  Engineer  Job In AUSTRALIA,World wide Immigration Service Llp,Australia,5 - 10 Years
UX | UI Designer Job In GERMANY,EXOTIC EXPERT SOLUTIONS LLP,Germany,5 - 10 Years
SQL AND ORACLE DATABASE DEVELOPER,Advance Consultancy Services,Other City(s) in Saudi Arabia,6 - 8 Years
Java Lead - Gurgaon - J48484,SAMPOORNA CONSULTANTS PVT LTD,Gurgaon,8 - 12 Years
Hardware Engineer Job In NEW ZEALAND,ADAL IMMIGRATIONS LLP,New Zealand,3 - 8 Years
Java Fullstack  ( UI Heavy )  -P8 - J48372,SAMPOORNA CONSULTANTS PVT LTD,Hyderabad/Secunderabad,15 - 18 Years
Network Engineer Job In GERMANY,ADAL IMMIGRATIONS LLP,Germany,5 - 10 Years
Machine learning Internship in Ahmedabad,Maxgen Technologies,"Ahmedabad,  Bhavnagar,  Junagarh,  Rajkot,  Surendranagar",0 - 1 Years
Data Engineer - J48492,SAMPOORNA CONSULTANTS PVT LTD,Pune,3 - 4 Years
MIS Executive | Senior MIS Analyst  Job In GERMANY,PRIMEX IMMIGRATION LLP,Germany,3 - 8 Years
Sales  Manager  Job In DUBAI,World wide Immigration Service Llp,Dubai,2 - 7 Years
Nephrologist,Space COnsultant,Other City(s) in Punjab,1 - 6 Years
React js Internship in Ahmedabad,Maxgen Technologies,"Ahmedabad,  Anand,  Gandhinagar,  Mehsana,  Surat",0 - 1 Years
Data Science Internship in Ahmedabad,Maxgen Technologies,"Ahmedabad,  Anand,  Gandhinagar,  Mehsana,  Surat",0 - 1 Years
Java Developer  ( 4-8 Yrs )  - J48512,SAMPOORNA CONSULTANTS PVT LTD,Mumbai,4 - 6 Years
Fullstak Developer,SHREE ADISHAKTHI CONSULTANCY,"Bengaluru / Bangalore,  Chennai,  Mumbai,  Pune",4 - 6 Years
QA /  QC Engineer Jobs in Dubai,TALENT VAULT LLP,"Australia,  Canada,  New Zealand,  Singapore",3 - 8 Years
UX | UI Designer  Job In QATAR,EXOTIC EXPERT SOLUTIONS LLP,Other City(s) in Qatar,4 - 8 Years
Salesforce Administrator - J48278,SAMPOORNA CONSULTANTS PVT LTD,Chennai,3 - 5 Years
Network Engineer Job In  GERMANY,PRIMEX IMMIGRATION LLP,Germany,3 - 8 Years
PHP Developer Job In  GERMANY,PRIMEX IMMIGRATION LLP,Germany,3 - 8 Years
Software Engineer Job In UAE,ADAL IMMIGRATIONS LLP,,3 - 8 Years
Network  Engineer  Job In Dubai,World wide Immigration Service Llp,Dubai,2 - 7 Years
MIS Executive Job in USA,CLOUD VISA IMMIGRATION LLP,,3 - 7 Years
Hardware Engineer Job in USA,CLOUD VISA IMMIGRATION LLP,,3 - 7 Years
Hardware Engineer Job  In GERMANY,ADAL IMMIGRATIONS LLP,Germany,4 - 8 Years
QA | QC Engineer  Job In GULF,World wide Immigration Service Llp,"Abu Dhabi,  Dubai,  null",4 - 8 Years
Java Lead - J48482,SAMPOORNA CONSULTANTS PVT LTD,Mumbai,8 - 12 Years
ABAP TOWER LEAD,eSkillport HR Services Pvt. Ltd,Kolkata,15 - 20 Years
Mern Stack Internship in Ahmedabad,Maxgen Technologies,"Ahmedabad,  Bhavnagar,  Junagarh,  Rajkot,  Surendranagar",0 - 1 Years
Adobe Campaign Developer,LTIMindtree Ltd.,Navi Mumbai,3 - 6 Years
Emergency Medicine Doctor  Job In GERMANY,World wide Immigration Service Llp,Germany,5 - 10 Years
Application Specialist,SKYWALK VISA IMMIGRATION SERVICES LLP,"Australia,  Singapore,  null,  null",2 - 7 Years
Java Kotlin- Senior Specialist - Software Engineering,LTIMindtree Ltd.,Gurgaon,8 - 12 Years
Senior Software Engineer Manual QA Engineer - J48490,SAMPOORNA CONSULTANTS PVT LTD,Pune,6 - 8 Years
Flutter Internship in Ahmedabad,Maxgen Technologies,"Ahmedabad,  Bhavnagar,  Junagarh,  Rajkot,  Surendranagar",0 - 1 Years
D365 F and O Finance Functional Consultant  ( Mid to Sr. )  - J48499,SAMPOORNA CONSULTANTS PVT LTD,Pune,5 - 9 Years
React Js Internship in Ahmedabad,Maxgen Technologies,"Ahmedabad,  Anand,  Gandhinagar,  Mehsana,  Surat",0 - 1 Years
"Telecaller Jobs Opening at International Airport ,  Bangalore",Akash A,"Bengaluru / Bangalore,  Belgaum,  Bellary,  Gulbarga,  Mysoru / Mysore",0 - 3 Years
Hardware Engineer Job In UAE,ADAL IMMIGRATIONS LLP,,3 - 8 Years
Network Engineer Jobs in Gulf,TALENT VAULT LLP,"Australia,  Canada,  New Zealand,  Singapore",3 - 8 Years
FMCG   Manager  Job In DUBAI,World wide Immigration Service Llp,Dubai,3 - 8 Years
"Marketing Executive , Direct Marketing Executive / Officer , Sales",ASSOCIATIVE,Pune,0 - 1 Years
"Business Development Executive , Sales  &  Marketing , Sales Executive",ASSOCIATIVE,Pune,0 - 1 Years
"Digital Marketing Executive , Marketing Executive",ASSOCIATIVE,Pune,0 - 1 Years
React Js Internship At Ahmedabad,Maxgen Technologies,"Ahmedabad,  Anand,  Gandhinagar,  Mehsana,  Surat",0 - 1 Years
NAV / BC Operations Functional Consultant - J47015,SAMPOORNA CONSULTANTS PVT LTD,Pune,8 - 13 Years
Flutter Internship in Ahmedabad,Maxgen Technologies,"Ahmedabad,  Bhavnagar,  Junagarh,  Rajkot,  Surendranagar",0 - 1 Years
Angular Developer  ( 4-6 Yrs )  - J48533,SAMPOORNA CONSULTANTS PVT LTD,Mumbai,4 - 6 Years
Assistant Manager - SAP SD - J48496,SAMPOORNA CONSULTANTS PVT LTD,Mumbai,6 - 9 Years
Human Resource Manager  Job In CANADA,World wide Immigration Service Llp,Canada,4 - 8 Years
FMCG   Manager  Job In AUSTRALIA,World wide Immigration Service Llp,Australia,5 - 10 Years
PHP Developer Job In  POLAND,PRIMEX IMMIGRATION LLP,,5 - 10 Years
Quantitative Trader - J48242B,SAMPOORNA CONSULTANTS PVT LTD,Bengaluru / Bangalore,2 - 5 Years
UX | UI Designer Job In DUBAI,EXOTIC EXPERT SOLUTIONS LLP,Dubai,5 - 10 Years
Mern Stack Internship in Ahmedabad,Maxgen Technologies,"Ahmedabad,  Anand,  Gandhinagar,  Mehsana,  Surat",0 - 1 Years
Software Deve Cloud Gaming  Data Engineering ERP QA Auto Jobs,White Horse Manpower Consultancy P Ltd,Bengaluru / Bangalore,5 - 10 Years
Hotel Manager Jobs In  GERMANY,PRIMEX IMMIGRATION LLP,Germany,3 - 8 Years
Financial Advisor   Job In USA,World wide Immigration Service Llp,,5 - 8 Years
QA / QC Engineer Job in Dubai,CLOUD VISA IMMIGRATION LLP,Dubai,3 - 7 Years
Service Engineer,Waytogo Consultants Pvt Ltd,Bengaluru / Bangalore,1 - 4 Years
Data Scientist Job in Canada,EXOTIC EXPERT SOLUTIONS LLP,Canada,3 - 7 Years
Software Engineer Jobs in  Abroad,TALENT VAULT LLP,"Australia,  Canada,  New Zealand,  Singapore,  null",3 - 8 Years
Lead Platform Engineer  ( Azure Kubernetes Services ),TALPRO INDIA PRIVATE LIMITED,Bengaluru / Bangalore,5 - 15 Years
Flutter Internship in Ahmedabad,Maxgen Technologies,"Ahmedabad,  Bhavnagar,  Junagarh,  Rajkot,  Surendranagar",0 - 1 Years
Data Science Internship in Ahmedabad,Maxgen Technologies,"Ahmedabad,  Bhavnagar,  Junagarh,  Rajkot,  Surendranagar",0 - 1 Years
Software Engineer Hiring For AUSTRALIA,ADAL IMMIGRATIONS LLP,Australia,5 - 10 Years
Hardware Engineer Hiring For AUSTRALIA,ADAL IMMIGRATIONS LLP,Australia,5 - 10 Years
Hardware  Engineer  Job In USA,World wide Immigration Service Llp,,5 - 10 Years
"ERP Software Engineer , Software Developer",ExponentJobs,,5 - 9 Years
Network  Engineer  Job In  GULF,World wide Immigration Service Llp,"Abu Dhabi,  Dubai,  null",4 - 8 Years
Required HR Manager,Sparks To Ideas,Ahmedabad,0 - 1 Years
Electrical Testing Technician,ASMACS,Other City(s) in Saudi Arabia,3 - 5 Years
Radiologist,Space COnsultant,Agra,1 - 6 Years
Procurement  Manager  Job In ABROAD,World wide Immigration Service Llp,"Canada,  Singapore,  null,  null,  null",2 - 7 Years
Sr. Executive  /  Asst. Manager  ( Apparel Sales )  @ Sunrise,Space COnsultant,"Bengaluru / Bangalore,  Chennai,  Delhi,  Mumbai",4 - 9 Years
SAP FI Application Lead,eSkillport HR Services Pvt. Ltd,Kolkata,8 - 10 Years
Audience Platform Lead- Salesforce Data Cloud - J48483,SAMPOORNA CONSULTANTS PVT LTD,"Bengaluru / Bangalore,  Gurgaon,  Mumbai,  Pune",7 - 10 Years
Carpenter,ASMACS,Dubai,3 - 5 Years
c# Developer - J48502,SAMPOORNA CONSULTANTS PVT LTD,Mumbai,3 - 6 Years
Golang Developer - J48509,SAMPOORNA CONSULTANTS PVT LTD,Mumbai,2 - 4 Years
Network Engineer,Sunbridge Solutions  Opc Private Limited,"Germany,  Ireland,  Netherlands,  New Zealand,  Singapore",2 - 7 Years
Software Engineer Job In NEW ZEALAND,ADAL IMMIGRATIONS LLP,New Zealand,4 - 8 Years
Oracle CC & B Techno / Functional Consultant For Immediate joining,White Horse Manpower Consultancy P Ltd,Other City(s) in Saudi Arabia,5 - 10 Years
CONSULTANT - SAP BUSINESS ONE,Options & Ideas,Kolkata,6 - 11 Years
"""Chartered Accountant"" , C.A. , CA",Next Step Associates,,2 - 4 Years
MANAGER – PLANNING  &  BILLING,Suman kumar,"Delhi/NCR,  Hyderabad/Secunderabad,  Kolkata,  Pune,  Lucknow",15 - 20 Years
Marketing Analyst - Remote - US Market,EDGESYS INC.,"Bengaluru / Bangalore,  Delhi/NCR,  Mumbai,  Noida/Greater Noida,  Pune",4 - 9 Years
Java Kotlin-Senior Specialist - Software Engineering,LTIMindtree Ltd.,Gurgaon,8 - 12 Years
Software  Engineer  Required In ABROAD,World wide Immigration Service Llp,"Dubai,  Canada,  Germany,  null,  null",2 - 7 Years
"""Angular Developer"" , Software Developer",SHREE ADISHAKTHI CONSULTANCY,Bengaluru / Bangalore,5 - 8 Years
Power Platform Developer,D B Consultancy,"Bengaluru / Bangalore,  Pune",5 - 10 Years
"Finance Manager , Jobs in Abroad",TALENT VAULT LLP,"Australia,  Canada,  New Zealand,  Singapore",3 - 8 Years
Store Head,Ample Leap Cognition,"Chennai,  Hosur,  Other City(s) in Tamil Nadu",11 - 15 Years
Admin Manager  Job In HONG KONG,PRIMEX IMMIGRATION LLP,Hong Kong,5 - 10 Years
Network  Engineer  Job In  NEW ZEALAND,World wide Immigration Service Llp,New Zealand,5 - 10 Years
Data Science Internship in Ahmedabad,Maxgen Technologies,"Ahmedabad,  Bhavnagar,  Junagarh,  Rajkot,  Surendranagar",0 - 1 Years
D365 F and O Finance Functional Consultant  ( Mid to Sr. )  - J48499,SAMPOORNA CONSULTANTS PVT LTD,Pune,5 - 9 Years
Application Specialist,SKYWALK VISA IMMIGRATION SERVICES LLP,"Australia,  Singapore,  null,  null",2 - 7 Years
Network Engineer   Job In POLAND,EXOTIC EXPERT SOLUTIONS LLP,,5 - 10 Years
Network Engineer Job In USA,ADAL IMMIGRATIONS LLP,,5 - 10 Years
PHP Developer Job  In HONG KONG,PRIMEX IMMIGRATION LLP,Hong Kong,3 - 8 Years
QA | QC Engineer  Job In NEW ZEALAND,World wide Immigration Service Llp,New Zealand,4 - 8 Years
Angular Developer  ( 2-3 Yrs )  - J48532,SAMPOORNA CONSULTANTS PVT LTD,Mumbai,2 - 3 Years
TPRM - A Con / Con / Manager - J48494,SAMPOORNA CONSULTANTS PVT LTD,Bengaluru / Bangalore,2 - 7 Years
Field Sales,Mart2Global,Ahmedabad,1 - 5 Years
PHP Developer Job In  MALTA,PRIMEX IMMIGRATION LLP,,8 - 13 Years
Quantitative Trader - J48242A,SAMPOORNA CONSULTANTS PVT LTD,Bengaluru / Bangalore,2 - 5 Years
Software Engineer  Job In AUSTRALIA,World wide Immigration Service Llp,Australia,5 - 10 Years
"""network engineer""",Next Step Associates,Ahmedabad,2 - 6 Years
BSE / FC-finance sector-orissa,LINEUP MANPOWER SOLUTIONS PRIVATE LIMTED,"Bhubaneshwar,  Cuttack,  Rourkela,  Other City(s) in Orrisa",1 - 3 Years
Teacher  Job In NETHERLANDS,EXOTIC EXPERT SOLUTIONS LLP,Netherlands,5 - 10 Years
Anesthesiologist ( For medical college ),Space COnsultant,Other City(s) in Uttar Pradesh,0 - 3 Years
Mechanical Engineer Overseas job,SKYWALK VISA IMMIGRATION SERVICES LLP,"Australia,  Canada,  Germany,  Netherlands,  null",2 - 7 Years
"""c"" , c ++",KANDPAL CONSULTANT,"Ahmedabad,  Bengaluru / Bangalore,  Chennai,  Delhi,  Hyderabad/Secunderabad",4 - 5 Years
Network Engineer   Job In NETHERLANDS,EXOTIC EXPERT SOLUTIONS LLP,Netherlands,5 - 10 Years
Hardware Engineer Job In MALTA,ADAL IMMIGRATIONS LLP,,5 - 10 Years
Android Internship in Ahmedabad,Maxgen Technologies,"Ahmedabad,  Anand,  Gandhinagar,  Mehsana,  Surat",0 - 1 Years
FIX - Java developer,Element Skill,"Bengaluru / Bangalore,  Hyderabad/Secunderabad,  Mumbai,  Pune",5 - 10 Years
MIS Executive | Senior MIS Analyst  Job In UAE,PRIMEX IMMIGRATION LLP,,3 - 8 Years
Sales  /  Marketing Managers,Navyah Immigration Services Private Limited,"Australia,  Canada,  Hong Kong,  New Zealand",2 - 7 Years
Azure Infrastructure Architect - J48247A,SAMPOORNA CONSULTANTS PVT LTD,Bengaluru / Bangalore,20 - 25 Years
Network Engineer Job In  UAE,PRIMEX IMMIGRATION LLP,,3 - 8 Years
c ++ Routing Developer,Element Skill,"Bengaluru / Bangalore,  Hyderabad/Secunderabad,  Mumbai,  Pune",5 - 10 Years
Doctor  Job In SINGAPORE,World wide Immigration Service Llp,Singapore,3 - 8 Years
Electrician,ASMACS,Dubai,4 - 6 Years
Required HR Manager,Sparks To Ideas,Ahmedabad,0 - 1 Years
Cyber Security Engineer - J48515,SAMPOORNA CONSULTANTS PVT LTD,Pune,4 - 9 Years
Lead Analyst- Semiconductor,Element Skill,Pune,5 - 10 Years
Microsoft Dynamics NAV / BC Techno Funcitonal Consultant - J48441,SAMPOORNA CONSULTANTS PVT LTD,Pune,8 - 13 Years
UX | UI Designer Job In AUSTRALIA,EXOTIC EXPERT SOLUTIONS LLP,Australia,3 - 8 Years
PHP Developer Job In UAE,PRIMEX IMMIGRATION LLP,,3 - 8 Years
Hardware Engineer  Job In  DUBAI,ADAL IMMIGRATIONS LLP,Dubai,2 - 7 Years
Network Engineer Job In  GERMANY,PRIMEX IMMIGRATION LLP,Germany,4 - 8 Years
Team Manager,Anuj saklani,Delhi/NCR,15 - 20 Years
Java Kotlin-Senior Specialist - Software Engineering,LTIMindtree Ltd.,Gurgaon,8 - 12 Years
Flutter Internship in Ahmedabad,Maxgen Technologies,"Ahmedabad,  Bhavnagar,  Junagarh,  Rajkot,  Surendranagar",0 - 1 Years
"""Java Backend Developer""",KANDPAL CONSULTANT,"Delhi,  Delhi/NCR",4 - 8 Years
Hardware  Engineer  Job In NEW ZEALAND,World wide Immigration Service Llp,New Zealand,3 - 8 Years
QA | QC Engineer  Job In NEW ZEALAND,World wide Immigration Service Llp,New Zealand,3 - 8 Years
PHP Developer Job In  GERMANY,PRIMEX IMMIGRATION LLP,Germany,3 - 8 Years
MIS Executive | Senior MIS Analyst  Job In HONG KONG,PRIMEX IMMIGRATION LLP,Hong Kong,4 - 8 Years
Talent Acquisition Executive,Waytogo Consultants Pvt Ltd,Pune,1 - 2 Years
Bank Manage   Job In  MALTA,ADAL IMMIGRATIONS LLP,,3 - 8 Years
Inside sales executive,Waytogo Consultants Pvt Ltd,Hyderabad/Secunderabad,1 - 2 Years
Mern Stack Internship in Ahmedabad,Maxgen Technologies,"Ahmedabad,  Anand,  Gandhinagar,  Mehsana,  Surat",0 - 1 Years
.net integration Lead - J48042A,SAMPOORNA CONSULTANTS PVT LTD,Chennai,8 - 13 Years
Blockchain Engineer,SKYWALK VISA IMMIGRATION SERVICES LLP,"Australia,  New Zealand,  Singapore,  null,  null",2 - 7 Years
Lead Software Engineer -Python - J48456,SAMPOORNA CONSULTANTS PVT LTD,Chennai,5 - 9 Years
Software Engineer  Job In NEW ZEALAND,World wide Immigration Service Llp,New Zealand,5 - 10 Years
Developer  ( Guidewire / Mulesoft ),One World,"Ahmedabad,  Bengaluru / Bangalore,  Chennai,  Gurgaon,  Mumbai",5 - 10 Years
Warehouse Manager jobs in Canada,TALENT VAULT LLP,"Australia,  Canada,  New Zealand,  Singapore",3 - 8 Years
Team  Manager Job In MALTA,ADAL IMMIGRATIONS LLP,,5 - 10 Years
FMCG   Manager  Job In GERMANY,World wide Immigration Service Llp,Germany,3 - 8 Years
BDE /  Marketing Analyst @ Remote - #547,EDGESYS INC.,"Ahmedabad,  Bengaluru / Bangalore,  Delhi/NCR,  Mumbai,  Pune",5 - 10 Years
B2B Sales Officer,TEKPILLAR SERVICES PRIVATE LIMITED,"Amritsar,  Bathinda,  Chandigarh,  Hoshiarpur,  Jalandhar",2 - 5 Years
Digital Marketing - J46184,SAMPOORNA CONSULTANTS PVT LTD,Mumbai,1 - 5 Years
Senior Production Designer - MA - J48348,SAMPOORNA CONSULTANTS PVT LTD,Bengaluru / Bangalore,4 - 7 Years
Senior Documentation Specialist,Horizen,Other City(s) in West Bengal,5 - 7 Years
Network  Engineer  Job In GERMANY,World wide Immigration Service Llp,Germany,3 - 8 Years
Lab Technician Job in Abroad,TALENT VAULT LLP,"Australia,  Canada,  New Zealand,  Singapore",4 - 9 Years
Urgent Hiring For Gynecologist UP Agra,Space COnsultant,Other City(s) in Uttar Pradesh,1 - 6 Years
FMCG Manager Jobs in Germany,TALENT VAULT LLP,"Australia,  Canada,  New Zealand,  Singapore",3 - 8 Years
Sales executive,Waytogo Consultants Pvt Ltd,Hyderabad/Secunderabad,1 - 2 Years
FC-finance -Ranchi,LINEUP MANPOWER SOLUTIONS PRIVATE LIMTED,Ranchi,1 - 3 Years
Graphic Designer Job in Canada,EXOTIC EXPERT SOLUTIONS LLP,Canada,3 - 7 Years
Integration Lead - J48511,SAMPOORNA CONSULTANTS PVT LTD,Hyderabad/Secunderabad,10 - 15 Years
Senior PBCS Consultant,TALPRO INDIA PRIVATE LIMITED,Bengaluru / Bangalore,5 - 15 Years
PHP Developer Job In  UAE,PRIMEX IMMIGRATION LLP,,4 - 8 Years
Senior Graphic Designer,Career Job Solution,"Mumbai,  Nagpur,  Navi Mumbai",5 - 10 Years
Java Developer,LDT TECHNOLOGY,Other City(s) in Punjab,6 - 10 Years
Web Designer  Required In UNITED KINGDOM,PRIMEX IMMIGRATION LLP,,5 - 10 Years
Hardware Engineer Job In USA,ADAL IMMIGRATIONS LLP,,4 - 8 Years
UX | UI Designer Job In  UNITED KINGDOM,EXOTIC EXPERT SOLUTIONS LLP,,3 - 8 Years
Network  Engineer  Job In SINGAPORE,World wide Immigration Service Llp,Singapore,3 - 8 Years
Librarian  Job In NEW ZEALAND,EXOTIC EXPERT SOLUTIONS LLP,New Zealand,3 - 8 Years
Lab Technician  Job In CANADA,World wide Immigration Service Llp,Canada,4 - 8 Years
Purchase  Manager  Job In MALTA,World wide Immigration Service Llp,,2 - 7 Years
Urgent opening for Business Associate Sales Position:,Osaka International,"Delhi,  Mumbai,  Valsad -Vapi",1 - 3 Years
Gifting - Purchase Manager,Suresh Gopalan Acharya,Mumbai,3 - 6 Years
Chiller Technician,ASMACS,Dubai,3 - 5 Years
Automation Engineer- - J48501,SAMPOORNA CONSULTANTS PVT LTD,"Mumbai,  Pune",4 - 7 Years
c ++ Developer -  ( Rotational Shift )  - J48518,SAMPOORNA CONSULTANTS PVT LTD,Mumbai,5 - 8 Years
Senior Consultant - System Management,LTIMindtree Ltd.,Navi Mumbai,3 - 6 Years
Network  Engineer  Job In SINGAPORE,World wide Immigration Service Llp,Singapore,3 - 8 Years
SAP Time Off- Software Engineering Professional - J48438,SAMPOORNA CONSULTANTS PVT LTD,Bengaluru / Bangalore,3 - 8 Years
Java Kotlin-Senior Specialist - Software Engineering,LTIMindtree Ltd.,Gurgaon,8 - 12 Years
SAP Business one,Options & Ideas,Kolkata,0 - 3 Years
Remote Oracle EPM ARCS Senior Consultant,TALPRO INDIA PRIVATE LIMITED,Bengaluru / Bangalore,5 - 15 Years
Hardware Engineer  Job In  MALTA,ADAL IMMIGRATIONS LLP,,4 - 8 Years
Software Engineer Job In  MALTA,ADAL IMMIGRATIONS LLP,,3 - 8 Years
Business Development Manager,TEKPILLAR SERVICES PRIVATE LIMITED,"Mumbai,  Pune,  Navi Mumbai,  Thane",2 - 7 Years
Librarian  Job In SINGAPORE,EXOTIC EXPERT SOLUTIONS LLP,Singapore,5 - 10 Years
Finance  Manager  Job  In  USA,PRIMEX IMMIGRATION LLP,,6 - 11 Years
Radiologist,Space COnsultant,Other City(s) in Haryana,1 - 6 Years
Network  Engineer  Job In LUXEMBOURG,World wide Immigration Service Llp,,3 - 8 Years
"Punching  &  Lining operator Cum Supervisor ,  Loc- Ghana",ExponentJobs,,5 - 10 Years
Final Year Project Internship,Sparks To Ideas,"Ahmedabad,  Bhavnagar,  Gandhinagar,  Junagarh,  Rajkot",0 - 1 Years
Data Science Internship in Ahmedabad,Maxgen Technologies,"Ahmedabad,  Bhavnagar,  Junagarh,  Rajkot,  Surendranagar",0 - 1 Years
Vmc Machine Operator,SKYWALK VISA IMMIGRATION SERVICES LLP,"Australia,  New Zealand,  Singapore,  null,  null",2 - 7 Years
Prompt Engineer - Con - Bangalore - J48237,SAMPOORNA CONSULTANTS PVT LTD,Bengaluru / Bangalore,4 - 6 Years
Hardware Engineer Job In USA,ADAL IMMIGRATIONS LLP,,5 - 10 Years
UX | UI Designer Job In SINGAPORE,EXOTIC EXPERT SOLUTIONS LLP,Singapore,5 - 10 Years
PHP Developer Job In USA,PRIMEX IMMIGRATION LLP,,4 - 8 Years
Sales  Manager  Job In GERMANY,World wide Immigration Service Llp,Germany,3 - 8 Years
Senior Graphic Designer - JH - J48350,SAMPOORNA CONSULTANTS PVT LTD,Bengaluru / Bangalore,4 - 7 Years
DTP Operator,SAPPHIRE INDIA PUBLISHERS PVT. LTD.,Gurgaon,1 - 2 Years
Hitachi Storage Administration,LTIMindtree Ltd.,Bengaluru / Bangalore,8 - 12 Years
Cobol Developer,Waytogo Consultants Pvt Ltd,Kolkata,3 - 6 Years
Senior Oracle FUSION Finance  FUNCTIONAL consultants,Hucon Solutions India Pvt ltd,"Ahmedabad,  Bengaluru / Bangalore,  Chennai,  Delhi,  Pune",10 - 15 Years
Flutter Internship in Ahmedabad,Maxgen Technologies,"Ahmedabad,  Bhavnagar,  Junagarh,  Rajkot,  Surendranagar",0 - 1 Years
SAP ABAP Consultant,Aadis Jobs,Agra,3 - 8 Years
Software Engineer  Job In USA,World wide Immigration Service Llp,,5 - 10 Years
Haryana ( Kalayat Kaithal District ),Space COnsultant,Other City(s) in Haryana,0 - 3 Years
MIS Executive | Senior MIS Analyst Job In Australia,CLOUD VISA IMMIGRATION LLP,Australia,3 - 8 Years
Electronics Engineer,Sudeep Consultancy,Nasik,3 - 5 Years
Software Developer Job in Canada,EXOTIC EXPERT SOLUTIONS LLP,Canada,3 - 7 Years
Golang Developer - J48509,SAMPOORNA CONSULTANTS PVT LTD,Mumbai,2 - 4 Years
"Spanish Language Instructor , Spanish Language Teacher",SHREE ADISHAKTHI CONSULTANCY,Bengaluru / Bangalore,2 - 5 Years
Senior Quality Assurance 3D Artist - J48227,SAMPOORNA CONSULTANTS PVT LTD,"Bengaluru / Bangalore,  Chennai",6 - 11 Years
.net  API + Azure- ( UK )  - Con- BLR - J48411,SAMPOORNA CONSULTANTS PVT LTD,Bengaluru / Bangalore,5 - 6 Years
PHP Developer Required In UNITED KINGDOM,PRIMEX IMMIGRATION LLP,,5 - 10 Years
Marketing Manager,Hardicon Limited,Noida/Greater Noida,4 - 5 Years
Customer Service Executive,Suresh Gopalan Acharya,Mumbai,2 - 7 Years
Purchase  Manager  Job In POLAND,World wide Immigration Service Llp,,4 - 8 Years
Sales  Manager  Job In POLAND,World wide Immigration Service Llp,,4 - 8 Years
GM MEP PROJECTS,Suman kumar,"Chennai,  Gurgaon,  Pune,  Ahmedabad,  Bhopal",10 - 15 Years
.net Core Developer - J48505,SAMPOORNA CONSULTANTS PVT LTD,Mumbai,1 - 4 Years
Android Developer - J48517,SAMPOORNA CONSULTANTS PVT LTD,Mumbai,5 - 7 Years
Backend Sales Support Executive,Waytogo Consultants Pvt Ltd,Bengaluru / Bangalore,0 - 3 Years
SEO Executive,Techno Wise,Ahmedabad,1 - 3 Years
Sr Python Developer - J48410,SAMPOORNA CONSULTANTS PVT LTD,Chennai,8 - 13 Years
Specialist - Package Implementation,LTIMindtree Ltd.,Chennai,5 - 8 Years
Costing Engineer,Multilink Management Consultant Pvt Ltd,Abu Dhabi,10 - 15 Years
Network  Engineer Job In POLAND,World wide Immigration Service Llp,,4 - 8 Years
Assistant Manager,TORRENT POWER LIMITED,Ahmedabad,10 - 12 Years
Finance  Manager  Required In GERMANY,PRIMEX IMMIGRATION LLP,Germany,4 - 8 Years
Area Sales Manager,TEKPILLAR SERVICES PRIVATE LIMITED,"Bikaner,  Kota",1 - 5 Years
OCI Service Reliability Engineer,TALPRO INDIA PRIVATE LIMITED,Bengaluru / Bangalore,5 - 15 Years
"""DIGITAL MARKETING EXECUTIVE""",AMIN MIGRATION LLP,Ahmedabad,1 - 5 Years
Service Desk Knowledge Manager - J48409,SAMPOORNA CONSULTANTS PVT LTD,Chennai,8 - 12 Years
Machine Learning + Python + Azure - AM -BLR - J48114,SAMPOORNA CONSULTANTS PVT LTD,Bengaluru / Bangalore,7 - 10 Years
Power Platform Lead - J48436,SAMPOORNA CONSULTANTS PVT LTD,Hyderabad/Secunderabad,8 - 10 Years
IVR Developer,Advance Consultancy Services,Other City(s) in Saudi Arabia,6 - 11 Years
PHP Developer Required In GERMANY,PRIMEX IMMIGRATION LLP,Germany,5 - 10 Years
Power Platform -Consultant-BLR - J47539A,SAMPOORNA CONSULTANTS PVT LTD,Bengaluru / Bangalore,4 - 7 Years
Accountant to work in Andheri East Office,SUDHEENDRA AND COMPANY LLP,Mumbai,2 - 7 Years
Snap Logic Developer,SKYWALK VISA IMMIGRATION SERVICES LLP,"Australia,  Canada,  Singapore,  null,  null",2 - 7 Years
"""Enterprise Cloud Architect""",SKYWALK VISA IMMIGRATION SERVICES LLP,"Canada,  Singapore,  UK,  null",1 - 6 Years
Safety Officer,Ample Leap Cognition,Pune,5 - 10 Years
"FOUNDRY MANAGER , 8 - 10 Yr , 10 - 12 L , GHAZIABAD",Swastic Enterprises,"Ahmedabad,  Delhi/NCR",10 - 12 Years
Technical Solution Specialist  Sales Engineer - J48416,SAMPOORNA CONSULTANTS PVT LTD,Pune,7 - 12 Years
Graphic Designer - JH - J48349,SAMPOORNA CONSULTANTS PVT LTD,Bengaluru / Bangalore,2 - 4 Years
Data Scientist,SKYWALK VISA IMMIGRATION SERVICES LLP,"Canada,  Germany",2 - 7 Years
Oracle EBS Cloud Apps Technical Architect,LTIMindtree Ltd.,"Ahmedabad,  Bengaluru / Bangalore,  Chennai,  Gurgaon,  Kolkata",12 - 15 Years
SAP PS Consultant,LTIMindtree Ltd.,"Ahmedabad,  Bengaluru / Bangalore,  Chennai,  Delhi,  Hyderabad/Secunderabad",5 - 10 Years
Senior Oracle FUSION SCM  FUNCTIONAL consultants,Hucon Solutions India Pvt ltd,"Ahmedabad,  Bengaluru / Bangalore,  Chennai,  Delhi,  Pune",10 - 15 Years
Director Business Development,Sarosh Karki,"Amreli,  Dharamshala,  Jammu,  Mysoru / Mysore,  Bhopal",10 - 15 Years
Tech Risk and Regulatory compliance - J48393,SAMPOORNA CONSULTANTS PVT LTD,Mumbai,4 - 9 Years
VueJS Tech Lead,Hucon Solutions India Pvt ltd,"Bengaluru / Bangalore,  Pune,  Bhubaneshwar",10 - 15 Years
Cable jointer,Tawakkal Manpower Services,Other City(s) in Saudi Arabia,0 - 3 Years
Hardware Engineer Job  In POLAND,ADAL IMMIGRATIONS LLP,,5 - 10 Years
Network  Engineer Job In MALTA,World wide Immigration Service Llp,,5 - 10 Years
UX | UI Designer Required In  SINGAPORE,EXOTIC EXPERT SOLUTIONS LLP,Singapore,5 - 10 Years
Flutter Internship in Ahmedabad,Maxgen Technologies,"Ahmedabad,  Bhavnagar,  Junagarh,  Rajkot,  Surendranagar",0 - 1 Years
Orthopaedic required for agra,Space COnsultant,Other City(s) in Uttar Pradesh,1 - 6 Years
"""Automation Test Architect""",LTIMindtree Ltd.,"Hyderabad/Secunderabad,  Pune",8 - 12 Years
Bank Manage   Job In UAE,ADAL IMMIGRATIONS LLP,,5 - 10 Years
Sales  &  Marketing Engineer,Sudeep Consultancy,"Pune,  Other City(s) in Maharashtra",0 - 2 Years
"Senior Graphic Designer , Graphic Designer",Suresh Gopalan Acharya,Mumbai,5 - 10 Years
Workday People Analytics Developer,LTIMindtree Ltd.,"Bengaluru / Bangalore,  Delhi/NCR,  Hyderabad/Secunderabad,  Mumbai,  Pune",5 - 8 Years
UX DESIGNER JOB IN SINGAPORE,CLOUD VISA IMMIGRATION LLP,Singapore,3 - 8 Years
Software Engineer  Job In USA,World wide Immigration Service Llp,,5 - 10 Years
Data Modelling Engineer with Azure Databricks Exp Redshift,White Horse Manpower Consultancy P Ltd,Bengaluru / Bangalore,5 - 10 Years
.net Architect - J48506,SAMPOORNA CONSULTANTS PVT LTD,Mumbai,10 - 15 Years
.net Developer - J48514,SAMPOORNA CONSULTANTS PVT LTD,Mumbai,1 - 3 Years
Lead Data Engineer - J48412,SAMPOORNA CONSULTANTS PVT LTD,Chennai,8 - 13 Years
PHP Developer Hiring For GERMANY,PRIMEX IMMIGRATION LLP,Germany,4 - 8 Years
SAP Data Integration,eSkillport HR Services Pvt. Ltd,"Kolkata,  Mumbai",8 - 12 Years
Openings For Virtual Relationship Manager For Bank - Thane,Hy Fly Consultancy,"Hyderabad/Secunderabad,  Mumbai,  Pune,  Navi Mumbai,  Thane",1 - 6 Years
Sales Manager Jobs in Gulf,TALENT VAULT LLP,"Australia,  Canada,  New Zealand,  Singapore",4 - 9 Years
ServiceNow CSM / ITSM Lead - J48395,SAMPOORNA CONSULTANTS PVT LTD,Chennai,10 - 15 Years
Power Platform Consultant - J48437,SAMPOORNA CONSULTANTS PVT LTD,Hyderabad/Secunderabad,4 - 7 Years
Site Merchandising Assistant - J47254A,SAMPOORNA CONSULTANTS PVT LTD,Bengaluru / Bangalore,5 - 8 Years
Website and Digital Marketing Sales Executive,Reliqus,Delhi,0 - 1 Years
Network Engineer Job In MALTA,CLOUD VISA IMMIGRATION LLP,"Canada,  Singapore,  null",3 - 8 Years
Teacher  Job In  SINGAPORE,EXOTIC EXPERT SOLUTIONS LLP,Singapore,4 - 8 Years
"Sales Executive , Senior Sales Executive",GLOBAL SOURCES EXHIBITIONS  EVENTS INDIA PRIVATE LIMITED,Delhi,1 - 6 Years
DFT Engineers,Hucon Solutions India Pvt ltd,"Ahmedabad,  Bengaluru / Bangalore,  Chennai,  Hyderabad/Secunderabad,  Noida/Greater Noida",6 - 11 Years
Specialist - Software Engineering,LTIMindtree Ltd.,Bengaluru / Bangalore,8 - 12 Years
Oracle EDI developer,LTIMindtree Ltd.,"Ahmedabad,  Bengaluru / Bangalore,  Chennai,  Hyderabad/Secunderabad,  Kolkata",5 - 10 Years
SAP FSCM Functional consultant,Hucon Solutions India Pvt ltd,"Ahmedabad,  Bengaluru / Bangalore,  Chennai,  Delhi,  Pune",8 - 13 Years
Senior Network Administrator - J48400,SAMPOORNA CONSULTANTS PVT LTD,Chennai,10 - 15 Years
Java Fullstack  ( UI Heavy )  - J48370,SAMPOORNA CONSULTANTS PVT LTD,Bengaluru / Bangalore,10 - 13 Years
Project Management trainer,Shalom cadd centre,Mumbai,0 - 3 Years
Java Fullstack Developer,Hucon Solutions India Pvt ltd,Bengaluru / Bangalore,4 - 8 Years
EA - Strategy and Special Projects - J48403,SAMPOORNA CONSULTANTS PVT LTD,Mumbai,5 - 10 Years
Finance  &  Accounts manager,Electrobrain modern technologies pvt ltd,"Rajkot,  Surat,  Surendranagar",5 - 10 Years
Lab Technician  Job In USA,World wide Immigration Service Llp,,5 - 10 Years
"International Sales -  , Debt Collection",sharda consultancy Services,"Delhi,  Delhi/NCR,  Gurgaon",1 - 4 Years
Defence channel,LINEUP MANPOWER SOLUTIONS PRIVATE LIMTED,"Bengaluru / Bangalore,  Pune,  Nasik",0 - 1 Years
Psychiatrist,Space COnsultant,Other City(s) in Uttar Pradesh,0 - 3 Years
Academic Counselor,Forgebs Technologies Pvt Ltd.,"Kolkata,  Dibrugarh,  Bhagalpur,  Patna,  Ranchi",0 - 3 Years
ServiceNow CSM / ITSM Developer  ( 115 )  - J48396,SAMPOORNA CONSULTANTS PVT LTD,Chennai,4 - 7 Years
PHP Developer Job In  GERMANY,PRIMEX IMMIGRATION LLP,Germany,5 - 10 Years
Finance  &  Accounts managment,Electrobrain modern technologies pvt ltd,"Mathura,  Meerut,  Moradabad",5 - 10 Years
Safety Advisor Jobs in Canada - Australia - New Zealand - UK,Srv global consultancy Pvt Ltd,"Australia,  Canada,  Germany,  New Zealand,  null",2 - 7 Years
Healthcare Manager Hiring For  Germany,CLOUD VISA IMMIGRATION LLP,"Dubai,  Canada,  Germany",3 - 8 Years
SEO Intern,Reliqus,Delhi,0 - 1 Years
PS  &  PPM Senior Consultant,eSkillport HR Services Pvt. Ltd,"Kolkata,  Mumbai",5 - 9 Years
Data Scientist,SKYWALK VISA IMMIGRATION SERVICES LLP,"Canada,  Germany",2 - 7 Years
Hardware Engineer,SKYWALK VISA IMMIGRATION SERVICES LLP,"Australia,  Canada,  Singapore,  null",2 - 7 Years
Support Analyst – Finance - J48344,SAMPOORNA CONSULTANTS PVT LTD,Chennai,3 - 5 Years
"""Business Development Executive  ( BDE ) """,GLOBAL SOURCES EXHIBITIONS  EVENTS INDIA PRIVATE LIMITED,Delhi,1 - 6 Years
Sr DevOps Engineer - J48354,SAMPOORNA CONSULTANTS PVT LTD,Hyderabad/Secunderabad,6 - 10 Years
FPGA Prototyping TVC Engineers,Hucon Solutions India Pvt ltd,"Ahmedabad,  Bengaluru / Bangalore,  Chennai,  Hyderabad/Secunderabad,  Noida/Greater Noida",6 - 11 Years
Platform Engineering: Azure DevOps Engineer,TALPRO INDIA PRIVATE LIMITED,Bengaluru / Bangalore,5 - 15 Years
Java Developer,Electrobrain modern technologies pvt ltd,"Madurai,  Nagercoil",3 - 8 Years
Hitachi Storage Administration,LTIMindtree Ltd.,"Chennai,  Hyderabad/Secunderabad,  Kolkata,  Mumbai,  Pune",8 - 12 Years
SAP TRM Lead,Hucon Solutions India Pvt ltd,"Ahmedabad,  Bengaluru / Bangalore,  Chennai,  Delhi,  Pune",8 - 13 Years
Network Data Admin - L3 - J48388,SAMPOORNA CONSULTANTS PVT LTD,Chennai,6 - 10 Years
Full-Stack Developer  ( Back-End )  #93 - J48272,SAMPOORNA CONSULTANTS PVT LTD,Chennai,5 - 8 Years
Logistic Manager Job In POLAND,ADAL IMMIGRATIONS LLP,,5 - 10 Years
Dietician  Job In  NEW ZEALAND,World wide Immigration Service Llp,New Zealand,3 - 8 Years
Creative Strategist – Copy,Elixir Integrated Brandcomm Private Limited,"Mumbai,  Pune",4 - 8 Years
Snowflake Developer,Hucon Solutions India Pvt ltd,Bengaluru / Bangalore,4 - 9 Years
Finance  &  Accounts manager,Electrobrain modern technologies pvt ltd,"Palanpur,  Patan,  Porbandar",5 - 10 Years
ServiceNow CSM / ITSM Developer - J48397,SAMPOORNA CONSULTANTS PVT LTD,Chennai,4 - 7 Years
"Senior Backend Developer , Team Lead Software Engineer , Tech Lead",PREDATORS CONSULTING,"Mumbai,  Navi Mumbai",3 - 8 Years
Finance  &  Accounts managment,Electrobrain modern technologies pvt ltd,"Gorakhpur,  Kanpur,  Lucknow",5 - 10 Years
Pediatrician / Neonatologist,Space COnsultant,Other City(s) in Chhattisgarh,0 - 3 Years
SAP Fiori / UI5 Consultant,eSkillport HR Services Pvt. Ltd,"Kolkata,  Mumbai",8 - 10 Years
UX  /  UI Designer Hiring For GERMANY,CLOUD VISA IMMIGRATION LLP,Germany,3 - 8 Years
Senior Cloud Operations Engineer - J48358,SAMPOORNA CONSULTANTS PVT LTD,Chennai,8 - 12 Years
Emulation Engineers,Hucon Solutions India Pvt ltd,"Ahmedabad,  Bengaluru / Bangalore,  Chennai,  Hyderabad/Secunderabad,  Noida/Greater Noida",6 - 11 Years
Java Developer,Electrobrain modern technologies pvt ltd,"Meerut,  Moradabad,  Muzaffarnagar",3 - 8 Years
Oracle WMS Intellinum Consultant,LTIMindtree Ltd.,"Ahmedabad,  Bengaluru / Bangalore,  Chennai,  Hyderabad/Secunderabad,  Kolkata",6 - 11 Years
SAP APO DP SNP,Hucon Solutions India Pvt ltd,"Ahmedabad,  Bengaluru / Bangalore,  Chennai,  Delhi,  Pune",6 - 10 Years
Radiologist,Space COnsultant,Other City(s) in Chhattisgarh,1 - 6 Years
VueJS Tech Lead,Hucon Solutions India Pvt ltd,"Bengaluru / Bangalore,  Pune,  Bhubaneshwar",10 - 15 Years
Finance  &  Accounts manager,Electrobrain modern technologies pvt ltd,"Morbi,  Nadiad,  Navsari",5 - 10 Years
Senior Quality Assurance 3D Artist - J48227,SAMPOORNA CONSULTANTS PVT LTD,"Bengaluru / Bangalore,  Chennai",6 - 11 Years
Finance  &  Accounts managment,Electrobrain modern technologies pvt ltd,"Bareilly,  Faizabad,  Ghaziabad",5 - 10 Years
Java Fullstack  ( UI Heavy )  -P8 - J48372,SAMPOORNA CONSULTANTS PVT LTD,Hyderabad/Secunderabad,15 - 18 Years
Analog Layout Design Engineers,Hucon Solutions India Pvt ltd,"Ahmedabad,  Bengaluru / Bangalore,  Chennai,  Hyderabad/Secunderabad,  Noida/Greater Noida",6 - 11 Years
Flutter Internship in Ahmedabad,Maxgen Technologies,"Ahmedabad,  Bhavnagar,  Junagarh,  Rajkot,  Surat",0 - 1 Years
Java Developer,Electrobrain modern technologies pvt ltd,"Kanpur,  Lucknow,  Mathura",3 - 8 Years
Senior ABAP HANA  developers,Hucon Solutions India Pvt ltd,"Ahmedabad,  Bengaluru / Bangalore,  Chennai,  Delhi,  Pune",6 - 10 Years
Automation Lead,LTIMindtree Ltd.,Chennai,16 - 19 Years
.netcore Lead - J48366,SAMPOORNA CONSULTANTS PVT LTD,Bengaluru / Bangalore,8 - 12 Years
ML Architect,Hucon Solutions India Pvt ltd,Hyderabad/Secunderabad,10 - 15 Years
Finance  &  Accounts manager,Electrobrain modern technologies pvt ltd,"Kalol,  Kandla,  Mehsana",5 - 10 Years
Python Automation Engineer - J48392,SAMPOORNA CONSULTANTS PVT LTD,Chennai,6 - 8 Years
Finance  &  Accounts managment,Electrobrain modern technologies pvt ltd,"Agra,  Aligarh,  Allahabad",5 - 10 Years
Business Development Manager - Agency Channel  ( Life Insurance ),TEKPILLAR SERVICES PRIVATE LIMITED,"Guwahati,  Jorhat,  Tinsukia,  Kolkata",1 - 5 Years
IOS Architect - J48376,SAMPOORNA CONSULTANTS PVT LTD,Bengaluru / Bangalore,10 - 13 Years
Analog Circuit Design Engineers,Hucon Solutions India Pvt ltd,"Ahmedabad,  Bengaluru / Bangalore,  Chennai,  Hyderabad/Secunderabad,  Noida/Greater Noida",6 - 11 Years
Java Developer,Electrobrain modern technologies pvt ltd,"Dehradun,  Haldwani,  Haridwar",3 - 8 Years
Radiologist,Space COnsultant,Other City(s) in Uttar Pradesh,1 - 6 Years
Lead SAP EWM Functional Consultant,Hucon Solutions India Pvt ltd,"Ahmedabad,  Bengaluru / Bangalore,  Chennai,  Delhi,  Pune",6 - 10 Years
.netcore - J48365,SAMPOORNA CONSULTANTS PVT LTD,Bengaluru / Bangalore,4 - 7 Years
Salesforce Developer,Hucon Solutions India Pvt ltd,"Bengaluru / Bangalore,  Pune,  Bhubaneshwar",8 - 10 Years
Finance  &  Accounts manager,Electrobrain modern technologies pvt ltd,"Jamnagar,  Jetpur,  Junagarh",5 - 10 Years
Network Architecture - Design and Engineering Lead - J48401,SAMPOORNA CONSULTANTS PVT LTD,Chennai,15 - 20 Years
Finance  &  Accounts,Electrobrain modern technologies pvt ltd,"Ahmedabad,  Bengaluru / Bangalore,  Chennai",5 - 10 Years
Global Recertification Lead - J48378,SAMPOORNA CONSULTANTS PVT LTD,Chennai,8 - 12 Years
Design Verification Engineers,Hucon Solutions India Pvt ltd,"Ahmedabad,  Bengaluru / Bangalore,  Chennai,  Hyderabad/Secunderabad,  Noida/Greater Noida",6 - 11 Years
Java Developer,Electrobrain modern technologies pvt ltd,"Asansol,  Burdwan,  Durgapur",3 - 8 Years
Ariba upstream CONSULTANT,Hucon Solutions India Pvt ltd,"Ahmedabad,  Bengaluru / Bangalore,  Chennai,  Delhi,  Pune",8 - 12 Years
Pediatrician,Space COnsultant,Other City(s) in Rajasthan,0 - 3 Years
Data Scientist,Hucon Solutions India Pvt ltd,Bengaluru / Bangalore,8 - 12 Years
Finance  &  Accounts manager,Electrobrain modern technologies pvt ltd,"Gir,  Godhra,  Gondal",5 - 10 Years
Lead Network Administrator - J48402,SAMPOORNA CONSULTANTS PVT LTD,Chennai,15 - 20 Years
Finance Administrator,Electrobrain modern technologies pvt ltd,"Delhi,  Delhi/NCR,  Gurgaon,  Mumbai,  Noida/Greater Noida",5 - 10 Years
Physical Design Engineers,Hucon Solutions India Pvt ltd,"Ahmedabad,  Bengaluru / Bangalore,  Chennai,  Hyderabad/Secunderabad,  Noida/Greater Noida",6 - 11 Years
Java Developer,Electrobrain modern technologies pvt ltd,"Bhiwandi,  Bhusawal,  Buldhana",3 - 8 Years
Sr. SAP BTP Developer,Hucon Solutions India Pvt ltd,"Ahmedabad,  Bengaluru / Bangalore,  Chennai,  Delhi,  Pune",6 - 10 Years
Finance  &  Accounts manager,Electrobrain modern technologies pvt ltd,"Deesa,  Gandhidham,  Gandhinagar",5 - 10 Years
Raw Material Sourcing Manager,Electrobrain modern technologies pvt ltd,"Ankleshwar,  Bharuch,  Bhavnagar",8 - 10 Years
ASIC / SoC RTL Engineer,Hucon Solutions India Pvt ltd,"Ahmedabad,  Bengaluru / Bangalore,  Chennai,  Hyderabad/Secunderabad,  Noida/Greater Noida",6 - 11 Years
CREATIVE ACCOUNT MANAGER - MA - J48381,SAMPOORNA CONSULTANTS PVT LTD,Bengaluru / Bangalore,6 - 10 Years
Java Developer,Electrobrain modern technologies pvt ltd,"Akola,  Amravati,  Aurangabad",3 - 8 Years
SAP FICO  Product Costing consultant,Hucon Solutions India Pvt ltd,"Ahmedabad,  Bengaluru / Bangalore,  Chennai,  Delhi,  Pune",8 - 12 Years
NodeJS FullStack Developer,Hucon Solutions India Pvt ltd,"Bengaluru / Bangalore,  Pune,  Bhubaneshwar",4 - 9 Years
Finance  &  Accounts manager,Electrobrain modern technologies pvt ltd,"Bhuj,  Botad,  Dahod",5 - 10 Years
Java Backend Developer  ( 36795 ) -Sat Drive - J48406,SAMPOORNA CONSULTANTS PVT LTD,Bengaluru / Bangalore,4 - 7 Years
Android Architect - J48375,SAMPOORNA CONSULTANTS PVT LTD,Bengaluru / Bangalore,10 - 13 Years
Java Developer,Electrobrain modern technologies pvt ltd,"Jabalpur,  Katni,  Ratlam",3 - 8 Years
Loftware,Hucon Solutions India Pvt ltd,"Ahmedabad,  Bengaluru / Bangalore,  Chennai,  Delhi,  Pune",6 - 11 Years
SITE RELIABILITY Senior Developer,Hucon Solutions India Pvt ltd,"Bengaluru / Bangalore,  Pune,  Bhubaneshwar",6 - 10 Years
Finance  &  Accounts manager,Electrobrain modern technologies pvt ltd,"Ankleshwar,  Bharuch,  Bhavnagar",5 - 10 Years
Raw Material Sourcing Manager,Electrobrain modern technologies pvt ltd,"Sangareddy,  Srikakulam,  Tirupati",8 - 10 Years
Global Cloud Network Infra Manager - J48399,SAMPOORNA CONSULTANTS PVT LTD,Chennai,15 - 20 Years
SAP Ariba,Hucon Solutions India Pvt ltd,"Ahmedabad,  Bengaluru / Bangalore,  Chennai,  Delhi,  Pune",6 - 11 Years
Machine LearningSenior Developer,Hucon Solutions India Pvt ltd,Hyderabad/Secunderabad,6 - 10 Years
Finance  &  Accounts manager,Electrobrain modern technologies pvt ltd,"Bengaluru / Bangalore,  Chennai",5 - 10 Years
Java Developer,Electrobrain modern technologies pvt ltd,"Belgaum,  Bellary,  Bidar",3 - 8 Years
SAP MDG  &  ECC,Hucon Solutions India Pvt ltd,"Ahmedabad,  Bengaluru / Bangalore,  Chennai,  Delhi,  Pune",6 - 11 Years
Tableau Senior Developer,Hucon Solutions India Pvt ltd,Hyderabad/Secunderabad,6 - 10 Years
Finance  &  Accounts manager,Electrobrain modern technologies pvt ltd,"Ahmedabad,  Amreli,  Anand",5 - 10 Years
Raw Material Sourcing Manager,Electrobrain modern technologies pvt ltd,"Mumbai,  Noida/Greater Noida,  Pune",8 - 10 Years
.net full stack + Dot net core - Consultant - BLRPUN - J47092,SAMPOORNA CONSULTANTS PVT LTD,Bengaluru / Bangalore,4 - 6 Years
SAP BODS consultant,Hucon Solutions India Pvt ltd,"Ahmedabad,  Bengaluru / Bangalore,  Chennai,  Delhi,  Pune",6 - 11 Years
PHP Senior Developer,Hucon Solutions India Pvt ltd,Hyderabad/Secunderabad,6 - 10 Years
Finance  &  Accounts manager,Electrobrain modern technologies pvt ltd,"Bhilai-Durg,  Bilaspur,  Raipur",5 - 10 Years
Network Data Admin - L2 - J48389,SAMPOORNA CONSULTANTS PVT LTD,Chennai,3 - 6 Years
SAP SAC Consultant,Hucon Solutions India Pvt ltd,"Ahmedabad,  Bengaluru / Bangalore,  Chennai,  Delhi,  Pune",6 - 11 Years
SAP NATIVE HANA consultant,Hucon Solutions India Pvt ltd,"Bengaluru / Bangalore,  Pune,  Bhubaneshwar",4 - 9 Years
Finance  &  Accounts manager,Electrobrain modern technologies pvt ltd,"Silchar,  Tezpur,  Tinsukia",5 - 10 Years
Raw Material Sourcing Manager,Electrobrain modern technologies pvt ltd,"Delhi,  Delhi/NCR,  Gurgaon,  Chandigarh,  Faridabad",8 - 10 Years
AEM Developer,Hucon Solutions India Pvt ltd,"Bengaluru / Bangalore,  Pune,  Bhubaneshwar",5 - 10 Years
Finance  &  Accounts manager,Electrobrain modern technologies pvt ltd,"Guwahati,  Jorhat,  Sibsagar",5 - 10 Years
Python Developer,Hucon Solutions India Pvt ltd,"Bengaluru / Bangalore,  Cochin/ Kochi/ Ernakulam",8 - 12 Years
Finance  &  Accounts manager,Electrobrain modern technologies pvt ltd,"Bongaigaon,  Dhubri,  Dibrugarh",5 - 10 Years
Cloud Database SME - J48387,SAMPOORNA CONSULTANTS PVT LTD,Chennai,8 - 12 Years
Teamcenter Developer,Hucon Solutions India Pvt ltd,Pune,6 - 11 Years
Finance  &  Accounts manager,Electrobrain modern technologies pvt ltd,"Tirupati,  Vijayawada,  Visakhapatnam",5 - 10 Years
Associate Consultant - D365 BC Finance - J48382,SAMPOORNA CONSULTANTS PVT LTD,Pune,1 - 3 Years
AWS Cloud Architect,Hucon Solutions India Pvt ltd,Pune,13 - 18 Years
Data Science Internship in Pune,Maxgen Technologies,"Pune,  Amravati,  Dhule,  Sangli,  Satara",0 - 1 Years
Mechanical Engineer,Electrobrain modern technologies pvt ltd,"Ahmedabad,  Bengaluru / Bangalore,  Chennai,  Delhi,  Delhi/NCR",3 - 8 Years
"Graphic Designer , Designer , Illustrator",Seabit Technologies Pvt Ltd,Kolkata,1 - 6 Years
"Head Finance , Finance  &  Accounts , CA-Finance",US,Mumbai,6 - 11 Years
AWS Solution Architect Internship in Pune,Maxgen Technologies,"Pune,  Amravati,  Dhule,  Sangli,  Satara",0 - 1 Years
MIS Executive,Anshi Immigration Private Limited,Canada,4 - 9 Years
Production Engineer  /  Sr. Production Manager,Suman kumar,"Gurgaon,  Noida/Greater Noida,  Pune,  Bhubaneshwar",5 - 10 Years
Software Engineer Hiring For CANADA under PR visa,World Overseas immigration Consultancy Pvt Ltd,"Australia,  Canada",2 - 7 Years
Graphic Designer settle in Canada,World Overseas immigration Consultancy Pvt Ltd,"Australia,  Canada",2 - 7 Years
Mechanical  &  Physical Engineer,Electrobrain modern technologies pvt ltd,"Ahmedabad,  Delhi,  Delhi/NCR,  Gurgaon,  Noida/Greater Noida",3 - 8 Years
Python Internship in Pune,Maxgen Technologies,"Pune,  Amravati,  Dhule,  Sangli,  Satara",0 - 1 Years
Computer Programmer,Vasantdada Sugar Institute,Pune,0 - 1 Years
Lead Flutter Devloper,Sparks To Ideas,Ahmedabad,0 - 1 Years
SharePoint development Support  FullStac wit Net B'lore Mumbai,White Horse Manpower Consultancy P Ltd,"Bengaluru / Bangalore,  Mumbai",10 - 15 Years
Data Analyst Internship in Pune,Maxgen Technologies,"Pune,  Amravati,  Dhule,  Sangli,  Satara",0 - 1 Years
React Js Internship in Pune,Maxgen Technologies,"Pune,  Amravati,  Dhule,  Sangli,  Satara",0 - 1 Years
Junior Engineer,Electrobrain modern technologies pvt ltd,"Ahmedabad,  Delhi,  Delhi/NCR,  Gurgaon,  Noida/Greater Noida",3 - 8 Years
Group Head Purchase  &  SCM,Ample Leap Cognition,Pune,18 - 23 Years
Automation And Control Engineer,ENIGMASOFT TECHNOLOGIES PRIVATE LIMITED,Panjim/Panaji,3 - 5 Years
Data Analyst Internship in Pune,Maxgen Technologies,"Pune,  Jalgaon,  Kolhapur,  Nasik,  Solapur",0 - 1 Years
Accountant / Accounts Executive,MIAECT Pvt Ltd,Navi Mumbai,2 - 5 Years
Python Internship in Pune,Maxgen Technologies,"Pune,  Amravati,  Dhule,  Sangli,  Satara",0 - 1 Years
Java Developer -KJMG - J48519,SAMPOORNA CONSULTANTS PVT LTD,Mumbai,2 - 7 Years
Junior Accountant,Final Round,Kolkata,0 - 1 Years
Python Internship in Pune,Maxgen Technologies,"Pune,  Jalgaon,  Kolhapur,  Nasik,  Solapur",0 - 1 Years
Web Development Internship in Pune,Maxgen Technologies,"Pune,  Amravati,  Dhule,  Sangli,  Satara",0 - 1 Years
QA | QC Engineer  Job In GERMANY,World wide Immigration Service Llp,Germany,5 - 10 Years
Data Analyst Internship in Pune,Maxgen Technologies,"Pune,  Amravati,  Dhule,  Sangli,  Satara",0 - 1 Years
Python Internship in Pune,Maxgen Technologies,"Pune,  Amravati,  Dhule,  Sangli,  Satara",0 - 1 Years
Manager  /  Sr. Manager - Import Export Documentation,Suman kumar,"Delhi/NCR,  Mumbai,  Noida/Greater Noida,  Pune,  Indore",15 - 20 Years
"BUSINESS DEVELOPMENT  (  MEP  )  , 8 - 10 Yr , 25 - 35 L , DELHI",Swastic Enterprises,"Delhi,  Delhi/NCR",8 - 12 Years
CAE Engineer,Electrobrain modern technologies pvt ltd,"Ahmedabad,  Delhi,  Delhi/NCR,  Gurgaon,  Noida/Greater Noida",3 - 8 Years
AWS Solution Architect Internship in Pune,Maxgen Technologies,"Pune,  Jalgaon,  Kolhapur,  Nasik,  Solapur",0 - 1 Years
.net Developer - J48514,SAMPOORNA CONSULTANTS PVT LTD,Mumbai,1 - 3 Years
Senior .net Developer - VB6,TALPRO INDIA PRIVATE LIMITED,Bengaluru / Bangalore,6 - 15 Years
Java - Design engineer professional - J48487,SAMPOORNA CONSULTANTS PVT LTD,Bengaluru / Bangalore,3 - 5 Years
Data Science Internship in Pune,Maxgen Technologies,"Pune,  Amravati,  Dhule,  Sangli,  Satara",0 - 1 Years
Python Developer Internship in Ahmedabad,Maxgen Technologies,"Ahmedabad,  Anand,  Gandhinagar,  Mehsana,  Surat",0 - 1 Years
Data Science Internship in Pune,Maxgen Technologies,"Pune,  Amravati,  Dhule,  Sangli,  Satara",0 - 1 Years
Specialist - Quality Engineering,LTIMindtree Ltd.,Bengaluru / Bangalore,3 - 6 Years
Fullstack PHP CodeIgniter developer,Waytogo Consultants Pvt Ltd,Bengaluru / Bangalore,2 - 4 Years
Mern Stack Internship in Pune,Maxgen Technologies,"Pune,  Amravati,  Dhule,  Sangli,  Satara",0 - 1 Years
Mern Stack Internship in Pune,Maxgen Technologies,"Pune,  Jalgaon,  Kolhapur,  Nasik,  Solapur",0 - 1 Years
Hardware Engineer Job In GERMANY,ADAL IMMIGRATIONS LLP,Germany,7 - 12 Years
Principle Engineer,Electrobrain modern technologies pvt ltd,"Ahmedabad,  Bengaluru / Bangalore,  Chennai,  Delhi,  Delhi/NCR",3 - 8 Years
OCI Architect,LTIMindtree Ltd.,"Bengaluru / Bangalore,  Chennai,  Kolkata,  Mumbai,  Pune",15 - 20 Years
"Software engineer , Software Designer , Systems architect",Anavrin Adviser Pvt Ltd,"Australia,  Canada,  Singapore,  null,  null",3 - 8 Years
Python Internship in Pune,Maxgen Technologies,"Pune,  Amravati,  Dhule,  Sangli,  Satara",0 - 1 Years
Final Year Project Internship,Sparks To Ideas,Ahmedabad,0 - 1 Years
Flexcube Technical Consultant,LTIMindtree Ltd.,"Bengaluru / Bangalore,  Chennai,  Hyderabad/Secunderabad,  Mumbai,  Pune",5 - 10 Years
Java Developer  ( 2-4 Yrs )  - J48510,SAMPOORNA CONSULTANTS PVT LTD,Mumbai,2 - 4 Years
Winter Inter in cyber,Sparks To Ideas,Ahmedabad,0 - 1 Years
Key Accounts Manager,ANIRUDDHA ROY CHOUDHURY,"Chennai,  Gurgaon,  Kolkata,  Mumbai",13 - 18 Years
Website Designer,SKYWALK VISA IMMIGRATION SERVICES LLP,"Australia,  New Zealand,  Singapore,  null",3 - 8 Years
Product Owner-Senior Manager - Program  &  Project Management,LTIMindtree Ltd.,Gurgaon,8 - 12 Years
Data  Analyst Internship in Pune,Maxgen Technologies,"Pune,  Jalgaon,  Kolhapur,  Nasik,  Solapur",0 - 1 Years
Data Science Internship in Pune,Maxgen Technologies,"Pune,  Jalgaon,  Kolhapur,  Nasik,  Solapur",0 - 1 Years
Senior Manager Retail Underwriting Mumbai,Client of placement company,"Mumbai,  Navi Mumbai,  Thane",4 - 9 Years
Mechanical / BOE Engineer,Electrobrain modern technologies pvt ltd,"Delhi,  Delhi/NCR,  Gurgaon,  Noida/Greater Noida,  Pune",3 - 8 Years
Python AI / ML Developer,Mart2Global,Ahmedabad,1 - 5 Years
Network Engineer Required In MALTA,PRIMEX IMMIGRATION LLP,,8 - 13 Years
Last Sem Project Internship,Sparks To Ideas,"Ahmedabad,  Gandhinagar,  Junagarh,  Mehsana,  Rajkot",0 - 1 Years
Java Internship in Ahmedabad,Maxgen Technologies,"Ahmedabad,  Bhavnagar,  Junagarh,  Rajkot,  Surendranagar",0 - 1 Years
Network Engineer  Required In ABROAD,World wide Immigration Service Llp,"Dubai,  Canada,  Germany,  null,  null",2 - 7 Years
"Airport jobs in Aircraft Maintenance Department , Mechanical ,",sachin kumar,"Ahmedabad,  Bengaluru / Bangalore,  Chennai,  Hyderabad/Secunderabad,  Mumbai",0 - 3 Years
Project Internship,Sparks To Ideas,Ahmedabad,0 - 1 Years
Data Science Internship in Pune,Maxgen Technologies,"Pune,  Jalgaon,  Kolhapur,  Nasik,  Solapur",0 - 1 Years
Remote - EDMCS Specialist,TALPRO INDIA PRIVATE LIMITED,Bengaluru / Bangalore,7 - 15 Years
Machine Learning Internship in Pune,Maxgen Technologies,"Pune,  Jalgaon,  Kolhapur,  Nasik,  Solapur",0 - 1 Years
Testing and Comissioning,eSkillport HR Services Pvt. Ltd,Bengaluru / Bangalore,2 - 5 Years
Graphic Designer,Seabit Media Pvt Ltd,Kolkata,0 - 3 Years
Delivery Management - Mobile Application - J48493,SAMPOORNA CONSULTANTS PVT LTD,Bengaluru / Bangalore,15 - 20 Years
Mechanical Engineer,Electrobrain modern technologies pvt ltd,"Ahmedabad,  Bengaluru / Bangalore,  Chennai,  Delhi,  Delhi/NCR",3 - 8 Years
Require Data Entry Operator work from home,Gentech Global,"Delhi,  Delhi/NCR,  Gurgaon,  Noida/Greater Noida,  Ghaziabad",0 - 1 Years
"Alteryx ,  Visualization ,  ETL Developer ,  Jobs IN B'lore  &  Pune",White Horse Manpower Consultancy P Ltd,"Bengaluru / Bangalore,  Pune",3 - 8 Years
Sales  &  Marketing - Head,Ample Leap Cognition,Pune,15 - 20 Years
Android Architect - J48375,SAMPOORNA CONSULTANTS PVT LTD,Bengaluru / Bangalore,10 - 13 Years
Remote -Senior Tableau Developer,TALPRO INDIA PRIVATE LIMITED,Bengaluru / Bangalore,6 - 15 Years
"Office Executive , ""Front Office Executive"" , Back Office Executive",ASSOCIATIVE,Pune,0 - 1 Years
Business Development Manager,DANUSH SYSTEMS AND SOLUTIONS,Bengaluru / Bangalore,5 - 10 Years
Urgent hiring For banking process ( Phone banking -Voice process ),Hy Fly Consultancy,"Mumbai,  Pune,  Navi Mumbai,  Thane",0 - 3 Years
QA | QC Engineer  Job In CANADA,World wide Immigration Service Llp,Canada,4 - 8 Years
Tech Lead,LTIMindtree Ltd.,"Hyderabad/Secunderabad,  Kolkata",8 - 12 Years
FINANCE HEAD-FARIDABAD-REAL ESTATE,Eternal HR Services Pvt Ltd,Faridabad,10 - 15 Years
Final Year Project Internship,Sparks To Ideas,"Ahmedabad,  Gandhinagar,  Junagarh,  Mehsana,  Rajkot",0 - 1 Years
Quality Assurance,Equniox Business Solutions,Bengaluru / Bangalore,4 - 6 Years
Graphic Designer,Agra Products Pvt Ltd,"Delhi,  Delhi/NCR,  Noida/Greater Noida",2 - 5 Years
Software Engineer\Sr. Software Engineer - J48459,SAMPOORNA CONSULTANTS PVT LTD,Bengaluru / Bangalore,4 - 7 Years
Java Developer  ( 2-4 Yrs )  - J48510,SAMPOORNA CONSULTANTS PVT LTD,Mumbai,2 - 4 Years
Developer C  ( Kernel  )  C platform experience with linux Bangalore,White Horse Manpower Consultancy P Ltd,Bengaluru / Bangalore,5 - 10 Years
React Js Internship in Pune,Maxgen Technologies,"Pune,  Amravati,  Dhule,  Sangli,  Satara",0 - 1 Years
Software Engineer Hiring For  NEW ZEALAND,EXOTIC EXPERT SOLUTIONS LLP,New Zealand,3 - 8 Years
Engineering Managers,Electrobrain modern technologies pvt ltd,"Ahmedabad,  Chennai,  Delhi,  Delhi/NCR,  Gurgaon",3 - 8 Years
Business Analyst,Techno Wise,Ahmedabad,3 - 4 Years
Maximo Technical Consultant,LTIMindtree Ltd.,"Bengaluru / Bangalore,  Chennai,  Hyderabad/Secunderabad,  Mumbai,  Pune",5 - 10 Years
Full Stack Developer,Equniox Business Solutions,Bengaluru / Bangalore,4 - 7 Years
Delivery Management - Mobile Application - J48493,SAMPOORNA CONSULTANTS PVT LTD,Bengaluru / Bangalore,15 - 20 Years
Data Science Internship in Pune,Maxgen Technologies,"Pune,  Jalgaon,  Kolhapur,  Nasik,  Solapur",0 - 1 Years
Python Internship in Ahmedabad,Maxgen Technologies,"Ahmedabad,  Anand,  Gandhinagar,  Mehsana,  Surat",0 - 1 Years
"Content Implementation HTML ,  CSS ,  AEM6 Sanity Exp in CMS Chennai",White Horse Manpower Consultancy P Ltd,Chennai,3 - 8 Years
Remote -Oracle EBS Technical Consultant,TALPRO INDIA PRIVATE LIMITED,Bengaluru / Bangalore,7 - 15 Years
"Computer Operator , Computer Operator / Data Entry Operator",ASSOCIATIVE,Pune,0 - 1 Years
IOS Architect - J48376,SAMPOORNA CONSULTANTS PVT LTD,Bengaluru / Bangalore,10 - 13 Years
Logistic Manager Hiring For DUBAI,ADAL IMMIGRATIONS LLP,Dubai,8 - 13 Years
HR Generalist,SKYWALK VISA IMMIGRATION SERVICES LLP,"Canada,  Germany,  New Zealand",4 - 9 Years
Java FullStack Developer,LTIMindtree Ltd.,"Chennai,  Hyderabad/Secunderabad,  Kolkata,  Pune",4 - 7 Years
Network Engineer Hiring For DUBAI,ADAL IMMIGRATIONS LLP,Dubai,8 - 13 Years
Innovation Engineer - AI - J48457,SAMPOORNA CONSULTANTS PVT LTD,"Bengaluru / Bangalore,  Chennai",3 - 5 Years
Live Project Internship in Ahmedabad,Sparks To Ideas,"Ajmer,  Bikaner,  Jaipur,  Kota,  Udaipur",0 - 1 Years
Software Integration Lead,Equniox Business Solutions,Bengaluru / Bangalore,10 - 15 Years
Web Developer Job in Canada,EXOTIC EXPERT SOLUTIONS LLP,Canada,3 - 7 Years
Mern Stack Internship in Ahmedabad,Maxgen Technologies,"Ahmedabad,  Anand,  Gandhinagar,  Mehsana,  Surat",0 - 1 Years
Web Designer  Job In DUBAI,PRIMEX IMMIGRATION LLP,Dubai,3 - 8 Years
Ahmedabad's internship for cyber security,Sparks To Ideas,Ahmedabad,0 - 1 Years
"""Chief Security Officer""",Ample Leap Cognition,Faridabad,12 - 15 Years
Network Engineer,Techno Wise,Ahmedabad,1 - 5 Years
Wordpress Developer,Vishal Consultancy,Ahmedabad,3 - 4 Years
Python Internship in Ahmedabad,Maxgen Technologies,Ahmedabad,0 - 1 Years
Senior Principal - Architecture,LTIMindtree Ltd.,Hyderabad/Secunderabad,15 - 22 Years
QA | QC Engineer  Job In CANADA,World wide Immigration Service Llp,Canada,3 - 8 Years
Graphic Designers,Navyah Immigration Services Private Limited,"Dubai,  Australia,  Canada,  Singapore,  null",2 - 7 Years
Data Engineer - J48492,SAMPOORNA CONSULTANTS PVT LTD,Pune,3 - 4 Years
DOT NET Developer,Waytogo Consultants Pvt Ltd,Pune,3 - 7 Years
Python Developer,Element Skill,"Bengaluru / Bangalore,  Gurgaon,  Mumbai,  Noida/Greater Noida,  Pune",4 - 9 Years
Network Engineer L2 - J48287,SAMPOORNA CONSULTANTS PVT LTD,Chennai,4 - 6 Years
Finance Accountant,Electrobrain modern technologies pvt ltd,"Vijayawada,  Visakhapatnam,  Ahmedabad,  Bhuj,  Gandhinagar",5 - 10 Years
Required Flutter Developer,Sparks To Ideas,Ahmedabad,0 - 1 Years
Final Year Project Internship,Sparks To Ideas,"Ahmedabad,  Gandhinagar,  Junagarh,  Mehsana,  Rajkot",0 - 1 Years
SAP Time Off- Software Engineering Professional J48438,SAMPOORNA CONSULTANTS PVT LTD,Bengaluru / Bangalore,3 - 8 Years
Java Backend Developer,LTIMindtree Ltd.,"Chennai,  Hyderabad/Secunderabad,  Kolkata,  Pune",4 - 7 Years
Software Engineer  Job In GERMANY,World wide Immigration Service Llp,Germany,3 - 8 Years
QA | QC Engineer  Job In DUBAI,World wide Immigration Service Llp,Dubai,2 - 7 Years
"""Accounts executive"" , Account Assistant , Accountant",MOUNTAIN RANGE PROPERTIES and RESORTS PVT. LTD.,"Mumbai,  Thane",3 - 5 Years
Live Project Internship in Ahmedabad,Sparks To Ideas,"Ahmedabad,  Gandhinagar,  Junagarh,  Mehsana,  Rajkot",0 - 1 Years
GM Finance Accounts,Electrobrain modern technologies pvt ltd,"Delhi,  Delhi/NCR,  Gurgaon,  Mumbai,  Noida/Greater Noida",5 - 10 Years
Internship for Flutter,Sparks To Ideas,Ahmedabad,0 - 1 Years
PYTHON INTERNSHIP IN AHEMDABAD,Sparks To Ideas,Ahmedabad,0 - 1 Years
Cyber Security Training In Ahmedabad,Sparks To Ideas,"Ahmedabad,  Bhavnagar,  Botad,  Junagarh,  Rajkot",0 - 1 Years
Software Testing internship in Ahmedabad,Maxgen Technologies,"Ahmedabad,  Anand,  Gandhinagar,  Mehsana,  Surat",0 - 1 Years
Software Engineer Job In  POLAND,ADAL IMMIGRATIONS LLP,,3 - 8 Years
Network  Engineer  Job In MALTA,World wide Immigration Service Llp,,2 - 7 Years
Full Stack developer,Element Skill,"Bengaluru / Bangalore,  Hyderabad/Secunderabad,  Mumbai,  Pune",5 - 10 Years
Art Director - MA - J48369,SAMPOORNA CONSULTANTS PVT LTD,Bengaluru / Bangalore,8 - 13 Years
Production Manager  / Quality Manager,Suman kumar,"Delhi/NCR,  Gurgaon,  Kolkata,  Mumbai,  Pune",10 - 15 Years
UX Designer - Manager  ( IC Role ) - BLR - J48440,SAMPOORNA CONSULTANTS PVT LTD,"Bengaluru / Bangalore,  Pune",10 - 14 Years
Test - Delivery Manager,LTIMindtree Ltd.,Kolkata,15 - 20 Years
QA | QC Engineer  Job In CANADA,World wide Immigration Service Llp,Canada,5 - 10 Years
B.Tech Project Internship in PHP,Sparks To Ideas,Ahmedabad,0 - 1 Years
Admin Manager  Job In GERMANY,PRIMEX IMMIGRATION LLP,Germany,3 - 8 Years
AngularJS Full-Stack Developer,TALPRO INDIA PRIVATE LIMITED,Bengaluru / Bangalore,7 - 15 Years
"Full Stack Developer , Fineos Developer , Consultant",One World,"Bengaluru / Bangalore,  Chennai,  Delhi/NCR,  Mumbai,  Pune",5 - 10 Years
QA | QC Engineer  Job In LUXEMBOURG,World wide Immigration Service Llp,,4 - 8 Years
Finance Accounting Manager,Electrobrain modern technologies pvt ltd,"Chennai,  Delhi,  Delhi/NCR,  Noida/Greater Noida,  Pune",5 - 10 Years
QA | QC Engineer  Job In GERMANY,World wide Immigration Service Llp,Germany,3 - 8 Years
Project Internship,Sparks To Ideas,Ahmedabad,0 - 1 Years
Accessibility Test Lead,Hucon Solutions India Pvt ltd,"Bengaluru / Bangalore,  Pune,  Bhubaneshwar",5 - 10 Years
Nodejs developer,Proconnxt,Chennai,5 - 7 Years
Finance Accounts Executive,Electrobrain modern technologies pvt ltd,"Chennai,  Delhi,  Delhi/NCR,  Noida/Greater Noida,  Pune",5 - 10 Years
"Aeronautical engineering , Mechanical engineer , Design Engineer",sachin kumar,"Pondicherry/Puducherry,  Visakhapatnam,  Rajkot,  Cochin/ Kochi/ Ernakulam,  Navi Mumbai",1 - 6 Years
NET Fullstake developer with Migration of MVC To Core Net,White Horse Manpower Consultancy P Ltd,"Bengaluru / Bangalore,  Chennai,  Pune",8 - 13 Years
Web Designer  Job  In DUBAI,PRIMEX IMMIGRATION LLP,Dubai,3 - 8 Years
Senior SAP Associates,Navyah Immigration Services Private Limited,"Dubai,  Australia,  Canada,  Singapore,  null",2 - 5 Years
Customer Service Executive - Mutual Fund Co Payrolll,Hy Fly Consultancy,"Mumbai,  Pune,  Navi Mumbai,  Thane",0 - 3 Years
Senior .net Backend  /  Full Stack Developers,TALPRO INDIA PRIVATE LIMITED,Bengaluru / Bangalore,5 - 15 Years
"social media executive , video editor",Orbex Technologies Private Limited,"Delhi,  Delhi/NCR,  Gurgaon",0 - 3 Years
Junior .net Developer,TALPRO INDIA PRIVATE LIMITED,Bengaluru / Bangalore,5 - 15 Years
Hardware Engineer  Job In  SINGAPORE,ADAL IMMIGRATIONS LLP,Singapore,5 - 10 Years
Computer Science Engineer jobs in Canada - Australia,Srv global consultancy Pvt Ltd,"Australia,  Canada",2 - 7 Years
Remote - Senior CNC Implementation Consultant,TALPRO INDIA PRIVATE LIMITED,Bengaluru / Bangalore,7 - 15 Years
QA / QC Engineer Job In USA,CLOUD VISA IMMIGRATION LLP,,3 - 8 Years
"Finance ,  Accounts  &  Costing",Electrobrain modern technologies pvt ltd,"Chennai,  Delhi,  Delhi/NCR,  Gurgaon,  Noida/Greater Noida",5 - 10 Years
Accountant,SKYWALK VISA IMMIGRATION SERVICES LLP,"Australia,  Canada,  Singapore,  null,  null",2 - 7 Years
MANAGER – PLANNING  &  BILLING,Suman kumar,"Ahmedabad,  Bengaluru / Bangalore,  Chennai,  Delhi,  Hyderabad/Secunderabad",8 - 10 Years
"Software Engineer , SEO Specialist",GigKafe.LLC Brand VLearnNow,"Ahmedabad,  Bengaluru / Bangalore,  Delhi/NCR,  Kolkata",5 - 10 Years
Node Js Internship in Ahmedabad,Maxgen Technologies,"Ahmedabad,  Anand,  Gandhinagar,  Mehsana,  Surat",0 - 1 Years
Sales Manager | Cluster Manager,LINEUP MANPOWER SOLUTIONS PRIVATE LIMTED,"Kolkata,  Bhubaneshwar,  Cuttack,  Asansol,  Durgapur",1 - 3 Years
B.tech Project Internship,Sparks To Ideas,"Ahmedabad,  Anand,  Bhavnagar,  Gandhinagar,  Junagarh",0 - 1 Years
.net Developer - J48514,SAMPOORNA CONSULTANTS PVT LTD,Mumbai,1 - 3 Years
Remote - Azure DevOps Engineer,TALPRO INDIA PRIVATE LIMITED,Bengaluru / Bangalore,5 - 15 Years
Java Backend Developer  ( 39041 )  - J48405,SAMPOORNA CONSULTANTS PVT LTD,Bengaluru / Bangalore,4 - 7 Years
Cyber Security Training In Ahmedabad,Sparks To Ideas,"Ahmedabad,  Bhavnagar,  Botad,  Junagarh,  Rajkot",0 - 1 Years
PHP Developer Job  In  DUBAI,PRIMEX IMMIGRATION LLP,Dubai,2 - 7 Years
Head System Engineer jobs in Canada - Australia -  Germany,Srv global consultancy Pvt Ltd,"Australia,  Canada",2 - 7 Years
Technology Specialist  /  Architect - J48374,SAMPOORNA CONSULTANTS PVT LTD,"Bengaluru / Bangalore,  Chennai",12 - 17 Years
"HR MANAGER  , 5 - 10 Yr , 30 - 40 K , GHAZIABAD",Swastic Enterprises,"Delhi/NCR,  Noida/Greater Noida",5 - 10 Years
Senior Appian Developer / Lead / Architect,TALPRO INDIA PRIVATE LIMITED,Bengaluru / Bangalore,5 - 15 Years
"PHP Developer , Php Programmer , ""Full Stack PHP Developer""",Peopleplease Consulting,Mumbai,1 - 5 Years
Product Owner,TALPRO INDIA PRIVATE LIMITED,Bengaluru / Bangalore,5 - 15 Years
Systems  &  Finance Accountant,Electrobrain modern technologies pvt ltd,"Delhi,  Delhi/NCR,  Noida/Greater Noida",5 - 10 Years
.net Full Stack Developer,TALPRO INDIA PRIVATE LIMITED,Bengaluru / Bangalore,5 - 15 Years
QA / QC Engineer Jobs in Abroad,TALENT VAULT LLP,"Australia,  Canada,  New Zealand,  Singapore",4 - 9 Years
GRAPHIC DESIGNER  &  VIDEO EDITOR,Options & Ideas,"Kolkata,  Guwahati,  Ranchi,  Siliguri",0 - 3 Years
Network Support Engineer,IT Mantra Techintellect  Private Limited,Bengaluru / Bangalore,4 - 6 Years
Data Integration Engineer,LTIMindtree Ltd.,"Ahmedabad,  Bengaluru / Bangalore,  Chennai,  Delhi,  Hyderabad/Secunderabad",5 - 8 Years
Electrical maintenance engineer,ShivaKumar S,Thailand,2 - 7 Years
MIS Executive,SKYWALK VISA IMMIGRATION SERVICES LLP,"Canada,  null",7 - 12 Years
Python Internshp in Ahmedabad,Maxgen Technologies,"Ahmedabad,  Anand,  Gandhinagar,  Mehsana,  Surat",0 - 1 Years
HR Generalist,Electrobrain modern technologies pvt ltd,"Ahmedabad,  Delhi,  Delhi/NCR,  Gurgaon,  Noida/Greater Noida",3 - 8 Years
QA | QC Engineer  Job In USA,World wide Immigration Service Llp,,5 - 10 Years
Oracle Fusion Data Intelligence Consultant,LTIMindtree Ltd.,"Bengaluru / Bangalore,  Kolkata,  Mumbai,  Noida/Greater Noida,  Pune",3 - 8 Years
"Flutter Developer , Senior Flutter Developer , Tech Lead - Flutter",PREDATORS CONSULTING,"Mumbai,  Navi Mumbai",2 - 7 Years
Solution Architect- Pre Sales - J48415,SAMPOORNA CONSULTANTS PVT LTD,Bengaluru / Bangalore,12 - 17 Years
EUC Operations Manager - J48408,SAMPOORNA CONSULTANTS PVT LTD,Chennai,10 - 15 Years
AWS DevOps Engineer,TALPRO INDIA PRIVATE LIMITED,Bengaluru / Bangalore,5 - 15 Years
Website Designer Hiring For GERMANY,CLOUD VISA IMMIGRATION LLP,"Dubai,  Canada,  Germany",3 - 8 Years
Remote - Senior Oracle Cloud Payroll Functional Consultant,TALPRO INDIA PRIVATE LIMITED,Bengaluru / Bangalore,5 - 15 Years
Finance Accounts Officer,Electrobrain modern technologies pvt ltd,"Gandhinagar,  Jamnagar,  Junagarh,  Palanpur",5 - 10 Years
Oracle SCM Functional Lead,LTIMindtree Ltd.,"Ahmedabad,  Bengaluru / Bangalore,  Chennai,  Hyderabad/Secunderabad,  Kolkata",8 - 12 Years
Oracle Data Intergrator,LTIMindtree Ltd.,Kolkata,3 - 8 Years
Database analysts and  administrators,Navyah Immigration Services Private Limited,"Dubai,  Australia,  Canada,  Singapore,  null",2 - 7 Years
Deputy Manager,Electrobrain modern technologies pvt ltd,"Ahmedabad,  Chennai,  Delhi,  Delhi/NCR,  Gurgaon",5 - 10 Years
Java Backend Developer  ( 36795 ) -Sat Drive - J48406,SAMPOORNA CONSULTANTS PVT LTD,Bengaluru / Bangalore,4 - 7 Years
Website Designer,SKYWALK VISA IMMIGRATION SERVICES LLP,"New York City,  Australia,  Canada,  New Zealand,  Singapore",2 - 7 Years
Senior Quality Assurance 3D Artist - J48227,SAMPOORNA CONSULTANTS PVT LTD,"Bengaluru / Bangalore,  Chennai",6 - 11 Years
Test Architect,LTIMindtree Ltd.,"Chennai,  Kolkata",12 - 16 Years
.netcore Sr. Tech Lead - J48367,SAMPOORNA CONSULTANTS PVT LTD,Bengaluru / Bangalore,10 - 14 Years
Finance  &  Accounts manager,Electrobrain modern technologies pvt ltd,"Delhi,  Delhi/NCR,  Mumbai,  Noida/Greater Noida,  Pune",5 - 10 Years
Obiee Developer,LTIMindtree Ltd.,Kolkata,3 - 8 Years
"""Back end Developer"" , Golang Develoer",PREDATORS CONSULTING,"Mumbai,  Navi Mumbai",1 - 3 Years
MS Dynamics F and O Finance Associate Consultant - J48196,SAMPOORNA CONSULTANTS PVT LTD,Pune,0 - 3 Years
Oracle project accounting functional Consultant,LTIMindtree Ltd.,"Ahmedabad,  Bengaluru / Bangalore,  Chennai,  Hyderabad/Secunderabad,  Kolkata",7 - 12 Years
"Senior Developer , Senior Developer / Software Engineer",PREDATORS CONSULTING,"Mumbai,  Navi Mumbai",3 - 8 Years
Data Science Internship in Ahmedabad,Maxgen Technologies,"Ahmedabad,  Bhavnagar,  Junagarh,  Rajkot,  Surat",0 - 1 Years
IDAM - Transformation Director - J48377,SAMPOORNA CONSULTANTS PVT LTD,Chennai,18 - 23 Years
UI Technical Lead,Hucon Solutions India Pvt ltd,"Bengaluru / Bangalore,  Pune,  Bhubaneshwar",8 - 12 Years
Java Backend Developer  ( 39041 )  - J48405,SAMPOORNA CONSULTANTS PVT LTD,Bengaluru / Bangalore,4 - 7 Years
Java Developer,Electrobrain modern technologies pvt ltd,"Bhopal,  Gwalior,  Indore",3 - 8 Years
SENIOR SOFTWARE ENGINEER,Electrobrain modern technologies pvt ltd,"Delhi,  Delhi/NCR,  Gurgaon,  Mumbai,  Noida/Greater Noida",3 - 8 Years
Data Management Developer- J48282,SAMPOORNA CONSULTANTS PVT LTD,"Bengaluru / Bangalore,  Delhi,  Mumbai",2 - 4 Years
Cloud Operations Manager - J48386,SAMPOORNA CONSULTANTS PVT LTD,Chennai,15 - 20 Years
Java Technical Architect,Hucon Solutions India Pvt ltd,Pune,13 - 18 Years
Java Internship in Pune,Maxgen Technologies,"Pune,  Amravati,  Dhule,  Sangli,  Satara",0 - 1 Years
Sharepoint Developer,LTIMindtree Ltd.,"Bengaluru / Bangalore,  Chennai,  Delhi/NCR,  Hyderabad/Secunderabad,  Mumbai",5 - 10 Years
Job for Data Science in Ahmedabad,Sparks To Ideas,Ahmedabad,0 - 1 Years
Sales and Marketing Manager - Finland  &  Singapore,LIMA FLY PRIVATE LIMITED,"Singapore,  null",7 - 12 Years
Web Designer / Developer,sharda consultancy Services,"Delhi,  Delhi/NCR",3 - 6 Years
"Admin Executive , Administration Assistant / Executive",MIAECT Pvt Ltd,"Mumbai,  Navi Mumbai,  Thane",2 - 5 Years
Internship For Data Science,Sparks To Ideas,Ahmedabad,0 - 1 Years
Java Springboot  ( Req ID: 40675 ) -Level E - J48413,SAMPOORNA CONSULTANTS PVT LTD,Bengaluru / Bangalore,3 - 8 Years
Job for Data Science in Ahmedabad,Sparks To Ideas,Ahmedabad,0 - 1 Years
Team Leader Voice openings,White Horse Manpower Consultancy P Ltd,Bengaluru / Bangalore,1 - 6 Years
Purchase / Material Management,U.S,Mumbai,3 - 8 Years
"Aircraft Mechanical maintenance engineer , Electrical Engineer",sachin kumar,"Ahmedabad,  Bengaluru / Bangalore,  Chennai,  Hyderabad/Secunderabad,  Mumbai",1 - 6 Years
Scrum master and Project manager,Midas Touch,"Bengaluru / Bangalore,  Hyderabad/Secunderabad,  Mumbai,  Pune",7 - 12 Years
QA Automation API  Rest assured  mandate  Cucumber java selenium,White Horse Manpower Consultancy P Ltd,Bengaluru / Bangalore,7 - 12 Years
Data Analyst Internship in Pune,Maxgen Technologies,"Pune,  Amravati,  Dhule,  Sangli,  Satara",0 - 1 Years
"Python Developer , Python , Python Full stack",Peopleplease Consulting,Mumbai,1 - 5 Years
"Fullstake Developer , Senior Software Engineer , Software Engineer",SHREE ADISHAKTHI CONSULTANCY,"Bengaluru / Bangalore,  Chennai",4 - 8 Years
Python Developer - J48497,SAMPOORNA CONSULTANTS PVT LTD,Pune,1 - 4 Years
Senior .net Developer - Back End,TALPRO INDIA PRIVATE LIMITED,Bengaluru / Bangalore,7 - 15 Years
HR cum IR MANAGER,ANIRUDDHA ROY CHOUDHURY,"Chennai,  Gurgaon,  Kolkata,  Mumbai",13 - 18 Years
RPA Developer Process Excellence Mumbai,Client of placement company,Mumbai,2 - 6 Years
Winter Inter in cyber,Sparks To Ideas,Ahmedabad,0 - 1 Years
Senior Consultant For Jira Immediate Joiners,White Horse Manpower Consultancy P Ltd,"Bengaluru / Bangalore,  Chennai,  Pune",12 - 17 Years
Maintenance Manager,Suman kumar,"Chennai,  Delhi/NCR,  Bilaspur,  Satna,  Rourkela",10 - 15 Years
Oracle Flexcube Technical with Corporate core banking,LTIMindtree Ltd.,"Bengaluru / Bangalore,  Chennai,  Hyderabad/Secunderabad,  Mumbai,  Pune",3 - 8 Years
Full Stack Internship in Pune,Maxgen Technologies,"Pune,  Amravati,  Dhule,  Sangli,  Satara",0 - 1 Years
Data science Internship,Sparks To Ideas,Ahmedabad,0 - 1 Years
AWS Solution Architect Internship in Pune,Maxgen Technologies,"Pune,  Jalgaon,  Kolhapur,  Nasik,  Solapur",0 - 1 Years
Cyber security Internship,Sparks To Ideas,Ahmedabad,0 - 1 Years
Hardware Engineer Hiring  For DUBAI,ADAL IMMIGRATIONS LLP,Dubai,13 - 18 Years
"PA to MD , Salary 30-32K , Charges applicable after selection",Spearhead Technology Services,Kolkata,5 - 10 Years
SENIOR ACCOUNTS EXECUTIVE,Suman kumar,"Delhi/NCR,  Kolkata,  Pune,  Jaipur,  Lucknow",8 - 12 Years
Oracle VBCS / VBS Developer,LTIMindtree Ltd.,"Bengaluru / Bangalore,  Chennai,  Delhi/NCR,  Kolkata,  Mumbai",3 - 8 Years
"React JS Developer , ""Full Stack Software Developer""",Peopleplease Consulting,Mumbai,1 - 5 Years
React JS Developer,Waytogo Consultants Pvt Ltd,Pune,3 - 7 Years
SAP Project Manager required in Canada under PR,World Overseas immigration Consultancy Pvt Ltd,"Australia,  Canada",2 - 7 Years
Python Internship in Pune,Maxgen Technologies,"Pune,  Amravati,  Dhule,  Sangli,  Satara",0 - 1 Years
"LWC Developer , Lightning Web Components Developer",One World,"Ahmedabad,  Bengaluru / Bangalore,  Gurgaon,  Hyderabad/Secunderabad,  Mumbai",3 - 8 Years
Software Engineer II - J48455,SAMPOORNA CONSULTANTS PVT LTD,Chennai,2 - 5 Years
Database Administrator,Waytogo Consultants Pvt Ltd,Hyderabad/Secunderabad,2 - 7 Years
Lead Consultant Solutions Designing BPM immediate Joinings,White Horse Manpower Consultancy P Ltd,"Bengaluru / Bangalore,  Chennai,  Pune",12 - 17 Years
"PHP Developer , Php Programmer , Software Engineer",Gaurangna Singh,"Ahmedabad,  Pune,  Bilaspur,  Raipur,  Indore",1 - 6 Years
Computer Network and Systems Engineer,Navyah Immigration Services Private Limited,"Australia,  Canada,  null,  null,  null",2 - 5 Years
Regional Head Business Development,Equniox Business Solutions,Bengaluru / Bangalore,15 - 20 Years
Free internship in React Js,Sparks To Ideas,Ahmedabad,0 - 1 Years
Sap Concur Consultant immediate Joining,White Horse Manpower Consultancy P Ltd,Bengaluru / Bangalore,5 - 8 Years
Free Python Internship In Ahmedabad,Sparks To Ideas,"Ahmedabad,  Bhavnagar,  Botad,  Gandhinagar,  Junagarh",0 - 1 Years
Full Stack Developer  ( c# / .net ),TALPRO INDIA PRIVATE LIMITED,Bengaluru / Bangalore,7 - 15 Years
Winter Internship for cyber security,Sparks To Ideas,Ahmedabad,0 - 1 Years
Data science Internship,Sparks To Ideas,Ahmedabad,0 - 1 Years
Data Analyst - AI / ML - J48458,SAMPOORNA CONSULTANTS PVT LTD,Chennai,3 - 5 Years
Data Analyst Internship in Pune,Maxgen Technologies,"Pune,  Amravati,  Dhule,  Sangli,  Satara",0 - 1 Years
"""DevOps Developer""",Medicca Limited,Bengaluru / Bangalore,3 - 8 Years
Web Designers and Developers,Navyah Immigration Services Private Limited,"Dubai,  Australia,  Canada,  Singapore,  null",2 - 5 Years
Python Developer Internship,Maxgen Technologies,"Ahmedabad,  Anand,  Gandhinagar,  Mehsana,  Surat",0 - 1 Years
Senior Director - Program  &  Project Management,LTIMindtree Ltd.,Hyderabad/Secunderabad,18 - 22 Years
Facility Manager,Suman kumar,"Gurgaon,  Kolkata,  Mumbai,  Chandigarh,  Indore",10 - 15 Years
"Personal Assistant , Secretary",Indica Industries Pvt Ltd,Noida/Greater Noida,3 - 8 Years
React js Internship in Pune,Maxgen Technologies,"Pune,  Jalgaon,  Kolhapur,  Nasik,  Solapur",0 - 1 Years
Power BI Developer,Waytogo Consultants Pvt Ltd,Hyderabad/Secunderabad,3 - 8 Years
Assistant Manager-Packaging Purchase,Venky's India Ltd.,Pune,10 - 15 Years
Java internship in Ahmedabad,Maxgen Technologies,"Ahmedabad,  Bhavnagar,  Junagarh,  Rajkot,  Surendranagar",0 - 1 Years
Aircraft Mechanical maintenance engineer,sachin kumar,"Bengaluru / Bangalore,  Chennai,  Mumbai,  Pune,  Visakhapatnam",1 - 6 Years
"PHP Developer , Web Developer , Software Developer , Software Engineer",DATAMAX INFOTECH,Mumbai,4 - 5 Years
Project Internship,Sparks To Ideas,Ahmedabad,0 - 1 Years
"HR Jobs in Bangalore ,  Immediate Joining ,  DayShift ,  Sal 18k+Inc",White Horse Manpower Consultancy P Ltd,Bengaluru / Bangalore,1 - 4 Years
General Ledger Accountant,EXO Edge,"Delhi/NCR,  Gurgaon,  Noida/Greater Noida,  Chandigarh,  Mohali",4 - 9 Years
Business Analyst - J48343,SAMPOORNA CONSULTANTS PVT LTD,Hyderabad/Secunderabad,2 - 4 Years
"QA Engineer , Software Testing Engineer",Times internetghtytutujhjd,Bongaigaon,2 - 7 Years
Permanent Remote -AWS DevOps Engineer,TALPRO INDIA PRIVATE LIMITED,Bengaluru / Bangalore,7 - 15 Years
Project Internship,Sparks To Ideas,Ahmedabad,0 - 1 Years
Data Science Internship in Pune,Maxgen Technologies,"Pune,  Amravati,  Dhule,  Sangli,  Satara",0 - 1 Years
3D Environmental artist,BLUEPULSE VENTURES PRIVATE LIMITED,"Bengaluru / Bangalore,  Mumbai",2 - 3 Years
B.tech Project Internship,Sparks To Ideas,"Ahmedabad,  Anand,  Bhavnagar,  Gandhinagar,  Junagarh",0 - 1 Years
Sr. Customer support executive Voice - Bank Payroll,Hy Fly Consultancy,"Pune,  Mumbai,  Navi Mumbai,  Thane",0 - 3 Years
"HRBP , Human Resource Business Partner , Human Resource Generalist",PREDATORS CONSULTING,"Mumbai,  Navi Mumbai",5 - 9 Years
"Course Designer , Content creator",Forgebs Technologies Pvt Ltd.,"Bengaluru / Bangalore,  Hyderabad/Secunderabad,  Kolkata,  Mumbai,  Pune",1 - 5 Years
React JS Internship in Pune,Maxgen Technologies,"Pune,  Amravati,  Aurangabad,  Nasik,  Sangli",0 - 1 Years
DevOps Cloud engineer - J48260,SAMPOORNA CONSULTANTS PVT LTD,Hyderabad/Secunderabad,3 - 5 Years
Software and Applications Programmers,Navyah Immigration Services Private Limited,"Dubai,  Australia,  Canada,  Japan,  null",2 - 7 Years
Winter Internship,Sparks To Ideas,Ahmedabad,0 - 1 Years
React Js Internship in Ahmedabad,Maxgen Technologies,"Ahmedabad,  Bhavnagar,  Junagarh,  Rajkot,  Surat",0 - 1 Years
Mern Stack Internship in Ahmedabad,Maxgen Technologies,Ahmedabad,0 - 1 Years
React Js Internship in Ahmedabad,Maxgen Technologies,"Ahmedabad,  Anand,  Gandhinagar,  Mehsana,  Surendranagar",0 - 1 Years
Data Management Developer-R1075025 - J48282,SAMPOORNA CONSULTANTS PVT LTD,"Bengaluru / Bangalore,  Delhi,  Mumbai",2 - 4 Years
"""APPLICATION SUPPORT ENGINEER""",Electrobrain modern technologies pvt ltd,"Bengaluru / Bangalore,  Delhi,  Delhi/NCR,  Gurgaon,  Mumbai",3 - 8 Years
Senior Accountant,Final Round,Kolkata,5 - 6 Years
Software Application Developer,Electrobrain modern technologies pvt ltd,"Delhi,  Delhi/NCR,  Gurgaon,  Mumbai,  Noida/Greater Noida",3 - 8 Years
Centre Head - J48373,SAMPOORNA CONSULTANTS PVT LTD,"Bengaluru / Bangalore,  Chennai",15 - 20 Years
Quality Associate,Electrobrain modern technologies pvt ltd,"Delhi,  Delhi/NCR,  Gurgaon,  Noida/Greater Noida,  Pune",3 - 8 Years
Business Analyst,Electrobrain modern technologies pvt ltd,"Delhi,  Delhi/NCR,  Gurgaon,  Noida/Greater Noida,  Faridabad",3 - 8 Years
"Data Entry ,  Back Office ,  Computer Operator",Laxmi Infotech,"Delhi/NCR,  Mumbai,  Pune",0 - 3 Years
"network engineer , Software Engineer , Software Developer",RADKO INFOTECH,Chennai,0 - 1 Years
"Jobs in  Automation c# ,  SDET ,  testing UAT ,  Selenium with Java",White Horse Manpower Consultancy P Ltd,"Hyderabad/Secunderabad,  Pune,  Visakhapatnam",3 - 8 Years
Web development internship in Pune,Maxgen Technologies,"Pune,  Jalgaon,  Kolhapur,  Nasik,  Solapur",0 - 1 Years
Senior Analyst - Data Science,Electrobrain modern technologies pvt ltd,"Delhi,  Delhi/NCR,  Gurgaon,  Mumbai,  Noida/Greater Noida",2 - 7 Years
Cyber security Internship,Sparks To Ideas,Ahmedabad,0 - 1 Years
Data Analyst Internship in Pune,Maxgen Technologies,"Pune,  Jalgaon,  Kolhapur,  Nasik,  Solapur",0 - 1 Years
Web Development Internship in Ahmedabad,Maxgen Technologies,Ahmedabad,0 - 1 Years
Java Internship in Pune,Maxgen Technologies,"Pune,  Amravati,  Dhule,  Sangli,  Satara",0 - 1 Years
Full Stack Internship in Pune,Maxgen Technologies,Pune,0 - 1 Years
Assistant General Manager  ( Logistics  &  Supply chain ),Suman kumar,"Delhi/NCR,  Kolkata,  Pune,  Indore,  Bhubaneshwar",15 - 20 Years
Desktop Engineers Required in Canada under PR visa,World Overseas immigration Consultancy Pvt Ltd,"Australia,  Canada",2 - 7 Years
JD Edwrads Manufacturing Consultant,LTIMindtree Ltd.,"Delhi/NCR,  Kolkata",4 - 9 Years
Accounts  &  Finance Manager,Ample Leap Cognition,Gurgaon,10 - 15 Years
Group HR Head  ( Core HR ),Ample Leap Cognition,Pune,20 - 25 Years
System Analyst Required in Austria  ( Europe ) Under work visa,World Overseas immigration Consultancy Pvt Ltd,"Australia,  Canada,  Germany,  null",3 - 8 Years
Opportunities for Network Administrator in Canada,World Overseas immigration Consultancy Pvt Ltd,"Australia,  Canada",2 - 7 Years
Aircraft Mechanical maintenance engineer,sachin kumar,"Ahmedabad,  Bengaluru / Bangalore,  Chennai,  Hyderabad/Secunderabad,  Kolkata",0 - 3 Years
React js Internship in Pune,Maxgen Technologies,"Pune,  Jalgaon,  Kolhapur,  Nasik,  Solapur",0 - 1 Years
Web Engineer  ( Frontend ),Electrobrain modern technologies pvt ltd,"Delhi,  Delhi/NCR,  Gurgaon,  Mumbai,  Faridabad",3 - 8 Years
Want Python  interns,Sparks To Ideas,Ahmedabad,0 - 1 Years
Java Developer Internship in Pune,Maxgen Technologies,"Pune,  Jalgaon,  Kolhapur,  Nasik,  Solapur",0 - 1 Years
Data Analyst Internship in Pune,Maxgen Technologies,Pune,0 - 1 Years
Python Developer,SKYWALK VISA IMMIGRATION SERVICES LLP,"Bengaluru / Bangalore,  Australia,  Canada,  Germany,  New Zealand",3 - 8 Years
Test Automation Engineer,Electrobrain modern technologies pvt ltd,"Delhi,  Delhi/NCR,  Gurgaon,  Noida/Greater Noida,  Pune",3 - 8 Years
JD Edwrads CNC,LTIMindtree Ltd.,"Delhi/NCR,  Kolkata",4 - 9 Years
INTERNSHIP FOR FRESHERS IN PHP,Sparks To Ideas,Ahmedabad,0 - 1 Years
Java Internship in Pune,Maxgen Technologies,"Pune,  Amravati,  Dhule,  Sangli,  Satara",0 - 1 Years
Project Manager PMP CPAM,White Horse Manpower Consultancy P Ltd,"Bengaluru / Bangalore,  Chennai,  Pune",12 - 17 Years
PROFESSOR /  ASSOCIATE / ASTT. PROFESSOR - COMPUTER SCIENCE,SNJ Skye Management Consultant,Kanpur,1 - 6 Years
OIC Developer,LTIMindtree Ltd.,"Bengaluru / Bangalore,  Chennai,  Delhi/NCR,  Kolkata,  Mumbai",3 - 8 Years
Service Delivery Manager - J48414,SAMPOORNA CONSULTANTS PVT LTD,Bengaluru / Bangalore,18 - 23 Years
Python Live Project Internship,Sparks To Ideas,Ahmedabad,0 - 1 Years
Team lead  /  International Customer Service - Voice,White Horse Manpower Consultancy P Ltd,"Bengaluru / Bangalore,  Chennai,  Hyderabad/Secunderabad",0 - 3 Years
"""Frontend Engineer""",KANDPAL CONSULTANT,"Bengaluru / Bangalore,  Delhi,  Hyderabad/Secunderabad,  Pune,  Chandigarh",3 - 4 Years
"Test Automation Engineer  , Software Test Automation Engineer",SHREE ADISHAKTHI CONSULTANCY,"Bengaluru / Bangalore,  Chennai,  Mumbai,  Pune",4 - 8 Years
Software Developer,Medicca Limited,"Bengaluru / Bangalore,  Chennai,  Hyderabad/Secunderabad,  Mumbai,  Navi Mumbai",2 - 7 Years
"content writer , Technical Writer , seo",Laxmi Infotech,"Gurgaon,  Kolkata,  Mumbai,  Noida/Greater Noida,  Pune",0 - 3 Years
PHP / Wordpress Developer,Reliqus,Delhi,0 - 1 Years
Senior Software Testers,Navyah Immigration Services Private Limited,"Dubai,  Australia,  Canada,  Japan,  null",2 - 5 Years
Python Internship for freshers,Sparks To Ideas,Ahmedabad,0 - 1 Years
"""Hardware  &  Networking Engineer""",Suresh Gopalan Acharya,Mumbai,1 - 4 Years
Website Designer Intern,Reliqus,Delhi,0 - 1 Years
General Ledger Accountant,Addenda Chemical India Private Limited,Gurgaon,3 - 8 Years
"content writer , Technical Writer , seo",Laxmi Infotech,"Bengaluru / Bangalore,  Chennai,  Delhi,  Hyderabad/Secunderabad",0 - 3 Years
"Manual Testing with Enterprise Networking Experience ,  Bangalore",White Horse Manpower Consultancy P Ltd,Bengaluru / Bangalore,5 - 10 Years
Project Manager  /  Delivery Manager,HR Jobs Placements,"Bengaluru / Bangalore,  Chennai,  Delhi/NCR,  Kolkata,  Mumbai",8 - 13 Years
Python Internship for freshers,Sparks To Ideas,Ahmedabad,0 - 1 Years
Java Internship in Pune,Maxgen Technologies,"Pune,  Amravati,  Dhule,  Sangli,  Satara",0 - 1 Years
Database Administrator Required in Canada under PR visa,World Overseas immigration Consultancy Pvt Ltd,"Australia,  Canada",2 - 7 Years
QA Analyst II,Electrobrain modern technologies pvt ltd,"Ahmedabad,  Bengaluru / Bangalore,  Chennai,  Mumbai",3 - 8 Years
SAP Consultant,Aerro outsourcing pvt ltd,"Abu Dhabi,  Dubai,  Australia,  Canada,  Hong Kong",1 - 6 Years
"Software Analyst , Programmer Analyst  ( Java )  , Ui Designer",RADKO INFOTECH,Chennai,0 - 1 Years
JD Edwrads S & D Consultant,LTIMindtree Ltd.,"Bengaluru / Bangalore,  Chennai,  Hyderabad/Secunderabad,  Mumbai,  Pune",4 - 9 Years
"Software Developer , Developer",Upholic Tech Private Limited,"Mumbai,  Thane",1 - 3 Years
JD Edwrads Finance Consultant,LTIMindtree Ltd.,"Bengaluru / Bangalore,  Chennai,  Hyderabad/Secunderabad,  Mumbai,  Pune",4 - 9 Years
Python Internship in Pune,Maxgen Technologies,Pune,0 - 1 Years
Junior Legal Associate,Cyberpolicies,"Delhi,  Delhi/NCR",2 - 4 Years
Workday Functional Consultant,LTIMindtree Ltd.,"Bengaluru / Bangalore,  Kolkata,  Mumbai,  Noida/Greater Noida,  Pune",3 - 8 Years
Senior OCI admin,LTIMindtree Ltd.,"Bengaluru / Bangalore,  Chennai,  Kolkata,  Mumbai,  Pune",5 - 10 Years
Qa Engineer,Electrobrain modern technologies pvt ltd,"Delhi,  Delhi/NCR,  Gurgaon,  Noida/Greater Noida,  Pune",3 - 8 Years
PROFESSOR /  ASSOCIATE / ASSISTANT PROFESSOR -  BCA,SNJ Skye Management Consultant,Kanpur,0 - 3 Years
JD Edwards Technical Consultant,LTIMindtree Ltd.,"Bengaluru / Bangalore,  Delhi,  Hyderabad/Secunderabad,  Mumbai,  Pune",4 - 9 Years
IT MANAGER,HR Jobs Placements,"Hyderabad/Secunderabad,  Kolkata,  Mumbai,  Noida/Greater Noida,  Pune",7 - 12 Years
MERN stack Developer,National Institute For Career Education,"Ahmedabad,  Bengaluru / Bangalore,  Chennai,  Hyderabad/Secunderabad,  Kolkata",0 - 3 Years
Full Stack Internship in Pune,Maxgen Technologies,"Pune,  Jalgaon,  Kolhapur,  Nasik,  Solapur",0 - 1 Years
"Software  Test  Engineer , Testing Engineer",SHREE ADISHAKTHI CONSULTANCY,"Bengaluru / Bangalore,  Chennai,  Mumbai,  Pune",4 - 8 Years
"Mis Executive , Sales Coordinator",New Global Technologies,"Ahmedabad,  Delhi/NCR,  Gurgaon,  Kolkata,  Noida/Greater Noida",0 - 3 Years
Azure Devops Engineer,Laxmi Infotech,"Ahmedabad,  Delhi,  Gurgaon,  Kolkata,  Mumbai",3 - 8 Years
Senior Angular Developer,White Horse Manpower Consultancy P Ltd,"Bengaluru / Bangalore,  Mumbai,  Pune",5 - 10 Years
Senior .net Developer,White Horse Manpower Consultancy P Ltd,"Bengaluru / Bangalore,  Mumbai,  Pune",5 - 10 Years
Senior Infrastructure Engineer,White Horse Manpower Consultancy P Ltd,"Bengaluru / Bangalore,  Mumbai,  Pune",2 - 7 Years
Flash Animator  /  Multimedia graphics designer,Laxmi Infotech,"Ahmedabad,  Gurgaon,  Kolkata,  Noida/Greater Noida",0 - 3 Years
Senior Full Stack Developer,White Horse Manpower Consultancy P Ltd,"Bengaluru / Bangalore,  Mumbai,  Pune",5 - 10 Years
Manual Test Engineer,Electrobrain modern technologies pvt ltd,"Delhi,  Delhi/NCR,  Gurgaon,  Mumbai,  Noida/Greater Noida",3 - 6 Years
BPO AP Lead,White Horse Manpower Consultancy P Ltd,"Bengaluru / Bangalore,  Mumbai,  Pune",10 - 15 Years
"Mis Executive , Sales Coordinator",New Global Technologies,"Bengaluru / Bangalore,  Chennai,  Hyderabad/Secunderabad,  Mumbai,  Pune",0 - 3 Years
"Quality Analyst Technical Support Process ,  QA TSE",White Horse Manpower Consultancy P Ltd,Bengaluru / Bangalore,1 - 6 Years
Business Analyst,LTIMindtree Ltd.,"Bengaluru / Bangalore,  Chennai,  Mumbai,  Pune",1 - 2 Years
"FrontEnd Developer , FrontEnd Engineer , FrontEnd Web Developer",PREDATORS CONSULTING,"Mumbai,  Navi Mumbai",1 - 3 Years
"Data Analyst , Database Administrator",Aerro outsourcing pvt ltd,"Abu Dhabi,  Dubai,  Australia,  Canada,  Hong Kong",1 - 6 Years
Mechanical Engineer,Laxmi Infotech,"Bengaluru / Bangalore,  Chennai,  Hyderabad/Secunderabad,  Mumbai,  Pune",0 - 3 Years
R2R Team Leader Or Manager,White Horse Manpower Consultancy P Ltd,Bengaluru / Bangalore,4 - 8 Years
Technical Performance Specialist - Cloud Computing,New Global Technologies,"Bengaluru / Bangalore,  Delhi,  Hyderabad/Secunderabad,  Mumbai,  Pune",1 - 6 Years
Jr. Software Tester,Reliqus,Delhi,0 - 1 Years
IT infrastruture manager immediate Joining  8553281886,White Horse Manpower Consultancy P Ltd,Bengaluru / Bangalore,5 - 7 Years
BPO Customer Care Voice Process call  Ayesha@ 9972020050,White Horse Manpower Consultancy P Ltd,Bengaluru / Bangalore,2 - 6 Years
"B.E  , B.tech  , Diploma- engineers",New Global Technologies,"Bengaluru / Bangalore,  Chennai,  Hyderabad/Secunderabad,  Kolkata,  Mumbai",0 - 3 Years
Dev Manager,White Horse Manpower Consultancy P Ltd,"Bengaluru / Bangalore,  Mumbai,  Pune",10 - 15 Years
"SAP Consultant , Sap Basis Consultant",HR Jobs Placements,"Bengaluru / Bangalore,  Chennai,  Delhi/NCR,  Hyderabad/Secunderabad,  Mumbai",5 - 10 Years
"Java Developer , Software Engineer , Developer",Peopleplease Consulting,Mumbai,0 - 3 Years
Senior Software Engineer,New Global Technologies,"Visakhapatnam,  Patna,  Gandhinagar,  Ranchi,  Cochin/ Kochi/ Ernakulam",1 - 6 Years
Network Administrator I,Laxmi Infotech,"Ahmedabad,  Gurgaon,  Kolkata,  Noida/Greater Noida,  Pune",0 - 3 Years
Telco lead For Incident and Fault Management immediate Joining,White Horse Manpower Consultancy P Ltd,Bengaluru / Bangalore,9 - 14 Years
Network Engineer,Laxmi Infotech,"Bengaluru / Bangalore,  Chennai,  Hyderabad/Secunderabad",1 - 6 Years
ETL Developer,New Global Technologies,"Ahmedabad,  Gurgaon,  Kolkata,  Noida/Greater Noida,  Cochin/ Kochi/ Ernakulam",0 - 3 Years
Manual Test Engineer Required in Canada Under PNP program,World Overseas immigration Consultancy Pvt Ltd,"Australia,  Canada",2 - 7 Years
General Manager,HR Jobs Placements,"Bengaluru / Bangalore,  Chennai,  Delhi/NCR,  Hyderabad/Secunderabad,  Mumbai",8 - 13 Years
"datawarehousing  , database developer",New Global Technologies,"Bengaluru / Bangalore,  Chennai,  Hyderabad/Secunderabad,  Mumbai,  Noida/Greater Noida",0 - 3 Years
"Technical Engineer ,  Computer Hardware Engineer ,  Support Engineer",Laxmi Infotech,"Bengaluru / Bangalore,  Chennai,  Hyderabad/Secunderabad,  Mumbai,  Pune",1 - 6 Years
Android Developer,New Global Technologies,"Bengaluru / Bangalore,  Chennai,  Hyderabad/Secunderabad,  Mumbai,  Pune",1 - 6 Years
"Network Engineer , System Administrator , Hardware Engineer",Laxmi Infotech,"Delhi/NCR,  Mumbai,  Pune",1 - 6 Years
"Network Administrator , Network Engineer , System Engineer",AppSoft Solutions,"Bengaluru / Bangalore,  Chennai,  Delhi,  Mumbai,  Pune",0 - 3 Years
Financial Analyst,HR Jobs Placements,"Bengaluru / Bangalore,  Chennai,  Delhi/NCR,  Hyderabad/Secunderabad,  Mumbai",2 - 7 Years
Azure Devops Engineer,New Global Technologies,"Bengaluru / Bangalore,  Chennai,  Hyderabad/Secunderabad,  Mumbai,  Pune",1 - 6 Years
Hardware Networking Engineer,New Global Technologies,"Bengaluru / Bangalore,  Chennai,  Hyderabad/Secunderabad,  Mumbai,  Pune",0 - 3 Years
Technical Support Engineer,Laxmi Infotech,"Ahmedabad,  Delhi,  Gurgaon,  Noida/Greater Noida,  Pune",0 - 3 Years
Business Analyst,White Horse Manpower Consultancy P Ltd,"Bengaluru / Bangalore,  Mumbai,  Pune",4 - 9 Years
Senior Business Analyst / Data Engineer - Python  &  Cloud Computing,New Global Technologies,"Bengaluru / Bangalore,  Delhi/NCR,  Hyderabad/Secunderabad,  Mumbai,  Pune",1 - 6 Years
"DBA , Database Administrative , Oracle Dba",AppSoft Solutions,"Bengaluru / Bangalore,  Chennai,  Delhi,  Mumbai,  Pune",0 - 3 Years
"Associate Engineer , diploma  , be , btech",Laxmi Infotech,"Ahmedabad,  Delhi,  Gurgaon,  Kolkata,  Noida/Greater Noida",0 - 3 Years
"""Android  /  iOS Developer""",Laxmi Infotech,"Ahmedabad,  Delhi,  Gurgaon,  Kolkata,  Noida/Greater Noida",0 - 3 Years
"Network Engineer , System Administrator , Hardware Engineer",Laxmi Infotech,"Ahmedabad,  Gurgaon,  Kolkata,  Noida/Greater Noida,  Pune",0 - 3 Years
Oracle Database Administrator,Laxmi Infotech,"Bengaluru / Bangalore,  Hyderabad/Secunderabad,  Pune",0 - 3 Years
"L1 , l2 Support Engineer",New Global Technologies,"Ahmedabad,  Gurgaon,  Kolkata,  Noida/Greater Noida,  Pune",0 - 3 Years
"Software Engineer , Software Developer",ASSOCIATIVE,Pune,0 - 1 Years
Opening of Accountant  ( Mid Level )  for a Manufacturing Company,Universal Consultant and Management Services,Kolkata,2 - 7 Years
Service Delivery- Manager,HR Jobs Placements,"Bengaluru / Bangalore,  Chennai,  Delhi/NCR,  Hyderabad/Secunderabad,  Pune",8 - 13 Years
Automation Test Manager,HR Jobs Placements,"Bengaluru / Bangalore,  Chennai,  Delhi/NCR,  Kolkata,  Mumbai",8 - 13 Years
Mobile Application Developer,New Global Technologies,"Ahmedabad,  Bengaluru / Bangalore,  Gurgaon,  Kolkata,  Noida/Greater Noida",0 - 3 Years
"JAVA Applications Developer , JAVA Developer",Suresh Gopalan Acharya,Mumbai,0 - 2 Years
Computer Operator / Data Entry Operator,Aryan technologies,"Akola,  Latur,  Lonavala,  Thane,  Vasai",0 - 3 Years
Computer Operator / Data Entry Operator,Aryan technologies,"Bongaigaon,  Dhubri,  Dibrugarh,  Guwahati,  Jorhat",0 - 3 Years
"Cloud Engineer , ""AWS Cloud Engineer""",AppSoft Solutions,"Bengaluru / Bangalore,  Chennai,  Delhi,  Mumbai,  Pune",0 - 3 Years
IT Manager,HR Jobs Placements,"Hyderabad/Secunderabad,  Kolkata,  Mumbai,  Noida/Greater Noida,  Pune",14 - 18 Years
Computer Operator / Data Entry Operator,Aryan technologies,"Panjim/Panaji,  Vasco Da Gama,  Gandhinagar,  Surat,  Vadodara",0 - 3 Years
"L1 , l2 Support Engineer",New Global Technologies,"Bengaluru / Bangalore,  Chennai,  Delhi/NCR,  Hyderabad/Secunderabad,  Mumbai",0 - 3 Years
Computer Operator / Data Entry Operator,Aryan technologies,"Jalgaon,  Kolhapur,  Nasik,  Satara",0 - 3 Years
IT / Non-IT recruiter,RANGAM INFOTECH PVT. LTD.,Vadodara,0 - 3 Years
Embedded Software Engineer,New Global Technologies,"Bengaluru / Bangalore,  Chennai,  Hyderabad/Secunderabad,  Mumbai,  Pune",0 - 3 Years
IT Coordinator  /  IT Technician,Hilton Hotels & Resorts,Doha,1 - 5 Years
Configuration / Release Manager,HR Jobs Placements,"Hyderabad/Secunderabad,  Kolkata,  Mumbai,  Noida/Greater Noida,  Pune",7 - 12 Years
Operations Manager,HR Jobs Placements,"Bengaluru / Bangalore,  Chennai,  Delhi,  Delhi/NCR,  Gurgaon",9 - 14 Years
Computer Operator / Data Entry Operator,Aryan technologies,"Amritsar,  Batala,  Bathinda,  Chandigarh,  Faridkot",0 - 3 Years
General Manager,HR Jobs Placements,"Ahmedabad,  Bengaluru / Bangalore,  Delhi/NCR,  Hyderabad/Secunderabad,  Pune",8 - 13 Years
Web Designer  /  Visualiser  /  Graphic Designer,New Global Technologies,"Bengaluru / Bangalore,  Delhi/NCR,  Hyderabad/Secunderabad,  Mumbai,  Pune",0 - 3 Years
Data Entry Jobs,Aryan technologies,"Bidar,  Gulbarga,  Hubli,  Mangalore,  Mysoru / Mysore",0 - 3 Years
Big Data Analyst,HR Jobs Placements,"Bengaluru / Bangalore,  Delhi/NCR,  Hyderabad/Secunderabad,  Kolkata,  Mumbai",11 - 16 Years
Program  &  Project Manager,HR Jobs Placements,"Delhi/NCR,  Hyderabad/Secunderabad,  Kolkata,  Mumbai,  Pune",5 - 10 Years
Web Designer  /  Visualiser  /  Graphic Designer,New Global Technologies,"Ahmedabad,  Chennai,  Gurgaon,  Kolkata,  Noida/Greater Noida",0 - 3 Years
PHP Developer,New Global Technologies,"Bengaluru / Bangalore,  Chennai,  Hyderabad/Secunderabad,  Mumbai,  Pune",0 - 3 Years
Design Engineer I,Laxmi Infotech,"Bengaluru / Bangalore,  Chennai,  Hyderabad/Secunderabad,  Mumbai,  Pune",0 - 3 Years
Network Engineer / system admin,New Global Technologies,"Bengaluru / Bangalore,  Chennai,  Delhi/NCR,  Hyderabad/Secunderabad,  Mumbai",0 - 3 Years
Senior Business Analyst / Data Engineer - Python  &  Cloud Computing,New Global Technologies,"Ahmedabad,  Chennai,  Gurgaon,  Kolkata,  Noida/Greater Noida",0 - 3 Years
c ++ / Php / Ajax Developer,Laxmi Infotech,"Bengaluru / Bangalore,  Chennai,  Hyderabad/Secunderabad,  Mumbai,  Pune",0 - 3 Years
Computer Operator / Data Entry Operator,Aryan technologies,"Indore,  Jabalpur,  Katni,  Ratlam,  Ujjain",0 - 3 Years
Network Engineer,HR Jobs Placements,"Bengaluru / Bangalore,  Chennai,  Delhi/NCR,  Hyderabad/Secunderabad,  Mumbai",2 - 7 Years
Project Manager,HR Jobs Placements,"Ahmedabad,  Bengaluru / Bangalore,  Chennai,  Delhi/NCR,  Pune",8 - 13 Years
Senior Data Scientist - Machine Learning,HR Jobs Placements,"Hyderabad/Secunderabad,  Kolkata,  Mumbai,  Noida/Greater Noida,  Pune",5 - 10 Years
Web Applications Developer,Laxmi Infotech,"Bengaluru / Bangalore,  Chennai,  Hyderabad/Secunderabad,  Mumbai,  Pune",0 - 3 Years
Data Analyst,AppSoft Solutions,"Bengaluru / Bangalore,  Chennai,  Delhi,  Mumbai,  Pune",0 - 3 Years
QA Engineer  / software testing,New Global Technologies,"Ahmedabad,  Delhi/NCR,  Gurgaon,  Kolkata,  Noida/Greater Noida",0 - 3 Years
Software Developer,New Global Technologies,"Chandigarh,  Patna,  Cochin/ Kochi/ Ernakulam,  Jaipur,  Coimbatore",0 - 3 Years
IT Recruiter,Tekshapers Software Solutions  ( P )  Limited,Noida/Greater Noida,0 - 3 Years
IT Recruiter,INFINITY GROUP,"Delhi,  Delhi/NCR",2 - 3 Years
IT / Non-IT Recruiter and Sr. IT / Non-IT Recruiter,ProAssert,"Chennai,  Coimbatore,  Trichy,  Bengaluru / Bangalore",0 - 3 Years
IT Recruiter,SEVEN CONSULTANCY,Hyderabad/Secunderabad,0 - 3 Years
IT Manager,Hilton Hotels & Resorts,Philippines,5 - 8 Years
Executive- IT,Malabar Gold and Diamonds,Calicut/ Kozhikode,3 - 4 Years
IT Support,eye mantra,"Delhi,  Delhi/NCR",0 - 3 Years
IT Administrator,SyMetric,Bengaluru / Bangalore,2 - 3 Years
Casino - IT,Marriott International Inc,Cairo,1 - 4 Years
IT Manager,Power plus cables Co,Fujairah,7 - 10 Years
IT Analyst,Textron India Pvt Ltd,Bengaluru / Bangalore,3 - 5 Years
IT Recruiter,Amicus Technology,"Pune,  Raipur",2 - 5 Years
IT EXECUTIVE,Divya Placement Consultant,Faridabad,1 - 2 Years
IT EXECUTIVE,infoicon technologies pvt ltd.,Gurgaon,0 - 1 Years
IT Specialist,HUSYS CONSULTING LTD,Bengaluru / Bangalore,5 - 8 Years
IT Onsite,DXC Technologies,China,2 - 5 Years
IT support,SEVEN CONSULTANCY,"Delhi,  Delhi/NCR",0 - 1 Years
IT Executive,SEVEN CONSULTANCY,"Navi Mumbai,  Mumbai,  Thane",1 - 3 Years
IT Manager,SEVEN CONSULTANCY,Mumbai,0 - 3 Years
IT Support,SEVEN CONSULTANCY,"Delhi,  Delhi/NCR",1 - 4 Years
IT manager,SEVEN CONSULTANCY,Dehradun,0 - 3 Years
IT manager,SEVEN CONSULTANCY,Siliguri,0 - 3 Years
IT Support,SEVEN CONSULTANCY,"Bilaspur,  Bilaspur",1 - 2 Years
IT Executive,SEVEN CONSULTANCY,"Delhi,  Delhi/NCR",2 - 5 Years
IT Administrator,CONNECTING 2 WORK,Bengaluru / Bangalore,2 - 5 Years
IT Automation,Stockholdings,"Navi Mumbai,  Mumbai",10 - 13 Years
IT Helpdesk,INSIGHT BUSINESS MACHINES PVT LTD,Mumbai,1 - 3 Years
IT Admin,Dxcorr Design,Bengaluru / Bangalore,3 - 6 Years
IT Head,2Soft Solutions Pvt. Ltd.,Mumbai,8 - 11 Years
Executive IT,Elite Wealth Advisors Limited,Delhi,0 - 3 Years
IT Networking,Z Square Mall,Kanpur,1 - 4 Years
IT Head,TransGraph Consulting Pvt.Ltd.,Hyderabad/Secunderabad,12 - 15 Years
IT Executive,megri soft limited,Chandigarh,1 - 4 Years
IT Assistant,city montessori school lucknow,Lucknow,0 - 3 Years
IT Executive,ace softex pvt. ltd.,Rajkot,2 - 4 Years
IT PROFESSIONAL,CONNECTING 2 WORK,Thiruvananthapuram,2 - 5 Years
IT Professional,CONNECTING 2 WORK,,0 - 3 Years
IT Specialist,lear corporation  ( onward technology pay role ),,1 - 5 Years
Managementkonsult IT,CGI Information Systems and Management Consultants Pvt Ltd,Sweden,5 - 7 Years
Director IT,highrise solutions llp,Pune,1 - 2 Years
IT Engineer,BHTC India Pvt Ltd,Pune,0 - 3 Years
IT Executive,you broadband & cable india pvt. ltd.,Surat,1 - 4 Years
IT Recruiter,NCPL,Noida/Greater Noida,0 - 2 Years
IT Recruiter,amicus technologies pvt ltd,"Pune,  Raipur",2 - 5 Years
IT Faculty,TandA HR Solutions,"Chamba,  Una",2 - 3 Years
IT Teacher,TandA HR Solutions,"Mumbai,  Chamba,  Mohali,  Una",2 - 3 Years
IT Teacher,TandA HR Solutions,"Chamba,  Mohali,  Una",2 - 3 Years
IT Administrator,SEVEN CONSULTANCY,"Navi Mumbai,  Mumbai",2 - 4 Years
IT Admin,SEVEN CONSULTANCY,Ahmedabad,2 - 3 Years
IT Admin,SEVEN CONSULTANCY,"Navi Mumbai,  Mumbai",0 - 3 Years
IT executive,SEVEN CONSULTANCY,Mumbai,1 - 2 Years
Lead - IT,Bajaj Finserv Lending Ltd,Pune,6 - 8 Years
: IT Director,highrise solutions llp,Pune,1 - 4 Years
IT Engineer,Larsen & Toubro Infotech Ltd,Vadodara,5 - 7 Years
IT Student,danfoss india innovation center,Mexico,0 - 1 Years
IT Coordinator,Hilton Hotels & Resorts,Italy,1 - 3 Years
IT Supervisor,Hilton Hotels & Resorts,,5 - 7 Years
Lead - IT,Bajaj Finserv Lending Ltd,Pune,5 - 7 Years
Lead - IT,Bajaj Finserv Lending Ltd,Pune,6 - 8 Years
Lead - IT,Bajaj Finserv Lending Ltd,Pune,6 - 9 Years
IT Specialist,IBM India Pvt Ltd,Bengaluru / Bangalore,2 - 5 Years
Head of IT,Incuspaze,Gurgaon,3 - 6 Years
Mainframe Analyst,HR Jobs Placements,"Ahmedabad,  Bengaluru / Bangalore,  Chennai,  Delhi/NCR,  Hyderabad/Secunderabad",9 - 14 Years
IT Recruiter /  NON IT Recruiter,2Soft Solutions Pvt. Ltd.,"Mumbai,  Pune",0 - 6 Years
IT Executive  /  Sr. IT Executive,ACTIVE INDIA EMPLOYMENT SERVICES PRIVATE LIMITED,Gandhidham,3 - 6 Years
"IT Logistics Manager ,  IT Services",AMAZON INDIA PVT LTD,"Chennai,  Mumbai,  Bengaluru / Bangalore,  Pune,  Hyderabad/Secunderabad",5 - 7 Years
Lead - IT / Senior Lead - IT,Bajaj Finserv Lending Ltd,Pune,5 - 8 Years
Lead - IT / Senior Lead - IT,Bajaj Finserv Lending Ltd,Pune,5 - 10 Years
Test Manager,HR Jobs Placements,"Bengaluru / Bangalore,  Chennai,  Delhi/NCR,  Kolkata,  Mumbai",8 - 13 Years
Senior Data Scientist - Machine Learning,HR Jobs Placements,"Ahmedabad,  Bengaluru / Bangalore,  Chennai,  Delhi,  Gurgaon",5 - 10 Years
Configuration / Release Manager,HR Jobs Placements,"Ahmedabad,  Bengaluru / Bangalore,  Chennai,  Delhi,  Gurgaon",11 - 16 Years
Telecom Software Engineer,HR Jobs Placements,"Ahmedabad,  Bengaluru / Bangalore,  Chennai,  Delhi/NCR,  Hyderabad/Secunderabad",2 - 7 Years
Software Developer,Laxmi Infotech,"Mumbai,  Pune",1 - 6 Years
"Web Designing , Web Designer , Graphics Designer",AppSoft Solutions,"Bengaluru / Bangalore,  Chennai,  Delhi,  Mumbai,  Pune",0 - 3 Years
IT Head,HR Jobs Placements,"Ahmedabad,  Bengaluru / Bangalore,  Chennai,  Delhi,  Gurgaon",12 - 17 Years
Java Project Manager,HR Jobs Placements,"Ahmedabad,  Bengaluru / Bangalore,  Chennai,  Delhi,  Gurgaon",10 - 15 Years
Telecom Software Engineer,HR Jobs Placements,"Kolkata,  Mumbai,  Pune,  Mysoru / Mysore,  Coimbatore",2 - 7 Years
"Be B Tech Fresher , Associate Engineer",Laxmi Infotech,"Bengaluru / Bangalore,  Chennai,  Hyderabad/Secunderabad,  Mumbai,  Pune",0 - 3 Years
Fullstack Developer,New Global Technologies,"Bengaluru / Bangalore,  Chennai,  Hyderabad/Secunderabad,  Mumbai,  Pune",1 - 6 Years
Java Project Manager,HR Jobs Placements,"Hyderabad/Secunderabad,  Kolkata,  Mumbai,  Noida/Greater Noida,  Pune",10 - 15 Years
FINANCE MANAGER FOR AUSTRALIA  &  CANADA,LIMA FLY PRIVATE LIMITED,"Australia,  Canada",9 - 13 Years
"Senior Application Programmer , application programming",HR Jobs Placements,"Hyderabad/Secunderabad,  Kolkata,  Mumbai,  Noida/Greater Noida,  Pune",5 - 10 Years
Asset Management Executive,Team Computers Pvt Ltd,"Mumbai,  Delhi,  Chennai,  Delhi/NCR",2 - 5 Years
IT Head,HR Jobs Placements,"Hyderabad/Secunderabad,  Kolkata,  Mumbai,  Noida/Greater Noida,  Pune",12 - 17 Years
"""Java Full stack developer""",HR Jobs Placements,"Bengaluru / Bangalore,  Delhi/NCR,  Hyderabad/Secunderabad,  Kolkata,  Mumbai",3 - 8 Years
"IT Recruiter /  NON IT Recruiter ,  Mumbai",2Soft Solutions Pvt. Ltd.,"Mumbai,  Pune",0 - 6 Years
"ITS Support Associate II ,  IT Services",AMAZON INDIA PVT LTD,Panchkula,1 - 3 Years
"ITS Support Associate II ,  IT Services",AMAZON INDIA PVT LTD,Panchkula,1 - 3 Years
"ITS Support Associate II ,  IT Services",AMAZON INDIA PVT LTD,Panchkula,1 - 3 Years
"IT Support Engineer I ,  IT Services",AMAZON INDIA PVT LTD,Panchkula,2 - 4 Years
"Enterprise Account Mgr ,  IT  /  ITeS ,  ITS India",AMAZON INDIA PVT LTD,Mumbai,5 - 10 Years
US IT Recruiter  ( US IT Staffing ),Advaya Infotech Pvt Ltd,Noida/Greater Noida,1 - 3 Years
"IT Manager II ,  OPSTech IT -Service Desk",AMAZON INDIA PVT LTD,Bengaluru / Bangalore,5 - 7 Years
"Sr. IT Vendor Manager  ,  IT Services",AMAZON INDIA PVT LTD,Bengaluru / Bangalore,5 - 7 Years
IT Consultant  /  IT Administrator  ( m / f / d ),Nagarro India Pvt Ltd,"Germany,  Switzerland,  France",3 - 7 Years
Hiring for IT Support for an IT Company for Mohali Location.,TandA HR Solutions,Mohali,1 - 3 Years
"ITS Logistics Coordinator  ( WH )  ,  IT Services India",AMAZON INDIA PVT LTD,Hyderabad/Secunderabad,3 - 5 Years
"IT Support Associate II ,  IT Services Variable",AMAZON INDIA PVT LTD,Bengaluru / Bangalore,2 - 3 Years
QA Testing Engineer,Laxmi Infotech,"Bengaluru / Bangalore,  Chennai,  Hyderabad/Secunderabad",0 - 3 Years
IT Security Executive,torcai digital media private limited,Dehradun,0 - 3 Years
"Manager  /  Senior Manager- IT , Manager It",HR Jobs Placements,"Ahmedabad,  Bengaluru / Bangalore,  Chennai,  Delhi,  Gurgaon",8 - 13 Years
Inside Sales,eDominer Systems,"Kolkata,  Bengaluru / Bangalore",0 - 3 Years
IT Software Sales,SEVEN CONSULTANCY,Noida/Greater Noida,2 - 5 Years
Project Manager SAP,HR Jobs Placements,"Ahmedabad,  Bengaluru / Bangalore,  Chennai,  Delhi,  Gurgaon",10 - 15 Years
US IT Recruiter,pegasus knowledge solutions india pvt ltd.,Bengaluru / Bangalore,4 - 10 Years
IT Help Desk Resources,FINITE HR CONSUTING PVT LTD,Hyderabad/Secunderabad,1 - 2 Years
IT Sales Manager,OM SOFTWARES,Bengaluru / Bangalore,5 - 8 Years
IT Recruiter For Recruitment Agency,AugmatrixGo,Mumbai,4 - 8 Years
Jobs for IT Recruiter,SEVEN CONSULTANCY,"Navi Mumbai,  Mumbai,  Thane",3 - 4 Years
Jobs for IT recruiter,SEVEN CONSULTANCY,"Navi Mumbai,  Mumbai",0 - 3 Years
US IT Recruiter,Flair soft group,Bhopal,0 - 3 Years
IT Security Analyst,itronix solutions,Jalandhar,0 - 3 Years
US IT Recruiter,TandA HR Solutions,Hyderabad/Secunderabad,2 - 5 Years
US IT Recruiter,TandA HR Solutions,Hyderabad/Secunderabad,2 - 5 Years
Assistant  /  Executive  IT,TandA HR Solutions,Mohali,3 - 6 Years
Assistant  /  Executive  IT,TandA HR Solutions,Mohali,3 - 6 Years
Specjalista ds. IT,lear corporation  ( onward technology pay role ),,2 - 5 Years
IT Security Operations Engineer,Vtiger,Bengaluru / Bangalore,0 - 3 Years
IT Support Engineer,Quality HR Services,Mumbai,0 - 1 Years
It Security Specialist,CGI Information Systems and Management Consultants Pvt Ltd,,3 - 5 Years
Sr. IT Security Engineer,gigamon,Chennai,1 - 4 Years
Associate manager - IT,UrbanClap,"Singapore,  Dubai,  Gurgaon",8 - 10 Years
Assistant  /  Executive  IT,TandA HR Solutions,Mohali,3 - 6 Years
IT Security Specialist,CGI Information Systems and Management Consultants Pvt Ltd,,3 - 5 Years
Sr. Executive - IT Security,Quality HR Services,Surat,3 - 5 Years
"US IT Recruiter ,  Bangalore",2Soft Solutions Pvt. Ltd.,Bengaluru / Bangalore,2 - 4 Years
Recruitment Delivery Manager  ( IT ),highrise solutions llp,Pune,5 - 7 Years
Senior IT Infrastructure Specialist,netradyne,Bengaluru / Bangalore,5 - 8 Years
US IT Recruiter,OM SOFTWARES,Pune,3 - 6 Years
IT Security analyst,SEVEN CONSULTANCY,Ahmedabad,8 - 11 Years
IT Audit Consultant,ITCAN Pte Ltd,Singapore,2 - 5 Years
Manager-IT Appilcation Development,Malabar Gold and Diamonds,Calicut/ Kozhikode,7 - 10 Years
IT Software Support Engineer,Docsvault,Vadodara,2 - 5 Years
Territory Manager  (  IT Sales ),Compuage Infocom Ltd,"Kolhapur,  Ahmedabad,  Indore,  Bengaluru / Bangalore,  Jodhpur",2 - 3 Years
IT PROJECT MANAGER,Trust Tech Solutions,Cochin/ Kochi/ Ernakulam,4 - 5 Years
US IT Recruiter,Tekshapers Software Solutions  ( P )  Limited,,1 - 3 Years
Apple IT Evangelist,ProMobi Technologies,Pune,2 - 6 Years
Cluster IT Manager,Marriott International Inc,Mumbai,3 - 5 Years
Assistant Manager - IT,Marriott International Inc,Jaipur,2 - 4 Years
IT Service Management Representative,accenture,Gurgaon,8 - 9 Years
IT /  Linux Admin,PROPELLUM INFOTECH PRIVATE LIMITED,Mumbai,3 - 5 Years
Sales and Marketing Manager for IT,Whiz Solutions  ( UK ),Ahmedabad,4 - 5 Years
Senior IT Analyst,Textron India Pvt Ltd,Bengaluru / Bangalore,5 - 7 Years
IT Service Delivery Specialist,Team Computers Pvt Ltd,"Mumbai,  Delhi,  Delhi/NCR",3 - 5 Years
IT Infrastructure Project Manager,Team Computers Pvt Ltd,Mumbai,6 - 12 Years
IT Support Specialist II,bentley systems pvt ltd,,4 - 7 Years
IT Sales Manager,LAKSH HUMAN RESOURCE,"Delhi,  Delhi/NCR",3 - 5 Years
Manager  Sales IT,LAKSH HUMAN RESOURCE,Mumbai,10 - 12 Years
IT Business Analyst,KnowledgeHut,Bengaluru / Bangalore,0 - 3 Years
Project Manager  ( IT ),Inexoft Technologies Pvt. Ltd.,Kannur,5 - 8 Years
Executive IT  ( Oracle Developer ),Gati Ltd,Hyderabad/Secunderabad,2 - 5 Years
IT Business Consultant,Exioms,Pune,0 - 3 Years
IT Product Sales,Eternus Solutions,Pune,0 - 3 Years
IT International Sales,Eternus Solutions,Pune,0 - 3 Years
IT Project Coordinator,BizBrolly,Noida/Greater Noida,1 - 4 Years
IT Support Executive,Asergis,China,2 - 5 Years
CS / IT Faculty,Amity University,Noida/Greater Noida,10 - 13 Years
IT Project Manager,zones corporate solutions,Portland,5 - 8 Years
IT Service Management Representative,accenture,Bengaluru / Bangalore,0 - 2 Years
Systems Analyst 2-IT,ORACLE,Bengaluru / Bangalore,3 - 5 Years
Deputy National Lead - IT,Bajaj Finserv Lending Ltd,Pune,6 - 8 Years
Systems Analyst 3-IT,ORACLE,Bengaluru / Bangalore,6 - 10 Years
Systems Analyst 2-IT,ORACLE,Bengaluru / Bangalore,3 - 5 Years
IT Senior Consultant,ORACLE,"Bengaluru / Bangalore,  Hyderabad/Secunderabad",3 - 5 Years
Systems Analyst 2-IT,ORACLE,Bengaluru / Bangalore,3 - 5 Years
Programmer Analyst 5-IT,ORACLE,Bengaluru / Bangalore,6 - 10 Years
Systems Analyst 3-IT,ORACLE,Bengaluru / Bangalore,6 - 10 Years
Systems Analyst 2-IT,ORACLE,Bengaluru / Bangalore,3 - 6 Years
Systems Analyst 3-IT,ORACLE,Bengaluru / Bangalore,5 - 7 Years
Systems Analyst 2-IT,ORACLE,Bengaluru / Bangalore,6 - 10 Years
Systems Analyst 2-IT,ORACLE,Bengaluru / Bangalore,6 - 10 Years
Systems Analyst 2-IT,ORACLE,Bengaluru / Bangalore,6 - 10 Years
Systems Analyst 2-IT,ORACLE,Bengaluru / Bangalore,6 - 10 Years
Systems Analyst 2-IT,ORACLE,"Bengaluru / Bangalore,  null",3 - 5 Years
IT Service Management Representative,accenture,Coimbatore,3 - 6 Years
IT Customer Service Representative,accenture,Kolkata,5 - 8 Years
IT Service Management Representative,accenture,Gurgaon,0 - 2 Years
IT Service Management Representative,accenture,Hyderabad/Secunderabad,1 - 4 Years
IT Support Associate II,AMAZON INDIA PVT LTD,Mumbai,1 - 3 Years
IT Service Management Representative,accenture,Bengaluru / Bangalore,7 - 9 Years
IT Customer Service Representative,accenture,Pune,2 - 5 Years
IT Customer Service Representative,accenture,Pune,3 - 5 Years
IT Service Management Representative,accenture,Bengaluru / Bangalore,0 - 2 Years
IT Service Management Representative,accenture,Bengaluru / Bangalore,0 - 2 Years
IT Service Management Representative,accenture,Gurgaon,0 - 2 Years
IT Service Management Representative,accenture,"Mumbai,  Indore",5 - 8 Years
IT Service Management Representative,accenture,"Gurgaon,  Indore",0 - 2 Years
IT Service Management Representative,accenture,"Kolkata,  Gurgaon",0 - 2 Years
IT Service Management Representative,accenture,Noida/Greater Noida,2 - 5 Years
IT Customer Service Representative,accenture,"Noida/Greater Noida,  Gurgaon",3 - 6 Years
IT Service Management Representative,accenture,Gurgaon,0 - 2 Years
IT Service Management Representative,accenture,Bengaluru / Bangalore,0 - 2 Years
IT Service Management Representative,accenture,"Kolkata,  Gurgaon",0 - 2 Years
IT Service Management Representative,accenture,Bengaluru / Bangalore,0 - 2 Years
IT Service Management Representative,accenture,Bengaluru / Bangalore,0 - 2 Years
IT Service Management Representative,accenture,Bengaluru / Bangalore,1 - 4 Years
IT Service Management Representative,accenture,Jaipur,3 - 6 Years
IT Service Management Representative,accenture,Indore,3 - 6 Years
IT Service Management Representative,accenture,Bengaluru / Bangalore,5 - 8 Years
IT Service Management Representative,accenture,"Bengaluru / Bangalore,  Jaipur",7 - 10 Years
IT Service Management Representative,accenture,Gurgaon,0 - 2 Years
IT Service Management Representative,accenture,Bengaluru / Bangalore,5 - 8 Years
IT Service Management Representative,accenture,Pune,7 - 10 Years
Cluster IT Manager,Marriott International Inc,Mumbai,2 - 3 Years
IT - Application Developer,Larsen & Toubro Infotech Ltd,Surat,1 - 3 Years
IT Service Management Representative,accenture,Bengaluru / Bangalore,0 - 2 Years
IT Service Management Representative,accenture,Bengaluru / Bangalore,0 - 2 Years
IT Service Management Representative,accenture,Gurgaon,5 - 7 Years
IT Service Management Representative,accenture,Bengaluru / Bangalore,3 - 6 Years
IT Service Management Representative,accenture,Kolkata,3 - 6 Years
IT Service Management Representative,accenture,Mumbai,2 - 5 Years
IT Customer Service Representative,accenture,Bengaluru / Bangalore,7 - 10 Years
IT Service Management Representative,accenture,Bengaluru / Bangalore,2 - 5 Years
IT Service Management Representative,accenture,Gurgaon,2 - 5 Years
IT Service Management Representative,accenture,Bengaluru / Bangalore,7 - 10 Years
IT Service Management Representative,accenture,Gurgaon,3 - 6 Years
IT Service Management Representative,accenture,Pune,7 - 9 Years
IT Service Management Representative,accenture,Bengaluru / Bangalore,0 - 2 Years
IT Service Management Representative,accenture,Bengaluru / Bangalore,5 - 8 Years
IT Service Management Representative,accenture,"Bengaluru / Bangalore,  Indore",5 - 8 Years
IT Service Management Representative,accenture,Gurgaon,3 - 6 Years
IT Service Management Representative,accenture,"Bengaluru / Bangalore,  Jaipur",5 - 8 Years
IT Customer Service Representative,accenture,Bengaluru / Bangalore,3 - 6 Years
IT Service Management Representative,accenture,"Bengaluru / Bangalore,  Jaipur",5 - 8 Years
IT Service Management Representative,accenture,Indore,2 - 5 Years
Cluster IT Supervisor,Marriott International Inc,South Korea,2 - 5 Years
Lab IT and Hardware student,Intel Technology India Pvt Ltd,Israel,0 - 1 Years
IT Service Management Representative,accenture,"Gurgaon,  Indore",7 - 10 Years
IT Service Management Representative,accenture,"Bengaluru / Bangalore,  Indore",7 - 10 Years
IT Service Management Representative,accenture,Indore,3 - 6 Years
IT Service Management Representative,accenture,"Bengaluru / Bangalore,  Jaipur",7 - 10 Years
IT Service Management Representative,accenture,Bengaluru / Bangalore,12 - 15 Years
IT Service Management Representative,accenture,Bengaluru / Bangalore,1 - 4 Years
IT Service Management Representative,accenture,Bengaluru / Bangalore,5 - 8 Years
IT Supplier Management Practitioner,accenture,Gurgaon,1 - 4 Years
IT Service Management Representative,accenture,Bengaluru / Bangalore,3 - 6 Years
Deployment Engineer - IT,Nvidia Graphics Pvt Ltd,Hong Kong,8 - 11 Years
Cluster Director of IT,Marriott International Inc,,3 - 5 Years
Assistant IT Manager,Marriott International Inc,Cairo,3 - 5 Years
IT Service Management Representative,accenture,"Gurgaon,  Indore",7 - 10 Years
IT Service Management Representative,accenture,"Bengaluru / Bangalore,  Jaipur",5 - 8 Years
IT Service Management Representative,accenture,"Bengaluru / Bangalore,  Jaipur",7 - 10 Years
IT Service Management Representative,accenture,"Gurgaon,  Indore",5 - 8 Years
IT Service Management Representative,accenture,"Bengaluru / Bangalore,  Jaipur",7 - 10 Years
IT Service Management Representative,accenture,"Bengaluru / Bangalore,  Gurgaon",3 - 6 Years
IT Service Management Representative,accenture,Indore,2 - 5 Years
IT Service Management Representative,accenture,Bengaluru / Bangalore,7 - 10 Years
IT Service Management Representative,accenture,"Bengaluru / Bangalore,  Nagpur",7 - 10 Years
IT Service Management Representative,accenture,Noida/Greater Noida,3 - 6 Years
IT Service Management Representative,accenture,"Kolkata,  Indore",7 - 10 Years
IT Service Management Representative,accenture,Bengaluru / Bangalore,5 - 8 Years
IT Service Management Representative,accenture,Bengaluru / Bangalore,2 - 5 Years
IT Service Management Representative,accenture,"Bengaluru / Bangalore,  Pune",3 - 6 Years
IT Service Management Representative,accenture,Pune,3 - 6 Years
IT Service Management Representative,accenture,Pune,3 - 6 Years
IT Service Management Representative,accenture,Chennai,7 - 10 Years
IT Customer Service Representative,accenture,Bengaluru / Bangalore,3 - 6 Years
IT Service Management Representative,accenture,Coimbatore,3 - 6 Years
IT Service Management Representative,accenture,Jaipur,3 - 6 Years
IT Service Management Representative,accenture,Coimbatore,3 - 6 Years
IT Service Management Representative,accenture,"Bengaluru / Bangalore,  Jaipur",5 - 8 Years
IT Service Management Representative,accenture,Mumbai,2 - 5 Years
IT Customer Service Representative,accenture,Bengaluru / Bangalore,5 - 8 Years
IT Customer Service Associate,accenture,Hyderabad/Secunderabad,1 - 3 Years
IT Customer Service Associate,accenture,Hyderabad/Secunderabad,1 - 3 Years
IT Service Management Representative,accenture,Coimbatore,3 - 6 Years
IT Customer Service Representative,accenture,Mumbai,0 - 2 Years
IT Service Management Representative,accenture,Coimbatore,7 - 10 Years
IT Service Management Representative,accenture,Coimbatore,3 - 6 Years
IT Service Management Representative,accenture,Pune,0 - 2 Years
IT Service Management Representative,accenture,Pune,0 - 2 Years
IT Service Management Representative,accenture,Gurgaon,0 - 2 Years
IT Service Management Representative,accenture,Gurgaon,0 - 2 Years
IT Service Management Representative,accenture,"Gurgaon,  Indore",0 - 2 Years
IT Service Management Representative,accenture,Pune,0 - 2 Years
IT Service Management Representative,accenture,Gurgaon,0 - 2 Years
IT Service Management Representative,accenture,"Gurgaon,  Indore",0 - 2 Years
Manager - Technical  ( IT ),INFINITY GROUP,Noida/Greater Noida,5 - 8 Years
Onsite IT Support Engineer,DXC Technologies,Singapore,1 - 2 Years
IT Solution Architect,DXC Technologies,Spain,5 - 8 Years
IT Desktop Scheduler,NTT Data Vertex Software Inc.,Los Angeles,3 - 5 Years
Assistant IT Manager,Marriott International Inc,Malaysia,2 - 4 Years
IT Project Manager,DXC Technologies,Belgium,5 - 10 Years
IT Infrastructure Project Manager,DXC Technologies,,5 - 8 Years
Graduate IT Consultant  ( Trainee ),DXC Technologies,,0 - 1 Years
IT onsite Engineer,DXC Technologies,China,0 - 1 Years
IT Integration Developer - Remote,NTT Data Vertex Software Inc.,Plano,5 - 8 Years
IT Service Desk Specialist,Nagarro India Pvt Ltd,Spain,2 - 4 Years
IT PM - Infrastructure,nec software solutions  ( india )  pvt ltd,"Mumbai,  Bengaluru / Bangalore",5 - 8 Years
"IT technician Network ,  Kiruna",CGI Information Systems and Management Consultants Pvt Ltd,Sweden,3 - 5 Years
IT Sales Executive,INFINITY GROUP,"Delhi,  Delhi/NCR",2 - 5 Years
IT Security Officer,SEVEN CONSULTANCY,Bengaluru / Bangalore,1 - 3 Years
IT admin manager,SEVEN CONSULTANCY,"Delhi,  Delhi/NCR",2 - 5 Years
Jr IT Engineer,SEVEN CONSULTANCY,Raipur,0 - 2 Years
IT admin manager,SEVEN CONSULTANCY,Hyderabad/Secunderabad,0 - 3 Years
Jobs for IT Sales Manager,SEVEN CONSULTANCY,"Navi Mumbai,  Mumbai,  Thane",0 - 3 Years
IT Sales Executive,SEVEN CONSULTANCY,Indore,2 - 4 Years
IT Security Officer,SEVEN CONSULTANCY,"Delhi,  Delhi/NCR",4 - 7 Years
IT admin executive,SEVEN CONSULTANCY,Hyderabad/Secunderabad,0 - 3 Years
IT Security Officer,SEVEN CONSULTANCY,"Mumbai,  Bengaluru / Bangalore",2 - 5 Years
IT Security Executive,SEVEN CONSULTANCY,Hyderabad/Secunderabad,0 - 3 Years
IT Security Officer,SEVEN CONSULTANCY,Bengaluru / Bangalore,2 - 5 Years
Cluster IT Executive,Marriott International Inc,Bengaluru / Bangalore,2 - 5 Years
BDE in IT Sales,SEVEN CONSULTANCY,"Navi Mumbai,  Mumbai",1 - 4 Years
IT Infrastructure Sales Executive,SEVEN CONSULTANCY,Trichy,2 - 6 Years
Jobs for IT support engineer,SEVEN CONSULTANCY,"Navi Mumbai,  Mumbai",4 - 7 Years
Jobs for Electrician  ( IT,SEVEN CONSULTANCY,"Navi Mumbai,  Mumbai,  Thane",7 - 10 Years
Global IT Support,SEVEN CONSULTANCY,"Navi Mumbai,  Mumbai,  Thane",2 - 5 Years
Telemarketing Reputed IT industry,SEVEN CONSULTANCY,Mumbai,0 - 2 Years
Telecaller for IT Training Centre,3RI Technologies Pvt Ltd,Pune,1 - 3 Years
IT Advanced Technologies Trainer,3RI Technologies Pvt Ltd,Pune,3 - 4 Years
IT Logistics Manager,AMAZON INDIA PVT LTD,Hyderabad/Secunderabad,5 - 10 Years
IT Hardware Technician,zones corporate solutions,Albany,2 - 3 Years
IT Service /  Support Manager,delta IT network pvt. ltd.,Gurgaon,5 - 8 Years
Executive IT Support,AKSHAYA PVT LTD,Chennai,1 - 3 Years
IT Support Specialist,Leica Biosystems,"Singapore,  Japan",3 - 6 Years
Sr. Program Manager - IT,Flex-i Partners,Bengaluru / Bangalore,14 - 18 Years
IT Program Manager,Orange Business Services,,3 - 10 Years
IT admin executive,SEVEN CONSULTANCY,"Hyderabad/Secunderabad,  Pune",3 - 6 Years
Sales Executive ( IT Sales ),SEVEN CONSULTANCY,Kolkata,3 - 6 Years
MANAGER IT CSV,infinity business solutions pvt ltd,Mumbai,6 - 10 Years
General Manager  IT  ( Software ),aarika hr professionals,Jaipur,0 - 3 Years
Business Development Executive  ( IT ),Z Index,Rajkot,0 - 3 Years
IT Manager and Admin,urban platter,Mumbai,5 - 8 Years
IT PROJECT MANAGER,Trusttech Solutions LLP,Cochin/ Kochi/ Ernakulam,4 - 5 Years
Automation Engineer  IT Infra,Si2 Tech,Vadodara,5 - 8 Years
IT Infrastructure-Administrator,Sardonyx Technologies,Thanjavur,6 - 10 Years
JAVA Opening at IT,SYNCTON IT Solutions,Hyderabad/Secunderabad,3 - 4 Years
E-CommerceOpening at IT,SYNCTON IT Solutions,Hyderabad/Secunderabad,3 - 4 Years
Software Engineer at IT,SYNCTON IT Solutions,Hyderabad/Secunderabad,3 - 4 Years
Assistant Manager IT,sgs india pvt.ltd,Thane,8 - 12 Years
IT Executive ( Hardware and Networking ),RAGHUNANDAN MONEY,Agra,0 - 1 Years
IT ODIN Manager,RAGHUNANDAN MONEY,Agra,4 - 5 Years
Enterprise Sales - IT,Queppelin Technology Solutions Pvt. Ltd.,France,3 - 7 Years
Senior IT Engineer - QBSS,quatrro business support services pvt. ltd.,San Francisco,5 - 8 Years
IT Project Manager,Postbox Communications,Mumbai,2 - 7 Years
IT Sales Executive,Pinnove,Nagpur,2 - 3 Years
IT Sales Specialist,Nile Technologies Pvt. Limited.,"Delhi,  Delhi/NCR",2 - 4 Years
I.T. Support Executive,mobilestyx consulting & solutions llp,Thane,0 - 3 Years
IT Sales Executive Mawaqaa,Mawaqaa - National Web Solutions Company,Kuwait City,2 - 5 Years
IT Project Coordinator Mawaqaa,Mawaqaa - National Web Solutions Company,Kuwait City,4 - 5 Years
IT Support Engineer,Magika Smartech,Mumbai,5 - 8 Years
IT Tech Support,Magika Smartech,Mumbai,2 - 5 Years
IT Operations Senior Engineer,Magika Smartech,Mumbai,8 - 10 Years
Assistant Vice President- IT,TransGraph Consulting Pvt.Ltd.,Hyderabad/Secunderabad,8 - 11 Years
IT INFRASTRUCTURE MONITORING SPECIALIST,Spectrum Softtech Solutions Pvt Ltd,Cochin/ Kochi/ Ernakulam,0 - 3 Years
Business Development (  MBA in IT ),soptech solutions,Bengaluru / Bangalore,4 - 6 Years
IT Business Analyst,origin hr,"Mumbai,  Pune",4 - 7 Years
IT DevOps Engineer,myOnsite Healthcare,Vadodara,3 - 4 Years
IT Support Engineer,kerala infotech,Thrissur,1 - 4 Years
Team Lead  ( IT ),indianfertilizer,Delhi,6 - 10 Years
IT System Administrator,ion trading india pvt. ltd.,Australia,3 - 6 Years
Solution Consultant - ITS,ion trading india pvt. ltd.,"Germany,  Switzerland",5 - 8 Years
Sr. IT Infrastructure Engineer,KASEYA SOFTWARE,Bengaluru / Bangalore,3 - 8 Years
Senior IT Network Engineer,KASEYA SOFTWARE,Bengaluru / Bangalore,4 - 10 Years
Sales Senior IT Sales,kanmalai technologies,Coimbatore,3 - 6 Years
IT Project Manager,Interactive Bees Pvt. Ltd.,Delhi,3 - 6 Years
IT  &  Network Engineer,Dr Nivedita Dadu's Dermatology Clinic,Noida/Greater Noida,2 - 5 Years
IT - Application Support  ( Software ),DIAMTRADE,Vadodara,0 - 4 Years
IT Project Manager,Ctd Techs Private Limited,Chennai,4 - 7 Years
Team Leader  IT,CSB Bank Limited,Cochin/ Kochi/ Ernakulam,3 - 6 Years
Assistant Manager- IT,CSB Bank Limited,Bengaluru / Bangalore,2 - 6 Years
IT Help Desk,athena technology solutions,Chennai,5 - 8 Years
IT Business Analyst,acaira technologies pvt. ltd.,Mumbai,2 - 5 Years
Business Analyst  IT,2Soft Solutions Pvt. Ltd.,Ahmedabad,6 - 10 Years
"IT Project Manager ,  Bangalore",2Soft Solutions Pvt. Ltd.,Bengaluru / Bangalore,5 - 8 Years
IT Manager with MNC,2Soft Solutions Pvt. Ltd.,"Mumbai,  Ahmedabad",15 - 20 Years
IT Recruitment Services in Mumbai,2Soft Solutions Pvt. Ltd.,Mumbai,2 - 5 Years
IT Support Associate II,AMAZON INDIA PVT LTD,Bengaluru / Bangalore,3 - 5 Years
Associate Vice President -IT,highrise solutions llp,Pune,1 - 2 Years
IT Sales and Marketing,highrise solutions llp,Pune,4 - 8 Years
Project Manager | IT,highrise solutions llp,Pune,7 - 8 Years
IT Support Associate II,AMAZON INDIA PVT LTD,Bengaluru / Bangalore,1 - 3 Years
Position:IT Executives,Sevens Enterprises Pvt LTD,Cochin/ Kochi/ Ernakulam,4 - 10 Years
IT Infrastructure Manager,SEVEN CONSULTANCY,Muscat,2 - 3 Years
IT Technical Sales,SEVEN CONSULTANCY,Mumbai,4 - 7 Years
Assistant Manager - IT,M / s Fast and Furious Consulting,Gurgaon,0 - 3 Years
IT Operation Manager,M / s Fast and Furious Consulting,Ahmedabad,6 - 8 Years
Cluster IT Manager,Marriott International Inc,Kolkata,2 - 3 Years
IT / Software Sales Executive,FINITE HR CONSUTING PVT LTD,Hyderabad/Secunderabad,0 - 3 Years
Project Manager IT,cloudxlab,Bengaluru / Bangalore,3 - 6 Years
Project Coordinator  IT,CONNECTING 2 WORK,Thiruvananthapuram,2 - 5 Years
IT Business Analyst,CONNECTING 2 WORK,Thiruvananthapuram,0 - 3 Years
IT Sales Executive,CONNECTING 2 WORK,Thiruvananthapuram,3 - 6 Years
IT Software Trainer,CONNECTING 2 WORK,Chennai,2 - 5 Years
IT Technical support,CONNECTING 2 WORK,Bengaluru / Bangalore,3 - 6 Years
BDE  IT Sales,CONNECTING 2 WORK,Cochin/ Kochi/ Ernakulam,12 - 15 Years
Manager  IT  Male,CONNECTING 2 WORK,Calicut/ Kozhikode,0 - 3 Years
DGM /  GM  IT,CONNECTING 2 WORK,Dubai,12 - 15 Years
Recruitment Specialist  ( IT ),IBM India Pvt Ltd,Hyderabad/Secunderabad,6 - 8 Years
IT Validation Manager,Pall India Pvt Ltd,Bengaluru / Bangalore,3 - 6 Years
US IT Recruiter,Tecnovators Software Solutions,Chennai,2 - 3 Years
IT Technical Sales,SEVEN CONSULTANCY,Mumbai,2 - 4 Years
IT Business Development Executive,LINUXBEAN SOLUTION PVT LTD,Indore,0 - 3 Years
IT Business Developer,LINUXBEAN SOLUTION PVT LTD,Indore,0 - 3 Years
IT Business Analyst  (  BE ),LINUXBEAN SOLUTION PVT LTD,Indore,0 - 3 Years
IT Business Analyst,LINUXBEAN SOLUTION PVT LTD,Indore,0 - 3 Years
Business Analyst - IT,LINUXBEAN SOLUTION PVT LTD,Indore,0 - 3 Years
IT Business Development Executive,LINUXBEAN SOLUTION PVT LTD,Indore,0 - 3 Years
Website Designer - IT,LINUXBEAN SOLUTION PVT LTD,Indore,0 - 3 Years
IT Business Development Executive,LINUXBEAN SOLUTION PVT LTD,Indore,0 - 3 Years
IT Business Development Executive,LINUXBEAN SOLUTION PVT LTD,Indore,0 - 3 Years
Business Development Executive - IT,LINUXBEAN SOLUTION PVT LTD,Indore,0 - 3 Years
Business Development Executive - IT,LINUXBEAN SOLUTION PVT LTD,Indore,0 - 3 Years
Online Bidder - IT,LINUXBEAN SOLUTION PVT LTD,Indore,0 - 3 Years
Business Development Executive - IT,LINUXBEAN SOLUTION PVT LTD,Indore,0 - 3 Years
Online Bidder - IT,LINUXBEAN SOLUTION PVT LTD,Indore,0 - 3 Years
IT Business Development Executive,LINUXBEAN SOLUTION PVT LTD,Indore,0 - 3 Years
Business Development Executive - IT,LINUXBEAN SOLUTION PVT LTD,Indore,0 - 3 Years
IT Business developer,LINUXBEAN SOLUTION PVT LTD,Indore,0 - 3 Years
US IT Recruiter,LINKTAG,Hyderabad/Secunderabad,2 - 5 Years
Admin and IT Incharge: Urgent,JAT GLOBAL PVT LTD,Bengaluru / Bangalore,1 - 5 Years
IT Delivery Manager,GLOCAL HEALTH CARE SYSTEM PVT LTD,Burdwan,8 - 11 Years
Application Consultant: ServiceNow IT,IBM India Pvt Ltd,Mysoru / Mysore,1 - 5 Years
IT Management Consulting  HR,IBM India Pvt Ltd,Bengaluru / Bangalore,3 - 5 Years
Application Consultant: ServiceNow IT,IBM India Pvt Ltd,Mysoru / Mysore,1 - 5 Years
Engineer IT Infrastructure  (  81511590  ),Reliance Jio Infocomm Limited,Mumbai,3 - 8 Years
IT Support Associate II,AMAZON INDIA PVT LTD,Thane,1 - 3 Years
Chief IT  (  81443896  ),Reliance Jio Infocomm Limited,Mumbai,2 - 5 Years
Assistant IT Manager,Marriott International Inc,Malaysia,2 - 5 Years
Principal Associate-IT,eurofins it solutions pvt ltd,France,5 - 7 Years
Procurement Professional - IT,the abt group,Ireland,5 - 9 Years
Desktop / IT Engineer,macwill information system pvt ltd,Hoshiarpur,0 - 3 Years
IT Service Lead,BHTC India Pvt Ltd,Pune,0 - 3 Years
Senior IT Engineer,BHTC India Pvt Ltd,Pune,0 - 3 Years
US IT Bench Sales,Mythriis consulting Pvt Ltd,Hyderabad/Secunderabad,2 - 5 Years
IT Sales Executive,Ecumenical Techno Consultancy Services  ( eTCS ),Aurangabad,2 - 5 Years
Information Technology  ( IT )  Admin,Ecumenical Techno Consultancy Services  ( eTCS ),Surat,3 - 6 Years
Strategic Growth Manager  IT,isummation technologies pvt. ltd.,Ahmedabad,5 - 8 Years
IT Help Desk,you broadband & cable india pvt. ltd.,Hyderabad/Secunderabad,1 - 2 Years
Computer Faculty  / IT Teacher,SPEAKWELL ENTERPRISES PVT. LTD.,Mumbai,0 - 3 Years
IT Business analyst,rocket kommerce llp,Bengaluru / Bangalore,3 - 5 Years
IT Admin Manager,PH7,Bengaluru / Bangalore,0 - 3 Years
IT Support Executive,mytasker virtual assistance company,Kolkata,1 - 3 Years
IT Engineer - Network,Nvidia Graphics Pvt Ltd,,4 - 9 Years
IT Support Specialist Europe,fedexex,Netherlands,3 - 6 Years
Senior IT Engineer,Nvidia Graphics Pvt Ltd,Israel,8 - 11 Years
IT admin executive,SEVEN CONSULTANCY,Pune,4 - 5 Years
IT Security Executive,SEVEN CONSULTANCY,Kolkata,2 - 4 Years
IT Asset Mgmt Associate,Moody's Corporation,Gurgaon,3 - 5 Years
Assistant Manager IT,Marriott International Inc,Nagpur,2 - 4 Years
IT Project Manager,TandA HR Solutions,Chandigarh,8 - 11 Years
Senior  UK IT Staffing,TandA HR Solutions,Hyderabad/Secunderabad,3 - 8 Years
IT EXECUTIVE  ( HARDWARE AND NETWORKING ),TandA HR Solutions,Ludhiana,1 - 4 Years
IT Technical Person,TandA HR Solutions,Pathankot,0 - 1 Years
IT- Admin  Gurgaon,TandA HR Solutions,Gurgaon,0 - 2 Years
ETL Developer ( IT Industry ),TandA HR Solutions,Bengaluru / Bangalore,2 - 4 Years
IT operations Manager,SEVEN CONSULTANCY,Ahmedabad,4 - 5 Years
Global IT Support,SEVEN CONSULTANCY,"Navi Mumbai,  Mumbai,  Kolkata",2 - 4 Years
Sr.seO For IT Company,ADEEBA E SERVICES PVT LTD,Noida/Greater Noida,0 - 3 Years
IT company looking For Noida,ADEEBA E SERVICES PVT LTD,Noida/Greater Noida,0 - 3 Years
Senior Deployment Engineer - IT,Nvidia Graphics Pvt Ltd,Israel,8 - 11 Years
Intern-Professional  ( IT ),fedexex,Singapore,0 - 3 Years
IT Rewards Specialist,Schneider Electric Pvt Ltd,Bengaluru / Bangalore,5 - 8 Years
Dir-IT-MultiProp-A,Marriott International Inc,Hong Kong,5 - 8 Years
Software Engineer - IT,Bajaj Finserv Lending Ltd,Pune,5 - 8 Years
Senior Software Engineer - IT,Bajaj Finserv Lending Ltd,Pune,4 - 6 Years
Cluster Manager - IT,Bajaj Finserv Lending Ltd,Pune,3 - 5 Years
"Lead ,  IT Control Assurance",northern trust corp ltd - london,Chicago,6 - 9 Years
Application Consultant: ServiceNow IT,IBM India Pvt Ltd,Mysoru / Mysore,1 - 4 Years
IT Help Desk Technician,zones corporate solutions,Boston,2 - 5 Years
IT Infrastructure Engineer,Quality HR Services,"Bhuj,  Gandhidham",2 - 5 Years
Tech Lead  IT,Optum Global Solutions  ( India )  Private Limited,Chennai,3 - 5 Years
IT Internship at Teknorix  2024,Teknorix Systems,Other City(s) in Goa,0 - 3 Years
Senior IT Administrator  ( Remote ),HackerRank,Bengaluru / Bangalore,5 - 8 Years
IT Service Management,Information Services Group,Bengaluru / Bangalore,8 - 11 Years
IT Service Delivery Manager,Information Services Group,Bengaluru / Bangalore,12 - 16 Years
Senior Associate - IT _Messaging,eurofins it solutions pvt ltd,Bengaluru / Bangalore,5 - 7 Years
VacancyforBDMfor an IT Company inAhmedabadlocation,TandA HR Solutions,Ahmedabad,4 - 5 Years
RequiredQualityAnalystfor an IT company in MohaliLocation,TandA HR Solutions,Mohali,2 - 5 Years
IT Strategy Consultant,axmiyan hr solutions private limited,Jabalpur,4 - 8 Years
eDP  /  IT Systems Administrator,Auchtel Products Ltd,Mumbai,2 - 5 Years
RequiredQualityAnalystfor an IT company inMohaliLocation,TandA HR Solutions,Mohali,1 - 3 Years
RequiredQualityAnalystfor an IT company inMohaliLocation,TandA HR Solutions,Mohali,1 - 3 Years
InsideSalesExecutive for IT Industry,TandA HR Solutions,Bengaluru / Bangalore,2 - 4 Years
IT Hardware Technician,zones corporate solutions,Albany,2 - 5 Years
IT Support Associate II,AMAZON INDIA PVT LTD,Mumbai,1 - 5 Years
Deputy National Lead - IT,Bajaj Finserv Lending Ltd,Bengaluru / Bangalore,10 - 13 Years
Cluster Manager - IT,Bajaj Finserv Lending Ltd,Pune,7 - 9 Years
IT Content Writer,Aexonic Technologies Private Limited,Pune,0 - 3 Years
IT Sales Manager,AYN InfoTech,Pune,2 - 7 Years
IT Audit Risk Assurance,wsne consulting,Delhi,0 - 3 Years
Application Developer - IT,NIPPON DATA SYSTEM,"Delhi,  Delhi/NCR",1 - 2 Years
IT - Application Developer,NIPPON DATA SYSTEM,"Delhi,  Delhi/NCR",1 - 2 Years
IT Support Analyst,BUSISOL SOURCING INDIA PVT. LTD,Mumbai,3 - 6 Years
Assistant IT Manager,Marriott International Inc,Bengaluru / Bangalore,3 - 5 Years
Senior Software Engineer - IT,Bajaj Finserv Lending Ltd,Bengaluru / Bangalore,6 - 8 Years
Senior Business  ( IT )  Analyst,CGI Information Systems and Management Consultants Pvt Ltd,,5 - 10 Years
Cluster Manager - IT Compliance,Bajaj Finserv Lending Ltd,Pune,2 - 5 Years
Datacenter IT Operations Manager,Microsoft India Pvt Ltd,Ireland,5 - 10 Years
IT Management Consulting  HR,IBM India Pvt Ltd,Bengaluru / Bangalore,3 - 5 Years
Onsite IT Support Engineer,DXC Technologies,Singapore,2 - 5 Years
IT Engineer Support,DXC Technologies,Malaysia,3 - 5 Years
Senior IT Project Manager,CGI Information Systems and Management Consultants Pvt Ltd,Canada,5 - 10 Years
Application Consultant: ServiceNow IT,IBM India Pvt Ltd,Mysoru / Mysore,1 - 2 Years
Senior IT Specialist,IBM India Pvt Ltd,Bengaluru / Bangalore,5 - 9 Years
Deployment Engineer - IT,Nvidia Graphics Pvt Ltd,Germany,8 - 11 Years
Talent Acquisition Manager  ( IT ),IBM India Pvt Ltd,Hyderabad/Secunderabad,10 - 12 Years
Recruitment Specialist  ( IT ),IBM India Pvt Ltd,Hyderabad/Secunderabad,6 - 8 Years
Payments IT Business Analyst,CGI Information Systems and Management Consultants Pvt Ltd,,3 - 7 Years
Deputy National Lead - IT,Bajaj Finserv Lending Ltd,Bengaluru / Bangalore,4 - 6 Years
Senior Software Engineer - IT,Bajaj Finserv Lending Ltd,Pune,4 - 6 Years
IT Service Management Representative,accenture,Ahmedabad,2 - 5 Years
Team Lead- IT,cog digital private limited,Delhi,0 - 3 Years
Team Lead- IT,Cog Digital,Delhi,0 - 3 Years
Principal CSAM  IT Services,Microsoft India Pvt Ltd,Japan,6 - 9 Years
"IT at Fiserv ,  Inc.",fiserv ce pvt ltd,,5 - 10 Years
IT Internship  ( Insurance field ),CGI Information Systems and Management Consultants Pvt Ltd,,0 - 3 Years
IT support specialist,Intel Technology India Pvt Ltd,China,3 - 5 Years
IT Project Coordinator,IQVIA,Bengaluru / Bangalore,2 - 3 Years
IT Project Manager,IQVIA,Bengaluru / Bangalore,3 - 6 Years
IT Engineer - Network,Nvidia Graphics Pvt Ltd,,1 - 4 Years
Onsite IT Support Engineer,DXC Technologies,Singapore,1 - 2 Years
Procurement Professional - IT Software,the abt group,,5 - 10 Years
IT and Networking Engineer,porter,Mumbai,1 - 5 Years
Assistant Software Engineer,New Global Technologies,"Bengaluru / Bangalore,  Chennai,  Hyderabad/Secunderabad,  Mumbai,  Pune",0 - 3 Years
Project Manager SAP,HR Jobs Placements,"Hyderabad/Secunderabad,  Kolkata,  Mumbai,  Noida/Greater Noida,  Pune",10 - 15 Years
"Java Developer ,  Java J2Ee Developer ,  Java Fresher",Laxmi Infotech,"Ahmedabad,  Delhi,  Gurgaon,  Kolkata,  Noida/Greater Noida",0 - 3 Years
ERP / CRM Manager,HR Jobs Placements,"Bengaluru / Bangalore,  Chennai,  Delhi/NCR,  Hyderabad/Secunderabad,  Mumbai",10 - 15 Years
"Software Test Engineer , Test Engineer , Software Tester",AppSoft Solutions,"Bengaluru / Bangalore,  Chennai,  Delhi,  Mumbai,  Pune",0 - 3 Years
IT Security / Senior IT Security Analyst / Information Security,origin hr,"Hyderabad/Secunderabad,  Mumbai,  Pune,  Bengaluru / Bangalore",3 - 5 Years
Hiring for IT Recruiter profile for a IT company for Bangalore Location,TandA HR Solutions,Bengaluru / Bangalore,1 - 2 Years
Hiring for IT Recruiter profile for an IT company for Bangalore Location,TandA HR Solutions,Bengaluru / Bangalore,1 - 2 Years
Hiring for IT Recruiter profile for an IT company for Bangalore Location,TandA HR Solutions,Bengaluru / Bangalore,1 - 7 Years
Recruiter  /  Sr. Recruiter  /  TL - IT  &  Non-IT,aarch solutions,Bengaluru / Bangalore,1 - 4 Years
Be B Tech Fresher,Laxmi Infotech,"Bengaluru / Bangalore,  Chennai,  Hyderabad/Secunderabad,  Mumbai,  Pune",0 - 3 Years
Data Science Analyst,HR Jobs Placements,"Bengaluru / Bangalore,  Chennai,  Delhi/NCR,  Hyderabad/Secunderabad,  Mumbai",2 - 7 Years
Key Account Manager,delta IT network pvt. ltd.,Gurgaon,3 - 5 Years
Business Development Manager  ( US IT  /  Non IT Staffing Division ),ProAssert,Bengaluru / Bangalore,3 - 6 Years
Opening for System Admin in IT Company in Chandigarh IT Park Location,TandA HR Solutions,Chandigarh,2 - 5 Years
Opening for System Admin in IT Company in Chandigarh IT Park Location,TandA HR Solutions,Chandigarh,2 - 5 Years
Senior  US IT Staffing Executive for Hyderabad for IT Company,TandA HR Solutions,Hyderabad/Secunderabad,3 - 8 Years
Looking for HR Executive profile for IT  /  Non IT company in Tricity Location,TandA HR Solutions,"Chandigarh,  Panchkula,  Mohali",1 - 4 Years
Looking for the IT Sales Manager profile in a IT Company for Bangalore location.,TandA HR Solutions,Bengaluru / Bangalore,2 - 3 Years
Vacancy of Quality Analyst  /  Tester for an IT MNC in Chandigarh IT Park,TandA HR Solutions,Chandigarh,1 - 6 Years
Vacancy for the Desktop IT Support engineer profile for an IT Company in Pune Location,TandA HR Solutions,Pune,1 - 2 Years
Vacancy for Senior Business Analyst  ( IT )  in IT company for Bangalore location,TandA HR Solutions,Bengaluru / Bangalore,7 - 9 Years
Hiring for PROJECT MANAGER  ( IT )  OR SENIOR PHP DEVELOPER for IT company in Mohali,TandA HR Solutions,Mohali,3 - 6 Years
Job Opening for IT Support profile in MNC IT Company in Mohali location,TandA HR Solutions,Mohali,3 - 4 Years
Jobs for IT Recruiter  ( US Shift ),SEVEN CONSULTANCY,Mumbai,1 - 5 Years
"Jr. IT Technical Recruiter HR ,",Magika Smartech,Mumbai,4 - 9 Years
Business Development Executive / Analyst - IT,LINUXBEAN SOLUTION PVT LTD,Indore,0 - 3 Years
"Senior Manager ,  Talent Acquisition  ( IT )",highrise solutions llp,Pune,8 - 12 Years
Sr.Operation Executive /  IT Recruiter,CONNECTING 2 WORK,Thiruvananthapuram,0 - 3 Years
Senior Engineer IT Infrastructure  (  81548375  ),Reliance Jio Infocomm Limited,Mumbai,7 - 12 Years
Senior Engineer IT Infrastructure  (  81530911  ),Reliance Jio Infocomm Limited,Mumbai,7 - 12 Years
Manager  IT QA  &  CSV,rxlogix corporation,Noida/Greater Noida,10 - 14 Years
IT Helpdesk  &  Security Manager,recooty,Thailand,1 - 2 Years
IT Security Analyst  ( Japanese Speaker ),DXC Technologies,Malaysia,0 - 1 Years
IT Infrastructure  &  Cloud Engineer,International Information Technology Team,,0 - 3 Years
Sr. Project Manager  IT Applications,Gati Ltd,Hyderabad/Secunderabad,2 - 3 Years
IT Sales Executive  ( Inside Sales ),Exioms,"Hyderabad/Secunderabad,  Mumbai,  Chennai,  Pune,  Bengaluru / Bangalore",0 - 3 Years
Powershell Engineer  /  IT Automation Engineer,nexthink solutions,"Switzerland,  Boston",5 - 9 Years
"Session: IT Marketing ,  Software Marketing",DIGITAL DREAMS,Allahabad,0 - 2 Years
"IT Financial Analyst ,  Cadency and OneStream",Bombardier Inc.,Canada,5 - 8 Years
Principal Associate - IT - Solarwind Administrator,eurofins it solutions pvt ltd,Bengaluru / Bangalore,5 - 8 Years
Principal Associate-IT - Network Admin,eurofins it solutions pvt ltd,Bengaluru / Bangalore,5 - 8 Years
IT Business Implementation Analyst 4,ORACLE,"Mexico,  Bengaluru / Bangalore,  Hyderabad/Secunderabad",6 - 10 Years
IT Compliance Specialist - SOX Audits,ORACLE,,6 - 10 Years
Apigee-IT Customer Service Representative,accenture,Bengaluru / Bangalore,2 - 5 Years
"IT Engineer ,  End User Support",Nvidia Graphics Pvt Ltd,Redmond,5 - 8 Years
BBL /  IT Service Desk Medewerker,volvo group india pvt ltd,Netherlands,0 - 1 Years
Title: Team Member - SAP IT,sun pharma industries ltd panoli ( dist-bharuch ),Mumbai,1 - 4 Years
IT Service Management  (  AM / TL ),Information Services Group,Bengaluru / Bangalore,8 - 11 Years
Sales lead - IT Software Solution,SEVEN CONSULTANCY,Bengaluru / Bangalore,3 - 7 Years
Sales Executive Reputed IT Industry,SEVEN CONSULTANCY,"Navi Mumbai,  Mumbai,  Pune",0 - 2 Years
IT Project Coordinator / Business Analyst,IndiaInternets,Noida/Greater Noida,0 - 1 Years
Sales Executive Reputed IT Industry,SEVEN CONSULTANCY,"Mumbai,  Pune",0 - 2 Years
IT Analyst Job Details | Corning,Corning,Gurgaon,5 - 8 Years
Principal Associate-IT- Backup Engineer,eurofins it solutions pvt ltd,Bengaluru / Bangalore,7 - 10 Years
Senior Associate -IT  ( Intune Engineer ),eurofins it solutions pvt ltd,Bengaluru / Bangalore,6 - 9 Years
Technical Lead - IT  ( Sr.network architect ),eurofins it solutions pvt ltd,Bengaluru / Bangalore,10 - 13 Years
"IT Appl Analyst ,  FinTech-Treasury",AMAZON INDIA PVT LTD,Hyderabad/Secunderabad,5 - 8 Years
Technical Lead - IT  ( ETL Engineer ),eurofins it solutions pvt ltd,"Chennai,  Bengaluru / Bangalore",6 - 9 Years
Business Development Executive  ( IT Sales ),Essence Software Solutions Pvt. Ltd.,Gurgaon,2 - 5 Years
IT Sales Manager  ( Product Sales ),Essence Software Solutions Pvt. Ltd.,Gurgaon,5 - 8 Years
CHIEF MANAGER  IT BUSINESS PARTNER,infinity business solutions pvt ltd,Mumbai,12 - 15 Years
ROLE: P & L Head - IT Vertical,TransGraph Consulting Pvt.Ltd.,Hyderabad/Secunderabad,15 - 18 Years
ROLE: Business Analyst - Functional IT,TransGraph Consulting Pvt.Ltd.,Hyderabad/Secunderabad,4 - 7 Years
IT Sales or Business Development Manager,tokyotechie,"Germany,  Singapore",5 - 10 Years
IT Infrastructure and Technical Support Engineer,targray india pvt ltd,Canada,7 - 9 Years
IT Engineer Education - Min HSC,MEP Infrastructure Developers Limited,Mumbai,1 - 4 Years
Careers:Senior IT Project Manager,Lucini & Lucini Communications,Bengaluru / Bangalore,10 - 13 Years
Content Writer  ( web and IT service ),ADEEBA E SERVICES PVT LTD,Noida/Greater Noida,0 - 2 Years
IT Admin / Lead  ( Linux and AWS ),corelynx solutions private limited,,5 - 8 Years
Sales Executive  /  Manager IT Products,CONNECTING 2 WORK,Thiruvananthapuram,1 - 4 Years
US IT Recruiter   ( US Shift ),CONNECTING 2 WORK,Thiruvananthapuram,2 - 5 Years
"IT Support Engineer I ,  OTS",AMAZON INDIA PVT LTD,Bengaluru / Bangalore,1 - 9 Years
Google AdWords Specialist for IT Agency,cart geek,"Mumbai,  Sagar",2 - 3 Years
Business Development Executive / Analyst - IT,LINUXBEAN SOLUTION PVT LTD,Indore,0 - 3 Years
Business Development Executive / Analyst - IT,LINUXBEAN SOLUTION PVT LTD,Indore,0 - 3 Years
Business Development Executive / Analyst - IT,LINUXBEAN SOLUTION PVT LTD,Indore,0 - 3 Years
Business Development Executive / Analyst - IT,LINUXBEAN SOLUTION PVT LTD,Indore,0 - 3 Years
Business Development Executive / Analyst - IT,LINUXBEAN SOLUTION PVT LTD,Indore,0 - 3 Years
IT Manager DataMgmt SQL Server,LINKTAG,Pune,4 - 7 Years
IT Project Manager F / M,CGI Information Systems and Management Consultants Pvt Ltd,Italy,5 - 7 Years
HRBM  ( Financial Services  &  IT ),cnh industrial india pvt ltd,Gurgaon,7 - 10 Years
Powershell Engineer  /  IT Automation Engineer,nexthink solutions,"Switzerland,  Boston",5 - 8 Years
Junior Engineer IT Infrastructure  (  81450656  ),Reliance Jio Infocomm Limited,Mumbai,2 - 6 Years
IT  /  Data Science Content Writer,EDUCBA,Mumbai,1 - 4 Years
IT Sales  &  Marketing Professionals,aimsoft solutions,Thiruvananthapuram,2 - 4 Years
IT Projektleiter  ( m / w / d ),CGI Information Systems and Management Consultants Pvt Ltd,Germany,3 - 5 Years
IN_RBAI_Senior Engineer-Production IT Support,Bosch Ltd,Bengaluru / Bangalore,2 - 5 Years
Opening For Freshers for IT Executive for Ludhiana,TandA HR Solutions,Ludhiana,0 - 3 Years
Opening for System Admin in IT industry,TandA HR Solutions,Panchkula,1 - 3 Years
Hiring for System Admin in IT Industry,TandA HR Solutions,Panchkula,1 - 3 Years
Digital Marketing | IT Sales Manager,EPPEOK SOLUTIONS PRIVATE LIMITED,Kolkata,3 - 5 Years
"IT Manager Remote ,  Remote - Mexico",Pinkerton Consulting & Investigations Inc.,Mexico,4 - 5 Years
Sr.seO Hiring For IT Company In Noida,ADEEBA E SERVICES PVT LTD,Noida/Greater Noida,0 - 3 Years
Technical Content Writer For IT Company,ADEEBA E SERVICES PVT LTD,Noida/Greater Noida,0 - 3 Years
Technical content writer For IT Company,ADEEBA E SERVICES PVT LTD,Noida/Greater Noida,0 - 3 Years
IT company In Noida looking for SEO,ADEEBA E SERVICES PVT LTD,Noida/Greater Noida,0 - 3 Years
IT Technical Project Management Office,yokogawa electric corp ltd- saudi arabia,Bengaluru / Bangalore,6 - 9 Years
ION Group - Senior IT Auditor,ion trading india pvt. ltd.,Pune,5 - 8 Years
IT Engineer - Customer Support Services,solution enterprises pvt ltd  ( ncr corporation india pvt ltd ),Mumbai,3 - 6 Years
Business Analyst IT F / H,CGI Information Systems and Management Consultants Pvt Ltd,France,5 - 8 Years
Looking forBusinessdevelopmentexecutivefor an IT Industry in Mohalilocation,TandA HR Solutions,"Delhi,  Noida/Greater Noida,  Mohali",0 - 5 Years
Looking forPHPDeveloper for an IT companyin Panchkulalocation,TandA HR Solutions,Panchkula,2 - 5 Years
Opening for theSalesExecutiveprofile for an IT Company forBangalorelocation,TandA HR Solutions,Bengaluru / Bangalore,0 - 5 Years
Job Opening forWordPressDeveloperfor an IT companyinMohalilocation,TandA HR Solutions,Mohali,1 - 3 Years
Hiring forReactNativeDeveloperfor a IT company in Bangalore,TandA HR Solutions,Bengaluru / Bangalore,0 - 5 Years
Urgent hiring for ContentWriterfor an IT companyinMohalilocation,TandA HR Solutions,Mohali,2 - 4 Years
Vacancy for IT Technician for Bangalore location,TandA HR Solutions,Bengaluru / Bangalore,3 - 4 Years
Hiring for Receptionist in Mohali for IT Company,TandA HR Solutions,Mohali,2 - 5 Years
Hiring forASP.netDeveloperfor an IT companyin Gurugramlocation,TandA HR Solutions,Gurgaon,4 - 7 Years
Looking forPHPDeveloperfor an IT companyin Panchkulalocation,TandA HR Solutions,Panchkula,2 - 5 Years
Hiring for theITsalesexecutivesprofile for IT company forBangaloreLocation.,TandA HR Solutions,Bengaluru / Bangalore,3 - 5 Years
Required QualityAnalystfor an IT company in MohaliLocation,TandA HR Solutions,Mohali,0 - 1 Years
Urgent hiring for Angular Developer for IT,TandA HR Solutions,"Bengaluru / Bangalore,  Mohali",1 - 3 Years
Hiring forASP.netDeveloperfor an IT companyin Gurugramlocation,TandA HR Solutions,Gurgaon,4 - 7 Years
Hiring for theSalesExecutiveprofile for an IT company forBangalorelocation.,TandA HR Solutions,Bengaluru / Bangalore,1 - 2 Years
Resiliency Consultant  IT Disaster Recovery,Optum Global Solutions  ( India )  Private Limited,Philippines,8 - 11 Years
"IT Support Engineer I ,  OTS",AMAZON INDIA PVT LTD,Pune,1 - 8 Years
IT Trainee  /  Prcticas en Informtica,Hilton Hotels & Resorts,Spain,0 - 1 Years
Regional IT Program Manager  ( AI ),Microsoft India Pvt Ltd,Australia,5 - 9 Years
Manager IT Audit Risk Assurance,wsne consulting,Delhi,0 - 3 Years
IT Architects  /  Sr. Technology Managers,Mapps IT Services Pvt Ltd,Kolkata,10 - 15 Years
SAP IT Business Systems Analyst,Intel Technology India Pvt Ltd,Bengaluru / Bangalore,8 - 11 Years
Consulting IT - Business Analyst / PMO,DXC Technologies,Italy,3 - 6 Years
Industry Technical Sales Specialist  ( ITS ),Intel Technology India Pvt Ltd,Dubai,5 - 8 Years
Senior Data Engineer  ( IT )  - Database,Merilytics,Hyderabad/Secunderabad,2 - 5 Years
Senior Data Engineer  ( IT )  - Database,MERITUS INTELYTICS PRIVATE LIMITED,Hyderabad/Secunderabad,2 - 5 Years
General Manager,HR Jobs Placements,"Ahmedabad,  Bengaluru / Bangalore,  Delhi/NCR,  Hyderabad/Secunderabad,  Pune",14 - 19 Years
"Director ,  Head of IT Infrastructure - Altera",Intel Technology India Pvt Ltd,Bengaluru / Bangalore,8 - 15 Years
Senior IT Infrastructure Support Engineer,CGI Information Systems and Management Consultants Pvt Ltd,Australia,5 - 10 Years
US IT / Non-ITRecruiter  &  Senior US IT / Non-IT Recruiter,ProAssert,"Chennai,  Coimbatore,  Trichy,  Bengaluru / Bangalore",0 - 3 Years
"Software Developer , lead",New Global Technologies,"Bengaluru / Bangalore,  Chennai,  Hyderabad/Secunderabad,  Mumbai,  Pune",0 - 3 Years
Project  &  Program Manager,HR Jobs Placements,"Delhi/NCR,  Hyderabad/Secunderabad,  Kolkata,  Mumbai,  Pune",11 - 16 Years
java full stalk developer,Laxmi Infotech,"Bengaluru / Bangalore,  Chennai,  Hyderabad/Secunderabad,  Noida/Greater Noida,  Pune",0 - 3 Years
Project Manager,HR Jobs Placements,"Bengaluru / Bangalore,  Chennai,  Delhi/NCR,  Hyderabad/Secunderabad,  Pune",8 - 13 Years
Senior Consultant-Information Security Architect,Aujas Networks Pvt Ltd,Mumbai,4 - 8 Years
Software Sales Executive,SEVEN CONSULTANCY,Kohima,2 - 4 Years
Salesforce Service Cloud Developer,SEVEN CONSULTANCY,Chennai,5 - 8 Years
Senior Manager,SEVEN CONSULTANCY,"Delhi,  Delhi/NCR",3 - 6 Years
Operation Executive,SEVEN CONSULTANCY,Chennai,6 - 9 Years
Security Engineer,vault infosec,Chennai,2 - 3 Years
ICT Business  &  Systems Analysts,silverlink technilogies,Australia,0 - 3 Years
Sales Manager  /  Solutions Architect -  ( Corporate  &  Govt Projects ),Indo Asia Global Technologies Private Limited,"Hyderabad/Secunderabad,  Mumbai,  Delhi,  Delhi/NCR",2 - 8 Years
Software Sales Executive,cyberindigo net private limited,Pune,0 - 3 Years
Business Development Executive,Application Square Infotech Pvt Ltd,Nasik,0 - 3 Years
Hr. Recruiter  /  Recruitment Specialist,apex jobs,Gurgaon,0 - 3 Years
Team Lead,ace softex pvt. ltd.,Rajkot,1 - 4 Years
Business Analayst,CONNECTING 2 WORK,Cochin/ Kochi/ Ernakulam,2 - 5 Years
Data Centre Engineer,sp sysnet pte. lte.,Mumbai,0 - 2 Years
URGENT OPENING FOR US IT RECRUITER IN MOHALI LOCATION,TandA HR Solutions,Mohali,0 - 1 Years
Production IT Engineer Job Details | ZF Group,zf india pvt ltd,Chennai,3 - 5 Years
IT-Skerhetsarkitekt till kund inom offentlig sektor.,CGI Information Systems and Management Consultants Pvt Ltd,Sweden,5 - 8 Years
Specialist - IT Security GRC Job Details | LANXESS,lanxess pvt ltd,Thane,5 - 10 Years
System Engineer - IT SecOps Job Details | Barco,barco india,"Belgium,  Noida/Greater Noida",6 - 9 Years
IT Security Experte  ( m / w / d ),CGI Information Systems and Management Consultants Pvt Ltd,Germany,3 - 7 Years
"Senior Manager - IT Operations ,  Service Delivery ,  DevOps",infinity business solutions pvt ltd,Pune,10 - 15 Years
IT Project Consultant Job Details | SAP,SAP Ariba,Pune,4 - 8 Years
IT Project Developer - BTP Job Details | SAP,SAP Ariba,Bengaluru / Bangalore,5 - 7 Years
"Director ,  IT Product  &  Service Management",netskope software pvt.ltd,"Bengaluru / Bangalore,  Australia",1 - 4 Years
IT Technology Services Specialist Job Details | SAP,SAP Ariba,Bengaluru / Bangalore,8 - 11 Years
Senior Storage Operations Engineer  ( Senior IT Engineer ),LAKSH HUMAN RESOURCE,Noida/Greater Noida,5 - 8 Years
Sourcing Executive - US IT Recruitment  ( Night Shift ),Einstro,Chennai,2 - 5 Years
IT Technology Project Manager Job Details | SAP,SAP Ariba,Bengaluru / Bangalore,3 - 6 Years
IT Project Senior Consultant Job Details | SAP,SAP Ariba,Bengaluru / Bangalore,8 - 12 Years
Assistant IT Manager - Sheraton Hai Phong,Marriott International Inc,,2 - 5 Years
IT Support Service Desk- Senior Analyst,OakNorth Bank,Gurgaon,5 - 8 Years
Sr Analyst Audit  &  Compliance  ( IT ),DXC Technologies,Mumbai,4 - 7 Years
ServiceNow IT Service Management-Application Designer,accenture,Bengaluru / Bangalore,3 - 5 Years
GM - Zone IT Business Relationship Manager,Schneider Electric Pvt Ltd,Bengaluru / Bangalore,10 - 13 Years
Senior IT Architect Job Details | Boston Scientific,BOSTON SCIENTIFIC,,10 - 13 Years
IT Architect Job Details | Boston Scientific,BOSTON SCIENTIFIC,,5 - 8 Years
Onsite IT Support Technician  ( m / f / d ),DXC Technologies,Germany,2 - 5 Years
IT Project Senior Consultant Job Details | SAP,SAP Ariba,Pune,5 - 8 Years
"IT QA Engineer ,  Principal  ( Copado  &  Salesforce )",PROGRESS SOFTWARE,Hyderabad/Secunderabad,6 - 9 Years
Position Title  Senior Executive  IT procurement,e-stone information technology,Mumbai,3 - 7 Years
"Sr Lead ,  Cyber Sec IT RiskM",northern trust corp ltd - london,Pune,5 - 10 Years
IT Internship Job Details | Boston Scientific,BOSTON SCIENTIFIC,,0 - 1 Years
IT Project Manager Job Details | Boston Scientific,BOSTON SCIENTIFIC,Gurgaon,8 - 12 Years
Inside Sales Representative-Reputed IT industry,SEVEN CONSULTANCY,Thane,0 - 3 Years
Jobs for fresher customer support executive-IT,SEVEN CONSULTANCY,"Navi Mumbai,  Mumbai,  Thane",0 - 2 Years
Job for TL Sales with Reputed IT Company,SEVEN CONSULTANCY,Mumbai,3 - 5 Years
Project Manager ( IT Team  &  Developers ),SEVEN CONSULTANCY,"Navi Mumbai,  Mumbai",10 - 15 Years
B.Tech   MBA Fresher || IT Sales || Noida,ebizon net info  ( p )  ltd,Noida/Greater Noida,0 - 2 Years
IT Network Specialist Job Details | singlebuoy,SBM OFFSHORE,,5 - 8 Years
IT Architecture Expert Job Details | SAP,SAP Ariba,Bengaluru / Bangalore,10 - 13 Years
Delivery Manager - Manufacturing Domain - IT Services,Flex-i Partners,Chicago,10 - 15 Years
Vice President - IT Infra - Mumbai  ( Goregaon East ),kotak mahindra bank,Mumbai,5 - 8 Years
Web Designer | Top IT Company In Gurgaon | AHOM,AHOM Technologies Private Limited,Gurgaon,1 - 3 Years
IT Service Management Administrator  &  Developer,SYNCTON IT Solutions,Hyderabad/Secunderabad,3 - 10 Years
IT Technology Services Specialist Job Details | SAP,SAP Ariba,Bengaluru / Bangalore,3 - 9 Years
IT Specialist  ( SharePoint Online  &  Office 365 ),Marketone International,Bengaluru / Bangalore,7 - 10 Years
"Regional Manager - Sales  (  IT Products ,  Services )",infinity business solutions pvt ltd,Delhi/NCR,13 - 18 Years
"Technical Consultant  /  Architect - Enterprise Monitoring ,  IT Infrastructure",infinity business solutions pvt ltd,Gurgaon,10 - 14 Years
ION Group - Senior Business Consultant  ITS,ion trading india pvt. ltd.,,5 - 10 Years
ION Group - Senior Technical Consultant  IT2,ion trading india pvt. ltd.,Pune,5 - 8 Years
ION Group - Senior Business Consultant  IT2,ion trading india pvt. ltd.,Pune,3 - 7 Years
Sales Process - IT Solutions  ( Outbound Process ),jtg infotech services pvt. ltd,Delhi,0 - 2 Years
Manager - IT Job Details | Kalpataru Group,jmc projects  ( india )  ltd,Mumbai,8 - 15 Years
IT Service Delivery Manager | Intuitor Softech Services,intuitor softtech services pvt. ltd.,Bengaluru / Bangalore,5 - 10 Years
IT Asset Manager | Intuitor Softech Services,intuitor softtech services pvt. ltd.,Bengaluru / Bangalore,2 - 8 Years
JD- IT Sales  &  Business Development,Cloud18 Infotech Pvt Ltd,Lucknow,0 - 3 Years
POSITION IT Software Application programming  &  Maintenance,cdl it pvt ltd,Vadodara,3 - 6 Years
Business Development Manager - IT Sales Beamstacks,BeamStacks,Gurgaon,3 - 6 Years
Member IT  ( Off-role ) - Paints Manufacturing- Ludhiana,ADITYA BIRLA MANAGEMENT CORPORATION LTD,Ludhiana,2 - 4 Years
IT Infrastructure Manager  ( Web / Cloud / Security ),2Soft Solutions Pvt. Ltd.,Mumbai,5 - 8 Years
Sales Manager for IT Service based company in Mumbai,2Soft Solutions Pvt. Ltd.,Mumbai,6 - 12 Years
Principal Associate - IT  (  Senior Cloud Engineer  ),eurofins it solutions pvt ltd,Bengaluru / Bangalore,7 - 10 Years
"Senior Program Manager ,  IT Process and Standardization",Microsoft India Pvt Ltd,"Redmond,  Atlanta",4 - 6 Years
LinkedIn Marketing For IT Augmentation  Lead Generation Specialist,cart geek,"Mumbai,  Sagar",2 - 5 Years
Urgent Opening For - IT Business Analyst - Sourcedesk Global,Sourcedesk Global Private Limited,Kolkata,3 - 7 Years
Business Development Executive / Business Analyst-IT,LINUXBEAN SOLUTION PVT LTD,Indore,0 - 3 Years
Business Development Executive - IT Online Bidder,LINUXBEAN SOLUTION PVT LTD,Indore,0 - 3 Years
Business Analyst  (  BE  (  Elec )  or MBA )  for IT Company,LINUXBEAN SOLUTION PVT LTD,Indore,0 - 3 Years
IT Business Analyst  (  BE  (  Elec )  or MBA ),LINUXBEAN SOLUTION PVT LTD,Indore,0 - 3 Years
IT Business Analyst  (  BE  (  Elec )  or MBA ),LINUXBEAN SOLUTION PVT LTD,Indore,0 - 3 Years
IT Business Analyst  (  BE  (  Elec )  or MBA ),LINUXBEAN SOLUTION PVT LTD,Indore,0 - 3 Years
SAP ABAP - Contract with Renowed IT Firm,LINKTAG,Bengaluru / Bangalore,3 - 5 Years
Junior IT Projektmanager  ( m / w / d ),CGI Information Systems and Management Consultants Pvt Ltd,Germany,1 - 3 Years
Senior IT Analyst Job Details | ZF Group,zf india pvt ltd,Chennai,5 - 10 Years
IT Project Senior Consultant Job Details | SAP,SAP Ariba,"Germany,  Mexico,  Bengaluru / Bangalore",7 - 10 Years
IT Security Specialist ( Security-EndPoint protection ),NTT Data Vertex Software Inc.,Mexico,3 - 5 Years
Principal IT Analyst Job Details | ZF Group,zf friedrichshafen -itc,Chennai,5 - 10 Years
Business Systems Analyst- IT SAP GTS,Intel Technology India Pvt Ltd,,2 - 5 Years
Staff IT Product Manager - Microsoft Solutions,Infoblox,Seattle,5 - 12 Years
IT Architect Banking  ( m / f / d ),CGI Information Systems and Management Consultants Pvt Ltd,Germany,5 - 10 Years
IT End User Support Manager  /  Team Leader,enflexis solutions pvt ltd pune,Japan,2 - 10 Years
IT- Project Coordinator  ( 6 Months to 2 Years ),DREAMSOL TELESOLUTIONS PVT. LTD.,"Delhi,  Delhi/NCR,  Noida/Greater Noida",0 - 2 Years
IT- Project Coordinator  ( 6 Months to 2 Years ),DREAMSOL TELESOLUTIONS PVT. LTD.,"Delhi,  Delhi/NCR,  Noida/Greater Noida",0 - 2 Years
Bench Sales- Executive /  Manager  ( US IT Staffing ),Advaya Infotech Pvt Ltd,Noida/Greater Noida,1 - 3 Years
Business Development Executive /  Manager  ( US IT Staffing ),Advaya Infotech Pvt Ltd,Noida/Greater Noida,0 - 3 Years
Microsoft Word - Senior_IT_Recruiter - senior-it-recruiter,ERP Analysts  ( INDIA )  Pvt. Ltd.,Hyderabad/Secunderabad,5 - 7 Years
Field Tech Senior Associate - Onsite IT Support,NTT Data Vertex Software Inc.,Australia,3 - 5 Years
IT Engineer  ( For JV in Chennai )  Job Details | Corning,Corning,Chennai,3 - 5 Years
"IT Audit Manager ,  Defensive Secuirty Team",AMAZON INDIA PVT LTD,Bengaluru / Bangalore,5 - 10 Years
IT Solutions Section Leader  &  Director,eurofins it solutions pvt ltd,"Germany,  null,  France,  null",1 - 4 Years
Systemadministrator  /  IT - Administrator  Energiewirtschaft  ( m / w / d ),CGI Information Systems and Management Consultants Pvt Ltd,Germany,1 - 5 Years
Hiring of SEO position for Mohali for IT Company,TandA HR Solutions,Mohali,2 - 4 Years
Hiring of -iOS Developer for Raipur for IT Company,TandA HR Solutions,Raipur,2 - 4 Years
Opening of Project Manager for Mohali for IT Company,TandA HR Solutions,Mohali,2 - 5 Years
Sr. Client Acquisition  US / UK IT Staffing,TandA HR Solutions,Hyderabad/Secunderabad,3 - 8 Years
Urgent openings for Online Bidders  ( BDE )  for IT Company,TandA HR Solutions,Panchkula,0 - 2 Years
Job Opening of PPC Executive for Mohali for IT Company,TandA HR Solutions,Mohali,2 - 3 Years
Vacancy of Manager  ( Service Support )  for Panchkula for IT Company,TandA HR Solutions,Panchkula,2 - 5 Years
Hiring of Service Engineer for Panchkula for IT Company,TandA HR Solutions,"Shimla,  Karnal,  Jalandhar,  Delhi,  Panchkula",1 - 2 Years
Opening of Service Coordinator for Panchkula for IT Company,TandA HR Solutions,Panchkula,2 - 3 Years
Looking for Sales Coordinator for Panchkula for IT Company,TandA HR Solutions,Panchkula,1 - 2 Years
Post vacant for US IT recruiters in Hyderabad in Malakpet,TandA HR Solutions,Hyderabad/Secunderabad,2 - 4 Years
Business Development Executive fro IT Company in Hyderabad,TandA HR Solutions,Hyderabad/Secunderabad,0 - 2 Years
Hiring for Full Stack Developer in IT Park Chandigarh,TandA HR Solutions,Chandigarh,3 - 5 Years
Hiring for Full Stack Developer in IT Park Chandigarh,TandA HR Solutions,Chandigarh,2 - 7 Years
Opening for the ios developer in Mohali Location for IT Company,TandA HR Solutions,Mohali,1 - 3 Years
Sr Hr Executive for IT Company in Mohali,TandA HR Solutions,Mohali,3 - 5 Years
Java Developer for IT Park Chandigarh Location In MNC,TandA HR Solutions,Chandigarh,6 - 10 Years
Hiring for SEO Analyst for IT Company  Mohali  ( Punjab ),TandA HR Solutions,Mohali,1 - 2 Years
Job Opening for System Admin in IT Company  Mohali,TandA HR Solutions,Mohali,2 - 5 Years
Job Opening for System Admin in IT Company  Panchkula,TandA HR Solutions,"Panchkula,  Mohali",2 - 5 Years
Urgent opening for Online Bidder for IT Company,TandA HR Solutions,Chandigarh,1 - 4 Years
Urgent opening for Asp.net Profile for IT Company in Mohali,TandA HR Solutions,Mohali,0 - 1 Years
Urgent opening for Online Bidder profile for IT Company,TandA HR Solutions,Ludhiana,1 - 4 Years
Urgent opening for Multimedia Designer for IT company in Panchkula,TandA HR Solutions,Panchkula,2 - 5 Years
Urgent opening for Online Bidder for IT Company in Mohali,TandA HR Solutions,Mohali,0 - 2 Years
Urgently Required PHP Developer in An IT Company in Mohali,TandA HR Solutions,"Chandigarh,  Mohali",1 - 3 Years
Opening for HR  &  Admin in IT Company,TandA HR Solutions,Mohali,1 - 4 Years
Job Opening for Tele Caller in Mohali in IT Industry,TandA HR Solutions,Mohali,1 - 4 Years
Urgent Opening for Asp.net Profile for IT Company,TandA HR Solutions,Mohali,0 - 1 Years
Urgent Opening for Tech Lead for IT Company,TandA HR Solutions,Mohali,10 - 13 Years
URGENT OPENING FOR IT CONSULTANT IN MNC IN PANCHKULA LOCATION,TandA HR Solutions,Panchkula,0 - 1 Years
Urgent Opening for Business Development Manager in IT Company,TandA HR Solutions,Mohali,0 - 1 Years
Urgent Opening for Blockchain Engineer in IT Company in Mohali,TandA HR Solutions,Mohali,3 - 6 Years
Job Opening for Networking Administrator in IT Park Chandigarh,TandA HR Solutions,Chandigarh,1 - 4 Years
Opening for Data Analyst for IT Company in Mohali,TandA HR Solutions,Mohali,2 - 5 Years
Opening for SQL DBA in IT Company for Mohali Location,TandA HR Solutions,Mohali,5 - 8 Years
Opening for System Administrator in IT Company for Mohali location,TandA HR Solutions,Mohali,5 - 10 Years
Opening for Dot Net Developer in IT Park Mohali,TandA HR Solutions,Mohali,2 - 5 Years
Opening for Dot Net Developer in Chandigarh IT Park,TandA HR Solutions,Chandigarh,1 - 3 Years
Opening for Full Stack Developer in Chandigarh IT Park,TandA HR Solutions,Chandigarh,4 - 6 Years
Opening for Quality Analyst in Chandigarh IT Park Location,TandA HR Solutions,Chandigarh,5 - 8 Years
Opening for PL / SQL Developer in Mohali IT Park,TandA HR Solutions,Mohali,4 - 10 Years
Opening for PHP Developer in IT Company for Mohali Location,TandA HR Solutions,Mohali,1 - 3 Years
Opening for ROR Developer in IT Company for Mohali Location,TandA HR Solutions,Mohali,1 - 4 Years
Leading IT Company Looking For Content Writer,ADEEBA E SERVICES PVT LTD,Noida/Greater Noida,0 - 3 Years
Jr / Sr. SEO Executive For IT company in Noida,ADEEBA E SERVICES PVT LTD,Noida/Greater Noida,0 - 3 Years
Job Opening for Web Developer  IT Park Chandigarh,TandA HR Solutions,Chandigarh,1 - 3 Years
Job Opening for PHP Programmer  IT Park Chandigarh,TandA HR Solutions,Chandigarh,1 - 3 Years
Job Opening for PHP Developer  IT Park Chandigarh,TandA HR Solutions,Chandigarh,1 - 3 Years
IT-Security Management Consultant  ( m / f / d ),CGI Information Systems and Management Consultants Pvt Ltd,Germany,3 - 5 Years
Lalamove - Office IT Support  ( Part-time ),Lalamove,Hong Kong,0 - 3 Years
"Managing Director ,  IT Global Professional Services",fedexex,"Pittsburgh,  Dallas",10 - 15 Years
Principal Associate IT - Senior Network Engineer,eurofins it solutions pvt ltd,Bengaluru / Bangalore,8 - 9 Years
"IT APP Dev Engineer ,  Financial Planning",AMAZON INDIA PVT LTD,Bengaluru / Bangalore,3 - 5 Years
IT-arkitekt till kund inom offentlig sektor,CGI Information Systems and Management Consultants Pvt Ltd,Sweden,5 - 10 Years
Hiring for Data Analystfor a IT companyinChandigarh location,TandA HR Solutions,Chandigarh,0 - 2 Years
Job opening forProject Coordinatorfor a IT companyinChandigarh location,TandA HR Solutions,Chandigarh,0 - 2 Years
Urgent hiring forReactJSDeveloper for an IT company in Mohali location,TandA HR Solutions,Mohali,1 - 4 Years
Urgent hiring forReactJSDeveloper for an IT company in Mohali location,TandA HR Solutions,Mohali,1 - 4 Years
Urgent hiring forNodeJSDeveloperfor a IT companyin Mohali location,TandA HR Solutions,Mohali,1 - 6 Years
Hiring for Telesales Executive for an IT company in for Bangalore location,TandA HR Solutions,Bengaluru / Bangalore,1 - 3 Years
Job opening forFront OfficeExecutive for IT company inHyderabadlocation,TandA HR Solutions,Hyderabad/Secunderabad,1 - 4 Years
Looking for Inside Sales Executive for an IT Company in BangaloreLocation.,TandA HR Solutions,Bengaluru / Bangalore,1 - 4 Years
Job opening for OnlineBidder for an IT company in Panchkula location,TandA HR Solutions,Panchkula,1 - 3 Years
Urgently looking forQuality Analystfor an IT company in MohaliLocation,TandA HR Solutions,Mohali,0 - 3 Years
Urgently looking forTechnical Support for an IT company in MohaliLocation,TandA HR Solutions,Mohali,0 - 1 Years
Urgently looking for Laravel Developerfor an IT company in MohaliLocation,TandA HR Solutions,Mohali,1 - 4 Years
Urgently looking for Admin  /  Accountsfor an IT company in MohaliLocation,TandA HR Solutions,Mohali,0 - 1 Years
Hiring forCustomerSupportExecutivein an IT company in Chandigarh location,TandA HR Solutions,Chandigarh,1 - 2 Years
Hiring forChat Support Executivefor an IT Companyin MohaliLocation,TandA HR Solutions,Mohali,1 - 3 Years
Job opening forFront OfficeExecutive for IT company inHyderabadlocation,TandA HR Solutions,Hyderabad/Secunderabad,1 - 4 Years
Hiring for theDevOpsEngineer /  SrDevOpsfor an IT Company in Delhi Location,TandA HR Solutions,Delhi,7 - 10 Years
Job opening forBDM for a IT Service provider companyinHyderabadlocation,TandA HR Solutions,Hyderabad/Secunderabad,1 - 4 Years
Job opening forLaravel Developerfor an IT companyin Mohalilocation,TandA HR Solutions,Mohali,1 - 4 Years
Looking for Online Bidder for an IT company in Panchkula location,TandA HR Solutions,Panchkula,1 - 3 Years
Opening for Sales Manager for an IT company for Mohali location,TandA HR Solutions,Mohali,4 - 6 Years
Hiring for Laravel Developer for an IT company in Mohali location,TandA HR Solutions,Mohali,1 - 4 Years
Job opening for OnlineBidder for an IT company in Panchkula location,TandA HR Solutions,Panchkula,1 - 3 Years
Hiring for Laravel Developer for an IT company in Mohali location,TandA HR Solutions,Mohali,2 - 5 Years
Hiring for Instructional Designer for an IT company in Gurgaon location,TandA HR Solutions,Gurgaon,3 - 5 Years
Hiring for the Sales Manager in a IT company for Mohali location,TandA HR Solutions,Mohali,4 - 8 Years
Hiring for the Embedded Engineer in a IT Company for Chandigarh location,TandA HR Solutions,Chandigarh,1 - 2 Years
Job opening for the PMO in a IT company for Coimbatore location,TandA HR Solutions,Coimbatore,7 - 10 Years
Hiring for Marketing Executive for an IT company in Noida location,TandA HR Solutions,Noida/Greater Noida,0 - 5 Years
Hiring forCustomerSupportExecutivein an IT company in Chandigarh location,TandA HR Solutions,Chandigarh,1 - 2 Years
Looking for PHP Developer for an IT Company in in Mohali Location,TandA HR Solutions,Mohali,3 - 7 Years
Urgently we are looking for a PMO for an IT Company in BangaloreLocation.,TandA HR Solutions,Bengaluru / Bangalore,8 - 11 Years
Job openingforAngularDeveloperfor an IT companyin Panchkula location,TandA HR Solutions,Panchkula,3 - 7 Years
Job openingforthe contentwriter positionin a IT companyforMohali location,TandA HR Solutions,Mohali,0 - 2 Years
Looking for PHP Developer for an IT Company in in Mohali Location,TandA HR Solutions,Mohali,3 - 7 Years
Hiring forTelesales executivesfor an IT companyin Mohali location,TandA HR Solutions,Mohali,1 - 4 Years
Looking for PHP Developer for an IT Company in in Mohali Location,TandA HR Solutions,Mohali,3 - 7 Years
Job opening forFlutterDeveloperfor an IT companyin Bangalore location,TandA HR Solutions,Bengaluru / Bangalore,1 - 4 Years
Urgently looking for aGraphicDesignerfor an IT Company in Gurgaon Location.,TandA HR Solutions,Gurgaon,3 - 4 Years
Hiring forTelesales executivesfor an IT companyin Mohali location,TandA HR Solutions,Mohali,1 - 4 Years
Hiringfor theenterprisesalesposition in a IT companyfor the Gurgaon location,TandA HR Solutions,Gurgaon,3 - 4 Years
Looking forSR Business developmentManagerfor an IT Industry in Mohalilocation,TandA HR Solutions,Mohali,3 - 6 Years
Opening forSalesManager for a IT Service provider companyinHyderabadlocation,TandA HR Solutions,Hyderabad/Secunderabad,1 - 4 Years
Looking forTelesales executivesfor an IT companyin Mohali location,TandA HR Solutions,Mohali,1 - 4 Years
Job opening forPythonDeveloperprofile for an IT company for Mohali location,TandA HR Solutions,Mohali,3 - 6 Years
Job opening forArchitect profilefor a IT company inChennailocation,TandA HR Solutions,Chennai,10 - 13 Years
Job opening forArchitect profilefor a IT company inPunelocation,TandA HR Solutions,Pune,10 - 13 Years
Urgent hiring forPythonDeveloperprofile for an IT company for Chandigarh location,TandA HR Solutions,"Chandigarh,  Mohali",3 - 8 Years
Hiring for the Software tester profile for IT for Gurgaon location.,TandA HR Solutions,Gurgaon,3 - 4 Years
Looking forPerformance Marketerfor an IT company inJaipur location,TandA HR Solutions,Jaipur,2 - 6 Years
Looking forTelesalesexecutivesfor an IT companyin Mohali location,TandA HR Solutions,Mohali,3 - 6 Years
Job opening forBusinessDevelopmentManagerfor a IT Company forHyderabad and Bangalorelocation,TandA HR Solutions,"Bengaluru / Bangalore,  Hyderabad/Secunderabad",1 - 4 Years
Job opening forBusinessDevelopmentManagerfor a IT Company forBangalorelocation,TandA HR Solutions,Bengaluru / Bangalore,1 - 4 Years
Looking for the Graphic Designer for an IT Company in Gurgaon Location.,TandA HR Solutions,Gurgaon,3 - 4 Years
Urgent hiring forPythonDeveloperprofile for an IT company for Chandigarh location,TandA HR Solutions,Chandigarh,4 - 8 Years
Urgent hiring forPHPDeveloperfor an IT companyin Bangalore  ( WFH ),TandA HR Solutions,Bengaluru / Bangalore,3 - 6 Years
Job opening forBusiness Analyst for an IT companyin Panchkulalocation,TandA HR Solutions,Panchkula,1 - 4 Years
Hiring for IT Trainer for a Charitable Trust for Secunderabad Location.,TandA HR Solutions,Hyderabad/Secunderabad,0 - 2 Years
Hiring for Technical Support for an IT Company for Mohali Location.,TandA HR Solutions,Mohali,2 - 4 Years
Hiring for Angular Developer for an IT company in Gurgaon Location.,TandA HR Solutions,"Bengaluru / Bangalore,  Gurgaon",2 - 4 Years
Hiring for Shopify Developer for an IT company in Mohali location,TandA HR Solutions,Mohali,4 - 6 Years
Hiring for Angular Developer for an IT company in Mohali location,TandA HR Solutions,Mohali,4 - 6 Years
Hiring for Xamarin Developer in an IT Company for WFH,TandA HR Solutions,Bengaluru / Bangalore,4 - 7 Years
Hiring for Content Writer for an IT company for Mohali location,TandA HR Solutions,Mohali,0 - 2 Years
Job opening for Trainer for an IT company in Hyderabad location,TandA HR Solutions,Hyderabad/Secunderabad,2 - 5 Years
Hiring for Escalation  ( Female )  for an IT Company in the Manimajra location,TandA HR Solutions,Chandigarh,2 - 5 Years
Urgent hiring for Trainer for an IT company in Hyderabad location,TandA HR Solutions,Hyderabad/Secunderabad,2 - 5 Years
Looking for HR Executive for an IT company in the Mohali location,TandA HR Solutions,Mohali,7 - 10 Years
Hiring for Postgres DBA for an IT company in Bangalore Location,TandA HR Solutions,Bengaluru / Bangalore,5 - 8 Years
Urgent hiring for the BDM for an IT company in Mohali location.,TandA HR Solutions,Mohali,2 - 3 Years
Looking for Sales Executive for an IT company in Mohali location,TandA HR Solutions,Mohali,1 - 2 Years
Urgent Hiring for IT support for Bangalore location  ( WFO ),TandA HR Solutions,Bengaluru / Bangalore,2 - 3 Years
Hiring for Reactjs Developer for an IT company for Delhi location,TandA HR Solutions,Delhi,2 - 6 Years
Hiring for Postgres DBA for an IT company in BangaloreLocation,TandA HR Solutions,Bengaluru / Bangalore,5 - 8 Years
Urgent hiring forLeadQAEngineerfor MNC IT companyin Gurugramlocation,TandA HR Solutions,Gurgaon,10 - 12 Years
Job opening forSeniorPHPFull stackfor an IT companyinBangalore location,TandA HR Solutions,Bengaluru / Bangalore,2 - 5 Years
Looking forSystem Administratorfor a IT Service provider companyinHyderabadlocation,TandA HR Solutions,Hyderabad/Secunderabad,1 - 4 Years
Urgent hiring forLeadQAEngineerfor MNC IT companyin Mumbailocation,TandA HR Solutions,Mumbai,2 - 6 Years
Job opening forBDEfor a IT Service provider companyinHyderabadlocation,TandA HR Solutions,Hyderabad/Secunderabad,2 - 4 Years
Urgent hiring for Content Writerfor an IT companyin Mohalilocation,TandA HR Solutions,Mohali,0 - 3 Years
Job opening forPHPDeveloperfor a MNC IT companyinChandigarhlocation,TandA HR Solutions,Chandigarh,3 - 6 Years
Hiring for the Graphic Designerprofile for an IT company for Mohali location,TandA HR Solutions,"Chandigarh,  Mohali",0 - 1 Years
Job opening forWordPressDeveloperfor an IT companyin Mohalilocation,TandA HR Solutions,Mohali,1 - 3 Years
Hiring forPHP Developerfor a MNC IT companyin Chandigarhlocationv,TandA HR Solutions,Chandigarh,3 - 6 Years
Looking forHR Executivefor a IT companyin Mohali location,TandA HR Solutions,Mohali,2 - 5 Years
Hiring for theStrategicPartnershipManager profile for an IT Company for Bangalore location,TandA HR Solutions,Bengaluru / Bangalore,1 - 5 Years
Hiring forPHP Developerfor an IT Comapny in Mohali Location.,TandA HR Solutions,"Chandigarh,  Panchkula,  Mohali,  Ambala",0 - 2 Years
Hiring for theStrategicPartnershipManager profile for an IT Company for Bangalore location,TandA HR Solutions,Bengaluru / Bangalore,1 - 5 Years
Looking forASP.net Developerfor an IT companyin Navi Mumbailocation,TandA HR Solutions,Navi Mumbai,5 - 8 Years
Hiring forDotNetDeveloper for an IT Comapny inMumbai Location.,TandA HR Solutions,Mumbai,2 - 5 Years
Job vacancy for theTelecallerprofile for an IT company for Bangalore location,TandA HR Solutions,Bengaluru / Bangalore,2 - 5 Years
Job opening for WordPressDeveloperfor an IT companyin Mohalilocation,TandA HR Solutions,Mohali,1 - 3 Years
Looking forHR Executivefor a IT companyin Mohali location,TandA HR Solutions,Mohali,2 - 5 Years
Hiring forPHP Developerfor a MNC IT companyin Chandigarhlocation,TandA HR Solutions,Chandigarh,3 - 6 Years
Job opening forSEOExecutivefor a IT companyin Mohali location,TandA HR Solutions,Mohali,1 - 4 Years
Looking for WordPress Developer for an IT company in Mohali location,TandA HR Solutions,Mohali,0 - 1 Years
Hiring forDotNetDeveloper for an IT Comapny inMumbai Location.,TandA HR Solutions,Mumbai,2 - 5 Years
Urgent opening for a SrPythonSupportEngineerfor an IT company forBangalorelocation,TandA HR Solutions,Bengaluru / Bangalore,8 - 12 Years
Looking forPHP Developerfor a MNC IT companyin Chandigarhlocation,TandA HR Solutions,Chandigarh,3 - 4 Years
Hiring for theSalesCoordinatorprofile for a IT Hardware company forChennaiand Delhilocations,TandA HR Solutions,"Chennai,  Delhi",2 - 5 Years
Job opening forFlutterDeveloperfor IT Company for Chandigarh location,TandA HR Solutions,Chandigarh,1 - 5 Years
Job opening forFlutter Developer for an IT Company in Chandigarhlocation,TandA HR Solutions,Chandigarh,1 - 5 Years
Urgent opening for thePythonDeveloperprofile for an IT company for Mohali location,TandA HR Solutions,Mohali,3 - 8 Years
job opening forDotNetDeveloperfor an MNC IT companyinMohalilocation,TandA HR Solutions,Mohali,3 - 6 Years
Looking for WordPress Developer for an IT companyin BanagloreWFH Location.,TandA HR Solutions,Bengaluru / Bangalore,4 - 5 Years
Hiring for thePythonDeveloperprofile for an IT company for Mohali location,TandA HR Solutions,Mohali,3 - 8 Years
HiringforUI / UXDesigner for IT Company for the chandigarh Location,TandA HR Solutions,Chandigarh,1 - 5 Years
Looking forPHPDeveloperfor a MNC IT companyin Chandigarhlocation,TandA HR Solutions,Chandigarh,2 - 4 Years
Looking for Android Developerprofile for IT companyin Mohali Location,TandA HR Solutions,Mohali,2 - 4 Years
Looking for DotNET Developerprofile for IT companyin Mohali Location,TandA HR Solutions,Mohali,3 - 5 Years
Urgent hiring for theEmbeddedDeveloper /  Lead in a IT Company for Bangalorelocation,TandA HR Solutions,Bengaluru / Bangalore,3 - 7 Years
Urgently looking for DotNETDeveloper for IT companyinMohali Location,TandA HR Solutions,Mohali,3 - 5 Years
Looking forPHPDeveloperfor a MNC IT companyin Chandigarhlocation,TandA HR Solutions,Chandigarh,3 - 6 Years
Job opening forCustomerSupportExecutivein an IT company in Chandigarh location,TandA HR Solutions,Chandigarh,2 - 5 Years
Hiring for Android Developer for an IT company in Mohali Location.,TandA HR Solutions,Mohali,2 - 4 Years
Urgent hiring forNodeJSDeveloperfor a IT companyin Mohali location,TandA HR Solutions,Mohali,1 - 6 Years
Urgent hiring forNodeJSDeveloperfor a IT companyin Mohali location,TandA HR Solutions,Mohali,1 - 6 Years
Hiring forChat Support Executivefor an IT Companyin MohaliLocation,TandA HR Solutions,Mohali,1 - 3 Years
Hiring for Android Developerfor an IT company in Mohali Location,TandA HR Solutions,Mohali,2 - 4 Years
Hiring forCustomerSupportExecutivein an IT company in Chandigarh location,TandA HR Solutions,Chandigarh,1 - 2 Years
Hiring for Sr.phPDeveloperfor an IT company in Navi Mumbai location.,TandA HR Solutions,Navi Mumbai,3 - 6 Years
Hiring forCustomerSupportExecutivein an IT company in Mohali location,TandA HR Solutions,Mohali,2 - 5 Years
Job opening forPHPDeveloperfor a MNC IT companyin Chandigarhlocation,TandA HR Solutions,Chandigarh,3 - 6 Years
Urgent hiring for theDigitalMarketingprofile in IT company for Delhi location,TandA HR Solutions,Delhi,1 - 5 Years
Opening forPythonDeveloperprofile for an IT company for Panchkula location,TandA HR Solutions,Panchkula,3 - 6 Years
Hiring for theMERNStackEngineer for IT MNC Company for Chandigarh,TandA HR Solutions,Chandigarh,2 - 9 Years
Hiring forChat Support Executivefor an IT Companyin MohaliLocation,TandA HR Solutions,Mohali,1 - 3 Years
Hiring for IT Teacher for Gurgaon location for Education Company,TandA HR Solutions,"Gurgaon,  Mohali",2 - 4 Years
Hiring forCustomerSupportExecutivein an IT company in Mohali location,TandA HR Solutions,Mohali,1 - 2 Years
Job opening forFlutterDeveloperfor IT Company for Mohali location,TandA HR Solutions,Mohali,1 - 5 Years
Job opening for theMERNStackEngineer for IT MNC Company for Chandigarh,TandA HR Solutions,Chandigarh,2 - 9 Years
Hiring for Software Developer in a IT Company for Pune location.,TandA HR Solutions,Pune,2 - 5 Years
Vacancy for the Graphic Designer for an MNC IT Company in Chandigarh,TandA HR Solutions,Chandigarh,3 - 7 Years
Vacancy for the Graphic Designer for an MNC IT Company in Chandigarh,TandA HR Solutions,Chandigarh,3 - 7 Years
Opening for PHP Developer in a IT Company for Mohali location.,TandA HR Solutions,Mohali,1 - 5 Years
Opening for the Android Developer for an IT Company in Hyderabad Location.,TandA HR Solutions,Hyderabad/Secunderabad,3 - 5 Years
Opening for the SQL Developer at IT Company in Hyderabad Location,TandA HR Solutions,Hyderabad/Secunderabad,3 - 4 Years
Hiring for the Training Coordinator for Hyderabad location in a IT Company.,TandA HR Solutions,Hyderabad/Secunderabad,3 - 4 Years
Urgent hiring for Web Developer in IT company for Panchkula,TandA HR Solutions,Panchkula,0 - 2 Years
Hiring for the PLM for Hyderabad Location in a IT Company.,TandA HR Solutions,Hyderabad/Secunderabad,4 - 6 Years
Opening for Full Stack in IT Industry for Delhi location,TandA HR Solutions,Delhi,1 - 5 Years
The requirement for Developer in IT Industry for Delhi location,TandA HR Solutions,Delhi,1 - 5 Years
Requirement for Online Bidder in IT Industry for Mohali location,TandA HR Solutions,Mohali,1 - 2 Years
Requirement for PHP Developer in IT Industry for Mohali location,TandA HR Solutions,Mohali,1 - 4 Years
Requirement for Web Designer in IT Industry for Mohali location,TandA HR Solutions,Mohali,0 - 1 Years
Requirement for Graphic Designer in IT Industry for Mohali location,TandA HR Solutions,Mohali,0 - 1 Years
Requirement for Project Manager in IT Industry for Mohali location,TandA HR Solutions,Mohali,2 - 3 Years
Opening for the JAVA Developer in a IT Company for Chandigarh Location.,TandA HR Solutions,Chandigarh,0 - 3 Years
Job opening for Academic Writer IT in Ludhiana,TandA HR Solutions,Ludhiana,1 - 3 Years
The requirement for PHP Developer in IT Industry for Hyderabad location,TandA HR Solutions,Hyderabad/Secunderabad,2 - 5 Years
Opening for PHP Developer in IT Industry for Chandigarh,TandA HR Solutions,Chandigarh,1 - 2 Years
Opening for JAVA Developer in IT Industry for Chandigarh,TandA HR Solutions,Chandigarh,1 - 2 Years
Opening of Dot net developer for Mohali in IT Company,TandA HR Solutions,Mohali,1 - 2 Years
Looking for the IOS Developer Mohali location in a IT Company.,TandA HR Solutions,Mohali,3 - 6 Years
Looking for the Training Coordinator for Hyderabad location in a IT Company.,TandA HR Solutions,Hyderabad/Secunderabad,3 - 4 Years
Hiring for the Siemens PLM for Hyderabad Location in a IT Company.,TandA HR Solutions,Hyderabad/Secunderabad,4 - 6 Years
Hiring for PHP Developer for an IT Company for Mohali Location,TandA HR Solutions,Mohali,2 - 3 Years
Opening for WordPress Developer for an IT Company for Mohali Location,TandA HR Solutions,Mohali,1 - 3 Years
Hiring for the Web Designer for the IT Company in Mohali Location.,TandA HR Solutions,Mohali,0 - 3 Years
Hiring for PHP Developer for an IT Company for Mohali Location,TandA HR Solutions,Mohali,1 - 5 Years
Hiring for Software Engineer for Chandigarh location in IT Industry,TandA HR Solutions,Chandigarh,7 - 10 Years
Hiring for the Java Developer in IT Company for the Mohali location.,TandA HR Solutions,Mohali,3 - 8 Years
Hiring for the ASP.net c# in a IT Company for Gurgaon location.,TandA HR Solutions,Gurgaon,4 - 8 Years
Hiring for the ASP.net c# in a IT Company for Gurgaon location.,TandA HR Solutions,Gurgaon,1 - 4 Years
Requirement for Online Bidder in the IT Industry for Moh,TandA HR Solutions,Mohali,0 - 1 Years
Looking for the Accountant profile in a IT company for Mohali location.,TandA HR Solutions,Mohali,1 - 2 Years
Looking for HR Profile in a IT company for Mohali location.,TandA HR Solutions,Mohali,1 - 2 Years
Opening for WordPress Developer for an IT Company for Mohali Location,TandA HR Solutions,Mohali,0 - 3 Years
Vacancy for Prestashop developer in IT Company for Bangalore location,TandA HR Solutions,Bengaluru / Bangalore,1 - 4 Years
Hiring for SEO Executive profile for IT Company in Mohali,TandA HR Solutions,Mohali,5 - 7 Years
Hiring for Sr. SEO profile for IT Company in Mohali,TandA HR Solutions,Mohali,6 - 7 Years
Hiring for SEO Executive profile for IT Company in Mohali,TandA HR Solutions,Mohali,0 - 1 Years
Vacancy for HR Representative in IT Company for Mohali location,TandA HR Solutions,Mohali,2 - 5 Years
Hiring Desktop Engineer in IT Company for Chennai location,TandA HR Solutions,Chennai,1 - 2 Years
Vacancy for the -Embedded Systems Engineer for an IT Company in Pune,TandA HR Solutions,Pune,2 - 3 Years
Looking for Market Researcher in IT company for Pune location,TandA HR Solutions,Pune,1 - 2 Years
Looking for PHP Developer in IT Company for Ludhiana location,TandA HR Solutions,Ludhiana,2 - 5 Years
Post vacant for US IT recruiters in Hyderabad in Malakpet,TandA HR Solutions,Hyderabad/Secunderabad,2 - 4 Years
Required SEO Executive for an IT Company in Mohali Location,TandA HR Solutions,Mohali,0 - 1 Years
Hiring a WordPress Developer in IT Company for Mohali location,TandA HR Solutions,Mohali,1 - 4 Years
Vacancy for IT Development Manager for Chandigarh in an MNC company,TandA HR Solutions,Chandigarh,8 - 14 Years
Vacancy for PHP Developer in IT Company for Ludhiana location,TandA HR Solutions,Ludhiana,4 - 7 Years
Hiring for C Developer for an IT Company in Gurgaon,TandA HR Solutions,Gurgaon,2 - 5 Years
Vacancy for Android Developer for IT Company in Gurgaon,TandA HR Solutions,Gurgaon,3 - 5 Years
Opening for Data Engineer for an IT Company in Mohali Location,TandA HR Solutions,Mohali,3 - 5 Years
Hiring MLOps Engineer for an IT Company in Mohali Location,TandA HR Solutions,Mohali,3 - 5 Years
Hiring ERP admin for an IT Company in Pune location,TandA HR Solutions,Pune,1 - 4 Years
Hiring Drupal Developers for an IT company of Pune,TandA HR Solutions,Pune,3 - 6 Years
Looking for PHP Developer in IT company for Mohali location,TandA HR Solutions,Mohali,1 - 5 Years
Vacancy for Web Designer in IT company for Mohali location,TandA HR Solutions,Mohali,0 - 1 Years
Hiring for Community Manager for an IT Company in Gurgaon location,TandA HR Solutions,Gurgaon,1 - 6 Years
Hiring for Web developer profile for an IT Company in Bangalore,TandA HR Solutions,"Chennai,  Bengaluru / Bangalore",1 - 4 Years
Hiring for IT professional for Hospital for Chandigarh Location.,TandA HR Solutions,Chandigarh,3 - 5 Years
Hiring for HR Executive for an IT Company for Mohali Location.,TandA HR Solutions,Mohali,1 - 3 Years
Hiring for Java Developer for an IT Company for Mohali Location.,TandA HR Solutions,Mohali,0 - 3 Years
Hiring for React Developer for an IT Company for Mohali Location.,TandA HR Solutions,Mohali,1 - 3 Years
Hiring for Technical Support for an IT Company for Mohali Location.,TandA HR Solutions,Mohali,2 - 4 Years
Hiring for IT Trainer for a Charitable Trust for Secunderabad Location.,TandA HR Solutions,Hyderabad/Secunderabad,0 - 2 Years
Hiring for C Developer for an IT Company in Gurgaon,TandA HR Solutions,Gurgaon,2 - 5 Years
Hiring for Sr Quality Engineer for an IT company in Gurgaon.,TandA HR Solutions,Gurgaon,5 - 7 Years
Hiring for Angular Developer for an IT company in Bangalore Location.,TandA HR Solutions,Bengaluru / Bangalore,2 - 4 Years
Role of Business Analyst in a leading IT Company in Chandigarh,TandA HR Solutions,Chandigarh,5 - 7 Years
Hiring for PHP Developer for Chandigarh Location for an IT Company,TandA HR Solutions,Chandigarh,1 - 2 Years
Hiring for the PHP Developer for Mohali location in IT Industry,TandA HR Solutions,Mohali,0 - 1 Years
Job opening for PHP Developer for Mohali in the IT Industry.,TandA HR Solutions,Mohali,3 - 4 Years
Job opening for ROR Developer for Mohali in the IT Industry.,TandA HR Solutions,Mohali,2 - 4 Years
Job opening for IOS Developer for Mohali in the IT Industry.,TandA HR Solutions,Mohali,1 - 2 Years
Job opening for Android Developer for Mohali in the IT Industry.,TandA HR Solutions,Mohali,1 - 3 Years
Job opening for Java Developer for Mohali in the IT Industry.,TandA HR Solutions,Mohali,4 - 7 Years
Job opening for Project Manager for Mohali in the IT Industry.,TandA HR Solutions,Mohali,1 - 3 Years
Opening of Business Analyst for Chandigarh in IT Comapny,TandA HR Solutions,Chandigarh,5 - 8 Years
Opening for Dot Not profile in IT company at Hyderabad,TandA HR Solutions,Hyderabad/Secunderabad,2 - 5 Years
Post for Dot Not profile in IT company at Hyderabad,TandA HR Solutions,Hyderabad/Secunderabad,1 - 4 Years
Requirement for PHP Developer for an IT Company in Mohali Location,TandA HR Solutions,Mohali,2 - 3 Years
Looking for Project Manager for IT company for Panchkula location,TandA HR Solutions,Panchkula,3 - 6 Years
Looking for ROR Developer for IT company for Panchkula location,TandA HR Solutions,Panchkula,4 - 7 Years
Looking for NodeJS Developer for IT company for Panchkula location,TandA HR Solutions,Panchkula,4 - 7 Years
Hiring for the IT Officer for a Manufacturing Company in Chandigarh Location,TandA HR Solutions,Chandigarh,2 - 3 Years
Hiring the IT Officer for an Manufacturing Company in Chandigarh,TandA HR Solutions,Chandigarh,2 - 3 Years
Hiring for the Android Developer for an IT Company in Mohali Location,TandA HR Solutions,Mohali,2 - 5 Years
Hiring for Junior BDE in Mohali for an IT company,TandA HR Solutions,Mohali,1 - 4 Years
Opening for Web Developer in Mohali for an IT company,TandA HR Solutions,Mohali,2 - 3 Years
Opening for Web Developer in Mohali for an IT company,TandA HR Solutions,Mohali,2 - 3 Years
Post Vacant for IOS Developer in Mohali for an IT company,TandA HR Solutions,Mohali,2 - 3 Years
Hiring for Marketing Executive in an IT Company for Delhi location.,TandA HR Solutions,Delhi,1 - 4 Years
A requirement for Marketing Executive in an IT Company for Ludhiana location.,TandA HR Solutions,Ludhiana,1 - 4 Years
Hiring for the Software Engineer in an IT Company for Ludhiana location.,TandA HR Solutions,Ludhiana,1 - 4 Years
Requirement for Shopify Developers for an IT company in Bangalore Location,TandA HR Solutions,Bengaluru / Bangalore,1 - 3 Years
Requirement for the Network Analyst in a IT Company for the Mumbai location,TandA HR Solutions,Mumbai,8 - 15 Years
Opening for IOS Developer for Mohali location for an IT company,TandA HR Solutions,Mohali,1 - 2 Years
Hiring for the PHP Developer in a IT Company for the Mohali location.,TandA HR Solutions,Mohali,1 - 3 Years
Hiring for the Web Developer in a IT Company for Mohali location.,TandA HR Solutions,Mohali,2 - 3 Years
Hiring for Marketing Executive in Mohali for IT Company,TandA HR Solutions,Mohali,1 - 2 Years
Hiring for Graphic Designer in Mohali for IT Company,TandA HR Solutions,Mohali,2 - 5 Years
Hiring for Digital Marketing Executive in Mohali for IT Company,TandA HR Solutions,Mohali,2 - 5 Years
Hiring for Business Development Manager in Mohali for IT Company,TandA HR Solutions,Mohali,2 - 5 Years
Hiring for Team Leader for an IT company for Mohali location,TandA HR Solutions,Mohali,2 - 5 Years
Hiring for the PHP Developer in an IT Company for Chandigarh location.,TandA HR Solutions,Chandigarh,2 - 3 Years
Opening for Shopify Developers for Bangalore Location for and IT company,TandA HR Solutions,Bengaluru / Bangalore,1 - 3 Years
Hiring for the PHP Developer in an IT Company for Mohali location.,TandA HR Solutions,Mohali,2 - 5 Years
Opening for Operation Manager in a IT Company for Bangalore location.,TandA HR Solutions,Bengaluru / Bangalore,0 - 1 Years
Requirement for PHP Developer for IT Company in Mohali location,TandA HR Solutions,Mohali,0 - 3 Years
Requirement for iOS Developer for IT Company for Bangalore Location,TandA HR Solutions,Bengaluru / Bangalore,1 - 2 Years
Hiring for Android Developer for IT Company for Bangalore Location,TandA HR Solutions,Bengaluru / Bangalore,1 - 2 Years
Opening for Creative Designer in a IT Company for Gurgaon Location,TandA HR Solutions,Gurgaon,2 - 5 Years
Hiring for Android Developer in IT company for Bangalore Location,TandA HR Solutions,Bengaluru / Bangalore,3 - 6 Years
Hiring for BDE profile in a IT Company For Mohali Location,TandA HR Solutions,Mohali,5 - 7 Years
Hiring for HR in MNC IT company for Mohali location,TandA HR Solutions,Mohali,3 - 6 Years
Opening for .net Freshers in a IT Company for Mohali Location,TandA HR Solutions,Mohali,1 - 3 Years
Opening for Azure developer in a IT Company For Mohali location,TandA HR Solutions,Mohali,4 - 7 Years
Hiring for Android developer profile for IT Company in Panchkula,TandA HR Solutions,Panchkula,2 - 3 Years
Hiring for .net developer profile for IT Company in Panchkula,TandA HR Solutions,Panchkula,2 - 3 Years
Hiring for Oracle Fusion profile in a IT Company For Panchkula,TandA HR Solutions,Panchkula,2 - 3 Years
Opening for Logistics Executive in a IT company for Mohali location,TandA HR Solutions,Mohali,1 - 2 Years
Hiring for theBDEfor IT sales in ITcompany in chandigarhLocation.,TandA HR Solutions,Chandigarh,3 - 6 Years
Hiring for theITProject Managerprofile for IT company forBangaloreLocation.,TandA HR Solutions,Bengaluru / Bangalore,4 - 5 Years
Hiring forPythonDeveloperprofile for an IT company for Chandigarh location,TandA HR Solutions,"Chandigarh,  Mohali",4 - 8 Years
Looking for PHP Developer for IT Company for Mohali location,TandA HR Solutions,Mohali,4 - 5 Years
Job opening for theSEOExecutiveprofile for IT Company for Mohali location,TandA HR Solutions,Mohali,0 - 1 Years
Urgent hiringfor theFullStackDeveloperfor the IT company in theMohalilocation,TandA HR Solutions,Mohali,3 - 6 Years
Looking forTelesalesexecutivesfor an IT companyin Mohali location,TandA HR Solutions,Mohali,3 - 6 Years
Job Opening for IT Officer profile for Chandigarh location,TandA HR Solutions,"Chandigarh,  Mohali",3 - 4 Years
Urgent hiring for Reactnativedeveloperfor an IT company in Mohali location,TandA HR Solutions,"Bengaluru / Bangalore,  Mohali",1 - 3 Years
Hiringfor theenterprisesalesposition in a IT companyfor the Gurgaon location,TandA HR Solutions,Gurgaon,3 - 5 Years
Looking for Sales Executive in IT Industry for Bangalore Location,TandA HR Solutions,Bengaluru / Bangalore,3 - 6 Years
090524 IT Cloud Manager_L8_Hosting Services_a,DXC Technologies,Bengaluru / Bangalore,3 - 8 Years
Senior Resiliency Analyst  IT Disaster Recovery,Optum Global Solutions  ( India )  Private Limited,Philippines,5 - 8 Years
Info Security Risk Consultant  IT / IS Compliance or Audit,Optum Global Solutions  ( India )  Private Limited,Philippines,5 - 8 Years
Unit Manager - IT / Senior Unit Manager - ...,Bajaj Finserv Lending Ltd,Pune,4 - 6 Years
IT Project Senior Consultant Job Details | SAP,SAP Ariba,Pune,8 - 12 Years
Recruiters- IT / FMCG / BPO / Oil  &  Gas,Aziels Technologies Pvt Ltd,Noida/Greater Noida,2 - 7 Years
Senior Data Center IT Support Technician,Microsoft India Pvt Ltd,,5 - 8 Years
Senior IT Projektleitung  ( m / w / d ),CGI Information Systems and Management Consultants Pvt Ltd,Germany,5 - 10 Years
Onsite IT Support Techniker  ( m / f / d ),DXC Technologies,Germany,2 - 5 Years
Onsite IT Support Technician  ( m / f / d ),DXC Technologies,Germany,2 - 5 Years
Solution Architect - Medical IT  ( m / w / d ),DXC Technologies,Germany,5 - 8 Years
Senior IT Operations Consultant  Space Unit,CGI Information Systems and Management Consultants Pvt Ltd,"Netherlands,  Spain,  France",5 - 8 Years
Unit Manager - IT / Senior Unit Manager - ...,Bajaj Finserv Lending Ltd,Pune,4 - 6 Years
Senior Consultant Cybersecurity  &  IT risk - Aviation,CGI Information Systems and Management Consultants Pvt Ltd,Netherlands,3 - 10 Years
IT Project Manager for Energy  &  Utility,CGI Information Systems and Management Consultants Pvt Ltd,,5 - 7 Years
Unit Manager - IT / Senior Unit Manager - ...,Bajaj Finserv Lending Ltd,Pune,5 - 8 Years
IT Automation on IBM Power Product Management,IBM India Pvt Ltd,Bengaluru / Bangalore,2 - 3 Years
Senior Data Center IT Support Technician  ( DCT ),Microsoft India Pvt Ltd,Japan,2 - 5 Years
IT Service Desk Specialist  ( m / f / d ),Nagarro India Pvt Ltd,"Germany,  Switzerland,  France",2 - 4 Years
Senior Data Center IT Support Technician,Microsoft India Pvt Ltd,Atlanta,2 - 5 Years
Projektmanager mit IT-Bezug  ( m / w / d ),CGI Information Systems and Management Consultants Pvt Ltd,Germany,5 - 10 Years
"Lead Specialist ,  IT Support at Fiserv ,  Inc.",fiserv ce pvt ltd,Pune,8 - 11 Years
"Specialist ,  IT Systems Administration at Fiserv ,  Inc.",fiserv ce pvt ltd,Pune,3 - 5 Years
"Specialist ,  IT Systems Administration at Fiserv ,  Inc.",fiserv ce pvt ltd,Pune,5 - 8 Years
IT-Consultant Azure Infrastruktur  ( m / f / d ),CGI Information Systems and Management Consultants Pvt Ltd,Germany,5 - 8 Years
"Software Engineer , Software Developer",Laxmi Infotech,"Ahmedabad,  Delhi,  Gurgaon,  Kolkata,  Noida/Greater Noida",0 - 3 Years
"Software engineer - , .net / c# / asp.net / vb.net / SQL Server",New Global Technologies,"Bengaluru / Bangalore,  Chennai,  Hyderabad/Secunderabad,  Mumbai,  Pune",0 - 3 Years
System / IT Support Engineer Bangalore Tech  Network / IT admin  /  Consultant  /  On-site,epifi - asuureedge global services pvt ltd,Bengaluru / Bangalore,4 - 7 Years
Opening for Java Technical Lead in IT MNC Company for IT Park Chandigarh Location,TandA HR Solutions,Chandigarh,8 - 12 Years
Hiring for the IT Support profile for an IT company for Gurgaon location  ( work from office ),TandA HR Solutions,Gurgaon,3 - 8 Years
Opening for the IT Admin profile for an IT company for Gurgaon location  ( work from office ),TandA HR Solutions,Gurgaon,3 - 8 Years
Looking for Hardware Engineer in IT Infrastructure Department for an IT Solutions Provider Company for Karnataka Locati,TandA HR Solutions,Kolar,1 - 4 Years
Vacancy for Sr. IT System Engineer profile in MNC IT Company in Mohali location,TandA HR Solutions,Mohali,5 - 7 Years
Job Opening for IT System Engineer profile in MNC IT Company in Mohali location,TandA HR Solutions,Mohali,5 - 7 Years
"Technical Delivery Manager , Technical Associate",HR Jobs Placements,"Ahmedabad,  Bengaluru / Bangalore,  Chennai,  Delhi,  Gurgaon",9 - 14 Years
QA Engineer  / software testing,New Global Technologies,"Bengaluru / Bangalore,  Chennai,  Hyderabad/Secunderabad,  Mumbai,  Pune",0 - 3 Years
Hiring For Varonis,krazy mantra hr solutions,"Chennai,  Bengaluru / Bangalore",5 - 9 Years
Senior Executive,SEVEN CONSULTANCY,"Delhi,  Delhi/NCR",2 - 5 Years
Business Development Executive,SEVEN CONSULTANCY,"Hyderabad/Secunderabad,  Chennai",3 - 6 Years
Sr Manager,SEVEN CONSULTANCY,Hyderabad/Secunderabad,0 - 3 Years
Associate Technical Recruiter,RANGAM INFOTECH PVT. LTD.,Vadodara,0 - 3 Years
Business Development Executive,SplendorNet Technologies Pvt. Ltd.,Pune,1 - 2 Years
HR Executive  /  Recruiter,Doconline Health India,Hyderabad/Secunderabad,1 - 4 Years
HR Executive,Boyen Haddin Consultants LLP,Mumbai,0 - 3 Years
Business Development Executive,axnol digital solutions private limited,Thiruvananthapuram,1 - 4 Years
Job Opening for Android Developers,TandA HR Solutions,"Chandigarh,  Mohali",2 - 4 Years
SEO EXECUTIVE,Webrife Infotech Systems,Noida/Greater Noida,2 - 7 Years
Schlerpraktikum  ( schulisches Pflichtpraktikum ),Dell India,Germany,0 - 3 Years
"Site IT Lead - SAP ,  Infrastructure ,  Information Security ,  Pharma",infinity business solutions pvt ltd,Hyderabad/Secunderabad,10 - 20 Years
Urgent hiring for the US IT Recruiter t for an US based company in Mohali location.,TandA HR Solutions,Mohali,3 - 7 Years
Opening for Tech Support Candidate for an IT and Networking Company for Mohali Location,TandA HR Solutions,Mohali,0 - 1 Years
"Senior Manager ,  Information Security Risk  IT Internal Audit",Optum Global Solutions  ( India )  Private Limited,Philippines,7 - 10 Years
IT Security Consultant for Identity and Access Management  ( IAM )  Job Details | SAP,SAP Ariba,Bengaluru / Bangalore,3 - 6 Years
Job Opening for IT Support Engineer in Manufacturing Company for Delhi location,TandA HR Solutions,Delhi,2 - 3 Years
Hiring for theHardware Server Engineerprofile for a IT Hardware company for Chennai and Delhilocations,TandA HR Solutions,"Chennai,  Delhi",2 - 5 Years
Job opening for Talent Acquisition Specialist for an IT company in Mohali location,TandA HR Solutions,Mohali,2 - 4 Years
Job opening forTalent AcquisitionSpecialist for an IT company in Mohali location,TandA HR Solutions,Mohali,2 - 4 Years
Senior IT Recruiter Job at Glan Management Consultancy ! Noida,glan management consultancy pvt. ltd.,Noida/Greater Noida,3 - 6 Years
"Information Security Risk Manager  IT Audit ,  ITGC Controls",Optum Global Solutions  ( India )  Private Limited,Philippines,4 - 6 Years
Urgent opening for IT Manager for a Law Firm in Delhi Location,TandA HR Solutions,Delhi,6 - 10 Years
Info Security Risk Consultant  IT Security or Audit and ITGC Controls,Optum Global Solutions  ( India )  Private Limited,Philippines,4 - 7 Years
INTERNATIONAL BUSINESS MANAGER,infoicon technologies pvt ltd.,"Delhi,  Delhi/NCR,  Noida/Greater Noida",1 - 3 Years
Hiring For IT-Principal Data Engineering / 29 / TEC046,krazy mantra hr solutions,"Chennai,  Bengaluru / Bangalore,  Pune",7 - 10 Years
Production Support Engineer  /  Senior Software Engineer  /  IT Associate,LAKSH HUMAN RESOURCE,Mumbai,3 - 5 Years
