Job Title,Company Name,Location,Experience (Years),Min Experience,Max Experience,Experiencia Media,Rango Experiencia,Num Ubicaciones,Oferta Exterior
Abroad Requirement IT Manager,RECRUITMENT CANADA IMMIGRATION CANADA,"Australia, Canada",7 - 12 Years,7,12,9.5,5,2,True
"""IT Sales Executive"" , Business Development Executive",Serviots technology Pvt Ltd,Ahmedabad,2 - 6 Years,2,6,4.0,4,1,False
Facilities Manager,Sameer namdep Kedari,"Bengaluru / Bangalore, Sibsagar, Bhagalpur, Muzaffarpur, Patna",4 - 9 Years,4,9,6.5,5,5,False
SAP Experienced Candidates,TORRENT POWER LIMITED,Ahmedabad,3 - 5 Years,3,5,4.0,2,1,False
Technician- Electrical Maintenance,Suman kumar,"Delhi, Gurgaon, Pune, Indore, Bhubaneshwar",5 - 10 Years,5,10,7.5,5,5,False
React Native Developer,Management And Computer Consultants,Kolkata,1 - 4 Years,1,4,2.5,3,1,False
Site  Engineer  Job In  AUSTRALIA,World wide Immigration Service Llp,Australia,4 - 8 Years,4,8,6.0,4,1,True
QA | QC Engineer  Job In CANADA,World wide Immigration Service Llp,Canada,3 - 8 Years,3,8,5.5,5,1,True
Sr. Sales Engineer /  Sales Manager,Ambetronics Engineers Pvt. Ltd.,Mumbai,10 - 15 Years,10,15,12.5,5,1,False
MDM Data Analyst,Techno Wise,Pune,2 - 7 Years,2,7,4.5,5,1,False
Software Engineer Job In  GERMANY,ADAL IMMIGRATIONS LLP,Germany,3 - 8 Years,3,8,5.5,5,1,True
QA | QC Engineer  Job In AUSTRALIA,World wide Immigration Service Llp,Australia,4 - 8 Years,4,8,6.0,4,1,True
Network  Engineer Job In AUSTRALIA,World wide Immigration Service Llp,Australia,4 - 8 Years,4,8,6.0,4,1,True
QA | QC Engineer  Job In NEW ZEALAND,World wide Immigration Service Llp,New Zealand,3 - 8 Years,3,8,5.5,5,1,True
Hardware  Engineer  Job In ABROAD,World wide Immigration Service Llp,"Canada, Singapore",2 - 7 Years,2,7,4.5,5,2,True
Java - Sr. Developer  /  Lead - J48543,SAMPOORNA CONSULTANTS PVT LTD,Mumbai,6 - 11 Years,6,11,8.5,5,1,False
Software Engineer,FLARIAL SERVICES LLP,"Australia, Canada, Germany, Singapore",3 - 8 Years,3,8,5.5,5,4,True
Selenium with Java Trainer,TMOKSHA TECHNOLOGIES PRIVATE LIMITED,Pune,3 - 8 Years,3,8,5.5,5,1,False
"SAP Basis Consultant , Senior SAP Basis Consultant",Techno Wise,Pune,7 - 12 Years,7,12,9.5,5,1,False
Field Sales  &  Marketing Executive,ABC Brothers Tech I Pvt Ltd,Ahmedabad,1 - 2 Years,1,2,1.5,1,1,False
Chief Executive Officer  ( CEO ),Sarosh Karki,"Ahmedabad, Bengaluru / Bangalore, Chennai, Kolkata, Pune",5 - 10 Years,5,10,7.5,5,5,False
"Orbit Wallet - React ,  MERN Stack ,  Backend Intern roles",ACCIOJOB PRIVATE LIMITED,Bengaluru / Bangalore,0 - 1 Years,0,1,0.5,1,1,False
AWS Solution Architect Internship in Pune,Maxgen Technologies,"Pune, Amravati, Dhule, Sangli, Satara",0 - 1 Years,0,1,0.5,1,5,False
Java Internship in Pune,Maxgen Technologies,"Pune, Jalgaon, Kolhapur, Nagpur, Solapur",0 - 1 Years,0,1,0.5,1,5,False
MARKETING EXECUTIVE,SV ELECTRONICS,"Aurangabad, Nasik",1 - 2 Years,1,2,1.5,1,2,False
SAP proffessionals,TORRENT POWER LIMITED,Ahmedabad,3 - 5 Years,3,5,4.0,2,1,False
Business Analyst,Management And Computer Consultants,Kolkata,2 - 4 Years,2,4,3.0,2,1,False
"""CalibrationEngineer"" , Electrical Control Engineer",PUNYAM ACADEMY PRIVATE LIMITED,Ahmedabad,1 - 5 Years,1,5,3.0,4,1,False
Software Engineer  Job In NEW ZEALAND,World wide Immigration Service Llp,New Zealand,3 - 8 Years,3,8,5.5,5,1,True
Java Full Stack Developer - J48544,SAMPOORNA CONSULTANTS PVT LTD,Mumbai,8 - 12 Years,8,12,10.0,4,1,False
Mern Stack Internship in Ahmedabad,Maxgen Technologies,"Ahmedabad, Anand, Gandhinagar, Mehsana, Surat",0 - 1 Years,0,1,0.5,1,5,False
.net Core Developer,Management And Computer Consultants,Kolkata,2 - 6 Years,2,6,4.0,4,1,False
Executive - SAP BASIS,TORRENT POWER LIMITED,Ahmedabad,3 - 5 Years,3,5,4.0,2,1,False
Commercial Inventory Associate 42396 GGN - J48545,SAMPOORNA CONSULTANTS PVT LTD,Gurgaon,1 - 3 Years,1,3,2.0,2,1,False
Data Science Internship in Ahmedabad,Maxgen Technologies,"Ahmedabad, Bhavnagar, Junagarh, Rajkot, Surendranagar",0 - 1 Years,0,1,0.5,1,5,False
OVERSEAS JOB - APPLICATION DEVELOPMENT -  INTERNATIONAL LOCATION,RECRUITMENT CANADA IMMIGRATION CANADA,Canada,8 - 13 Years,8,13,10.5,5,1,True
ABROAD REQUIREMENT - DBA  / ORACAL  / SQL - INTERNATIONAL LOCATION,RECRUITMENT CANADA IMMIGRATION CANADA,"Australia, Canada, Other International Location(s)",8 - 13 Years,8,13,10.5,5,3,True
ABROAD JOB OFFER - CORPORATE SALES - CAN AUS NZ DM UK GULF,RECRUITMENT CANADA IMMIGRATION CANADA,"Australia, Canada, Other International Location(s)",8 - 13 Years,8,13,10.5,5,3,True
Internation Job for Tour  &  Traval - canada Austraia,RECRUITMENT CANADA IMMIGRATION CANADA,"Canada, Other International Location(s)",10 - 15 Years,10,15,12.5,5,2,True
REQUIREMENT - HOSPITALITY JOB OFFER  - CANADA AUSTRALIA,RECRUITMENT CANADA IMMIGRATION CANADA,"Canada, Other International Location(s)",11 - 16 Years,11,16,13.5,5,2,True
Senior Control System Engineer in Abroad - CAN AUS NZ DN,RECRUITMENT CANADA IMMIGRATION CANADA,"Dubai, Australia, Canada, Hong Kong",8 - 13 Years,8,13,10.5,5,4,True
Abroad Requiremen - Software Testing     - CANADA  /   AUSTRALIA,RECRUITMENT CANADA IMMIGRATION CANADA,"Other Gulf/Middle East Location(s), Australia, Canada",8 - 13 Years,8,13,10.5,5,3,True
ABROAD REQUIREMENT- SENIOR UI  ENGINEER -CANADA  /  AUSTRALIA,RECRUITMENT CANADA IMMIGRATION CANADA,"Australia, Canada, Hong Kong, New Zealand",8 - 13 Years,8,13,10.5,5,4,True
Abroad Requirement  /  Software Engineer    ( CANADA  /  AUSTRALIA ),RECRUITMENT CANADA IMMIGRATION CANADA,"Australia, Canada",8 - 13 Years,8,13,10.5,5,2,True
OVERSEAS REQUIREMENT  - SENIOR SOFTWARE DEVELOPER  - CAN AUS UK,RECRUITMENT CANADA IMMIGRATION CANADA,"Dubai, Australia, Canada, Hong Kong, New Zealand",8 - 13 Years,8,13,10.5,5,5,True
ABROAD JOB OFFER - BANKING ALL PROFILE - CANADA - AUSTRALIA,RECRUITMENT CANADA IMMIGRATION CANADA,"Canada, Other International Location(s)",5 - 10 Years,5,10,7.5,5,2,True
ABROAD  REQUIREMENT - SUPPLY CHAIN – AUSTRALIA  /  CANADA,RECRUITMENT CANADA IMMIGRATION CANADA,"Australia, Canada",8 - 13 Years,8,13,10.5,5,2,True
ABROAD JOBS - BUSINESS  &  PROJECT HEAD - CANADA  /  AUSTRALIA,RECRUITMENT CANADA IMMIGRATION CANADA,"Australia, Canada, Other International Location(s)",12 - 17 Years,12,17,14.5,5,3,True
ABROAD JOB REQUIREMENT - WINDOW ADMIN - CANADA  /  AUSTRALIA,RECRUITMENT CANADA IMMIGRATION CANADA,"Dubai, Australia, Canada, Hong Kong, New Zealand",12 - 17 Years,12,17,14.5,5,5,True
"""Lead Python Developer""",Sparks To Ideas,Ahmedabad,0 - 2 Years,0,2,1.0,2,1,False
Software Developer  ( .net Developer ),Ambetronics Engineers Pvt. Ltd.,Mumbai,1 - 3 Years,1,3,2.0,2,1,False
"IT Auditor , IT Audit",Next Step Associates,Mumbai,5 - 9 Years,5,9,7.0,4,1,False
IT Manager,HUE SERVICE PRIVATE LIMITED,"Kolkata, Guwahati, Patna, Ranchi, Bhubaneshwar",5 - 10 Years,5,10,7.5,5,5,False
IT sales,Hiring Plus,"Mumbai, Navi Mumbai, Thane",1 - 2 Years,1,2,1.5,1,3,False
IT Recruiter,SKYWALK VISA IMMIGRATION SERVICES LLP,Unknown,2 - 7 Years,2,7,4.5,5,1,False
IT Manager,Sunil,"Mauritius, New Zealand, Thailand",2 - 7 Years,2,7,4.5,5,3,True
IT Manager,Sunil,"Turkey, Bangladesh, Indonesia, Malaysia, Maldives",2 - 7 Years,2,7,4.5,5,5,False
IT Manager,Sunil,"Dubai, Fujairah, Ras Al Khaimah, Sharjah, Um Al Qaiwan",2 - 7 Years,2,7,4.5,5,5,True
IT Manager,Sunil,"Eastern Province, Jeddah, Abu Dhabi, Al Ain, Ajman",2 - 7 Years,2,7,4.5,5,5,False
IT Manager,Sunil,"Kuwait City, Beirut, Muscat, Doha, Al Madina Al Munawarah",2 - 7 Years,2,7,4.5,5,5,False
IT Manager,Sunil,"Kolkata, Malda, Midnapur, Raniganj, Siliguri",2 - 7 Years,2,7,4.5,5,5,False
IT Manager,Sunil,"Asansol, Burdwan, Durgapur, Haldia, Kharagpur",2 - 7 Years,2,7,4.5,5,5,False
IT Manager,Sunil,"Haldwani, Haridwar, Nainital, Roorkee, Rudrapur",2 - 7 Years,2,7,4.5,5,5,False
IT Manager,Sunil,"Muzaffarnagar, Noida/Greater Noida, Saharanpur, Varanasi / Banaras, Dehradun",2 - 7 Years,2,7,4.5,5,5,False
IT Manager,Sunil,"Kanpur, Lucknow, Mathura, Meerut, Moradabad",2 - 7 Years,2,7,4.5,5,5,False
IT Manager,Sunil,"Allahabad, Bareilly, Faizabad, Ghaziabad, Gorakhpur",2 - 7 Years,2,7,4.5,5,5,False
IT Manager,Sunil,"Tuticorin, Vellore, Agartala, Agra, Aligarh",2 - 7 Years,2,7,4.5,5,5,False
IT Manager,Sunil,"Ooty, Salem, Thanjavur, Tirunelveli, Trichy",2 - 7 Years,2,7,4.5,5,5,False
IT Manager,Sunil,"Erode, Hosur, Kanniyakumari, Madurai, Nagercoil",2 - 7 Years,2,7,4.5,5,5,False
IT Manager,Sunil,"Udaipur, Gangtok, Chennai, Coimbatore, Cuddalore",2 - 7 Years,2,7,4.5,5,5,False
IT Manager,Sunil,"Bikaner, Jaipur, Jaisalmer, Jodhpur, Kota",2 - 7 Years,2,7,4.5,5,5,False
IT Supervisor,Personnel Selexions - Executive Search,Unknown,2 - 7 Years,2,7,4.5,5,1,False
IT Manager,Sunil,"Patiala, Ropar, Sangrur, Ajmer, Alwar",2 - 7 Years,2,7,4.5,5,5,False
IT Manager,Sunil,"Moga, Mohali, Muktsar, Nawanshahr, Pathankot",2 - 7 Years,2,7,4.5,5,5,True
IT Manager,Sunil,"Bathinda, Faridkot, Fatehgarh Sahib, Ferozepur, Gurdaspur",2 - 7 Years,2,7,4.5,5,5,False
IT Manager,Sunil,"Paradeep, Puri, Rourkela, Amritsar, Batala",2 - 7 Years,2,7,4.5,5,5,False
IT Manager,Sunil,"Hoshiarpur, Jalandhar, Kapurthala, Ludhiana, Mansa",2 - 7 Years,2,7,4.5,5,5,False
IT Manager,Sunil,"Aizawal, Dimapur, Kohima, Bhubaneshwar, Cuttack",2 - 7 Years,2,7,4.5,5,5,False
IT Manager,Sunil,"Vasai, Virar, Yavatmal, Imphal, Shillong",2 - 7 Years,2,7,4.5,5,5,False
IT Manager,Sunil,"Aurangabad, Bhiwandi, Bhusawal, Buldhana, Chandrapur",2 - 7 Years,2,7,4.5,5,5,True
IT Manager,Sunil,"Pune, Sangli, Satara, Solapur, Thane",2 - 7 Years,2,7,4.5,5,5,False
IT Manager,Sunil,"Mumbai, Nagpur, Nanded, Nasik, Navi Mumbai",2 - 7 Years,2,7,4.5,5,5,False
IT Manager,Sunil,"Kalyan, Kolhapur, Latur, Lonavala, Mahabaleshwar",2 - 7 Years,2,7,4.5,5,5,False
IT Manager,Sunil,"Dhule, Dombivali, Gondia, Hinganghat, Jalgaon",2 - 7 Years,2,7,4.5,5,5,False
IT Manager,Sunil,"Indore, Jabalpur, Katni, Ratlam, Sagar",2 - 7 Years,2,7,4.5,5,5,False
IT Manager,Sunil,"Palakkad, Thiruvananthapuram, Thrissur, Bhopal, Gwalior",2 - 7 Years,2,7,4.5,5,5,False
IT Manager,Sunil,"Jammu, Kargil, Kathua, Kupwara, Leh",2 - 7 Years,2,7,4.5,5,5,False
IT Manager,Sunil,"Kaithal, Karnal, Kurukshetra, Mahendergarh, Narnaul",2 - 7 Years,2,7,4.5,5,5,True
IT Manager,Sunil,"Gulbarga, Hubli, Kolar, Mangalore, Mysoru / Mysore",2 - 7 Years,2,7,4.5,5,5,False
IT Manager,Sunil,"Bellary, Bengaluru / Bangalore, Bidar, Davanagere, Dharwad",2 - 7 Years,2,7,4.5,5,5,False
IT Manager,Sunil,"Calicut/ Kozhikode, Cochin/ Kochi/ Ernakulam, Kannur, Kollam, Kottayam",2 - 7 Years,2,7,4.5,5,5,False
IT Manager,Sunil,"Bokaro, Dhanbad, Jamshedpur, Ranchi, Belgaum",2 - 7 Years,2,7,4.5,5,5,False
IT Manager,Sunil,"Panchkula, Panipat, Rewari, Rohtak, Sirsa",2 - 7 Years,2,7,4.5,5,5,False
IT Manager,Sunil,"Poonch, Pulwama, Rajouri, Srinagar, Udhampur",2 - 7 Years,2,7,4.5,5,5,False
IT Manager,Sunil,"Dalhousie, Dharamshala, Hamirpur, Kangra, Kasauli",2 - 7 Years,2,7,4.5,5,5,False
IT Manager,Sunil,"Una, Anantnag, Baramulla, Budgam, Doda",2 - 7 Years,2,7,4.5,5,5,False
IT Manager,Sunil,"Nalagarh, Parwanoo, Shimla, Sirmaur, Solan",2 - 7 Years,2,7,4.5,5,5,False
IT Manager,Sunil,"Kinnaur, Kullu, Lahaul & Spiti, Manali, Mandi",2 - 7 Years,2,7,4.5,5,5,False
IT Manager,Sunil,"Fatehabad, Gurgaon, Hissar, Jhajjar, Jind",2 - 7 Years,2,7,4.5,5,5,False
IT Manager,Sunil,"Sonepat, Yamunanagar, Baddi, Bilaspur, Chamba",2 - 7 Years,2,7,4.5,5,5,False
IT Manager,Sunil,"Wankaner, Ambala, Bhiwani, Chandigarh, Faridabad",2 - 7 Years,2,7,4.5,5,5,False
IT Manager,Sunil,"Surat, Surendranagar, Vadodara, Valsad -Vapi, Veraval",2 - 7 Years,2,7,4.5,5,5,False
IT Manager,Sunil,"Navsari, Palanpur, Patan, Porbandar, Rajkot",2 - 7 Years,2,7,4.5,5,5,False
IT Manager,Sunil,"Kalol, Kandla, Mehsana, Morbi, Nadiad",2 - 7 Years,2,7,4.5,5,5,False
IT Manager,Sunil,"Satna, Ujjain, Ahmednagar, Akola, Amravati",2 - 7 Years,2,7,4.5,5,5,False
IT Manager,Sunil,"Godhra, Gondal, Jamnagar, Jetpur, Junagarh",2 - 7 Years,2,7,4.5,5,5,False
IT Manager,Sunil,"Muzaffarpur, Patna, Bhilai-Durg, Bilaspur, Raipur",2 - 7 Years,2,7,4.5,5,5,False
IT Manager,Sunil,"Dahod, Deesa, Gandhidham, Gandhinagar, Gir",2 - 7 Years,2,7,4.5,5,5,False
IT Manager,Sunil,"Ankleshwar, Bharuch, Bhavnagar, Bhuj, Botad",2 - 7 Years,2,7,4.5,5,5,False
IT Manager,Sunil,"Panjim/Panaji, Vasco Da Gama, Ahmedabad, Amreli, Anand",2 - 7 Years,2,7,4.5,5,5,False
IT Manager,Sunil,"Nizamabad, Ongole, Rajahmundry, Sangareddy, Srikakulam",2 - 7 Years,2,7,4.5,5,5,False
IT Manager,Sunil,"Bongaigaon, Dhubri, Dibrugarh, Guwahati, Jorhat",2 - 7 Years,2,7,4.5,5,5,False
IT Manager,Sunil,"Tirupati, Vijayawada, Visakhapatnam, Warangal, Itanagar",2 - 7 Years,2,7,4.5,5,5,False
IT Manager,Sunil,"Adilabad, Anantapur, Chittoor, Cuddapah, Guntakal",2 - 7 Years,2,7,4.5,5,5,False
IT Manager,Sunil,"Kurnool, Mahabubnagar, Medak, Nalgonda, Nellore",2 - 7 Years,2,7,4.5,5,5,False
IT Manager,Sunil,"Guntur, Hyderabad/Secunderabad, Kakinada, Karimnagar, Khammam",2 - 7 Years,2,7,4.5,5,5,False
IT Executive,Electrobrain modern technologies pvt ltd,"Delhi, Delhi/NCR, Gurgaon, Noida/Greater Noida, Pune",3 - 8 Years,3,8,5.5,5,5,False
IT Manager,Sunil,"Sibsagar, Silchar, Tezpur, Tinsukia, Bhagalpur",2 - 7 Years,2,7,4.5,5,5,True
IT Engineer,Anshi Immigration Private Limited,Canada,4 - 9 Years,4,9,6.5,5,1,True
Director Sales IT,One World,Bengaluru / Bangalore,8 - 13 Years,8,13,10.5,5,1,False
Business Development Manager - IT System Integrator,Suhail Nizamuddin shaikh,"Hyderabad/Secunderabad, Kolkata, Mumbai, Noida/Greater Noida, Pune",5 - 10 Years,5,10,7.5,5,5,False
Senior US IT Recuiter - J48498,SAMPOORNA CONSULTANTS PVT LTD,Hyderabad/Secunderabad,5 - 10 Years,5,10,7.5,5,1,False
IT Recruiter Job In AUSTRALIA,ADAL IMMIGRATIONS LLP,Australia,3 - 8 Years,3,8,5.5,5,1,True
Technical Recruiter - J48371,SAMPOORNA CONSULTANTS PVT LTD,Chennai,8 - 12 Years,8,12,10.0,4,1,False
IT Recruiter Job  In GERMANY,ADAL IMMIGRATIONS LLP,Germany,5 - 10 Years,5,10,7.5,5,1,True
IT Project Manager,Advance Consultancy Services,Other City(s) in Saudi Arabia,2 - 7 Years,2,7,4.5,5,1,True
IT Recruiter Job  In USA,ADAL IMMIGRATIONS LLP,Unknown,8 - 13 Years,8,13,10.5,5,1,False
IT Recruiter Job In MALTA,ADAL IMMIGRATIONS LLP,Unknown,3 - 8 Years,3,8,5.5,5,1,True
IT - Sales Execuitve,Whitekraaft Solutions LLP,"Bengaluru / Bangalore, Hyderabad/Secunderabad, Pune",5 - 9 Years,5,9,7.0,4,3,False
IT Recruiter Job In  USA,ADAL IMMIGRATIONS LLP,Unknown,5 - 10 Years,5,10,7.5,5,1,True
IT Recruiter Required In UAE,ADAL IMMIGRATIONS LLP,Unknown,7 - 12 Years,7,12,9.5,5,1,False
IT architecture immigrate to Canada,World Overseas immigration Consultancy Pvt Ltd,"Australia, Canada",2 - 7 Years,2,7,4.5,5,2,True
IT Delivery Managers,KALINDI IMMIGRATION CONSULTANTS PRIVATE LIMITED,"Australia, Canada, Singapore, UK",1 - 6 Years,1,6,3.5,5,4,True
IT-PMO - J48513,SAMPOORNA CONSULTANTS PVT LTD,Mumbai,2 - 4 Years,2,4,3.0,2,1,False
IT Support Engineer,Victory Educational Consultants,"Los Angeles, Chicago, Washington DC, Detroit, Newark",6 - 11 Years,6,11,8.5,5,5,False
IT Software Engineer,SKYWALK VISA IMMIGRATION SERVICES LLP,"Australia, Canada, New Zealand, Singapore",1 - 6 Years,1,6,3.5,5,4,True
IT Engineer Job In USA,CLOUD VISA IMMIGRATION LLP,Canada,3 - 8 Years,3,8,5.5,5,1,True
IT Project Managers,Navyah Immigration Services Private Limited,"Australia, Canada",2 - 5 Years,2,5,3.5,3,2,True
IT Project Manager,Professional HR Solutions,"Ahmedabad, Bengaluru / Bangalore, Chennai, Delhi/NCR, Kolkata",5 - 10 Years,5,10,7.5,5,5,False
Urgent Hiring For IT Analyst,Rahul jatav,"Calicut/ Kozhikode, Cochin/ Kochi/ Ernakulam, Kottayam, Thiruvananthapuram, Thrissur",0 - 3 Years,0,3,1.5,3,5,False
IT Support Engineer,Viraj Infotech,Mumbai,1 - 2 Years,1,2,1.5,1,1,False
Urgent Hiring For IT Analyst,Rahul jatav,"Bengaluru / Bangalore, Dharwad, Gulbarga, Hubli, Mangalore",0 - 3 Years,0,3,1.5,3,5,False
IT project Internship,Sparks To Ideas,Ahmedabad,0 - 1 Years,0,1,0.5,1,1,False
Urgent Hiring For IT Analyst,Rahul jatav,"Mumbai, Pune, Aurangabad, Nagpur, Solapur",0 - 3 Years,0,3,1.5,3,5,False
IT Recruiter Job  In NEW ZEALAND,ADAL IMMIGRATIONS LLP,New Zealand,3 - 8 Years,3,8,5.5,5,1,True
"""Area Sales Executive  /  Manager""",HUE SERVICE PRIVATE LIMITED,"Kolkata, Guwahati, Patna, Raipur, Ranchi",4 - 9 Years,4,9,6.5,5,5,False
IT  Software Engineer Job In MALTA,PRIMEX IMMIGRATION LLP,Unknown,4 - 8 Years,4,8,6.0,4,1,True
IT Sales Manager – Government Tender,HUE SERVICE PRIVATE LIMITED,"Kolkata, Patna, Other City(s) in Jharkhand, Bhubaneshwar",5 - 10 Years,5,10,7.5,5,4,False
IT  Software Engineer Job In CANADA,PRIMEX IMMIGRATION LLP,Canada,3 - 8 Years,3,8,5.5,5,1,True
IT  Software Engineer Job In GERMANY,PRIMEX IMMIGRATION LLP,Germany,5 - 10 Years,5,10,7.5,5,1,True
Senior Technical Support Expert  /  International Customer Support,White Horse Manpower Consultancy P Ltd,Bengaluru / Bangalore,1 - 6 Years,1,6,3.5,5,1,False
Senior Director - Talent Acquisition,One World,"Gurgaon, Hyderabad/Secunderabad, Pune",20 - 25 Years,20,25,22.5,5,3,False
IT  Software Engineer Job In DUBAI,PRIMEX IMMIGRATION LLP,Dubai,3 - 8 Years,3,8,5.5,5,1,True
Fresher - Technical Support  /  Voice  /  Bpo  /  2022 Passed out,White Horse Manpower Consultancy P Ltd,Bengaluru / Bangalore,0 - 3 Years,0,3,1.5,3,1,False
IT Recruiters For IT Companies in White Horse Manpower BLR,White Horse Manpower Consultancy P Ltd,Bengaluru / Bangalore,1 - 5 Years,1,5,3.0,4,1,False
"""Urgent Job opening Software Engineer In Canada""",Anshi Immigration Private Limited,Canada,4 - 9 Years,4,9,6.5,5,1,True
HR Recruiter,TALENTPULL AND INFRASTRUCTURE PRIVATE LIMITED,Mohali,1 - 4 Years,1,4,2.5,3,1,False
IT  Software Engineer Required In  NEW ZEALAND,PRIMEX IMMIGRATION LLP,New Zealand,4 - 8 Years,4,8,6.0,4,1,True
SAP   Fresher walk  @ Valen IT,Valen IT Solutions,"Hyderabad/Secunderabad, Vijayawada, Visakhapatnam",0 - 3 Years,0,3,1.5,3,3,False
MBA Fresher walk in  @ Valen IT,Valen IT Solutions,"Hyderabad/Secunderabad, Vijayawada, Visakhapatnam",0 - 3 Years,0,3,1.5,3,3,False
Remote Jobs In IT For Golang DevOps GCP Engineer,White Horse Manpower Consultancy P Ltd,Bengaluru / Bangalore,4 - 9 Years,4,9,6.5,5,1,False
IT Manager Jobs in Canada  /  Australia  /  New Zealand,Srv global consultancy Pvt Ltd,"Australia, Canada, New Zealand",3 - 8 Years,3,8,5.5,5,3,True
US ITRecruiter,Maven Workforce Pvt. Ltd.,Noida/Greater Noida,5 - 10 Years,5,10,7.5,5,1,False
SAP Consultant,Times Business Solution,"Mumbai, Navi Mumbai, Thane",3 - 8 Years,3,8,5.5,5,3,False
"""HR Recruitment Executive""",Pragmatic Solution,Delhi,0 - 2 Years,0,2,1.0,2,1,False
Software Engineer Jobs in Germany,TALENT VAULT LLP,"Australia, Canada, New Zealand, Singapore",3 - 8 Years,3,8,5.5,5,4,True
AWS with DataBricks exp in Spark / Pyspark Bangalore IT company,White Horse Manpower Consultancy P Ltd,Bengaluru / Bangalore,4 - 9 Years,4,9,6.5,5,1,False
"IT Jobs in CCNA Networking ,  Facets ,  JavaJava Full stack ,  Node JS",White Horse Manpower Consultancy P Ltd,"Bengaluru / Bangalore, Chennai, Hyderabad/Secunderabad",3 - 8 Years,3,8,5.5,5,3,False
Business Development Manager,Suhail Nizamuddin shaikh,"Ahmedabad, Bengaluru / Bangalore, Chennai, Delhi, Delhi/NCR",5 - 10 Years,5,10,7.5,5,5,False
"IT HELP Desk Pune ,  Bangalore HYD Kolkata 6.2lks",White Horse Manpower Consultancy P Ltd,"Bengaluru / Bangalore, Hyderabad/Secunderabad, Kolkata",1 - 3 Years,1,3,2.0,2,3,False
Fresh Graduates for Technical Support  Voice  IT Help desk  CCNA,White Horse Manpower Consultancy P Ltd,Bengaluru / Bangalore,1 - 5 Years,1,5,3.0,4,1,False
"IT Recruiter  , HR Exicutive , HR manager",New Global Technologies,"Ahmedabad, Chennai, Gurgaon, Kolkata, Noida/Greater Noida",0 - 3 Years,0,3,1.5,3,5,False
Business development executive,Career Job Solution,"Delhi, Noida/Greater Noida, Ghaziabad",3 - 8 Years,3,8,5.5,5,3,False
Digital marketing sales,Career Job Solution,"Delhi, Noida/Greater Noida, Ghaziabad",3 - 8 Years,3,8,5.5,5,3,False
Business Development Management,Career Job Solution,"Delhi, Noida/Greater Noida, Ghaziabad",3 - 8 Years,3,8,5.5,5,3,False
Freelance Recruiters for BPO Hiring WFH,sharda consultancy Services,"Delhi/NCR, Gurgaon, Noida/Greater Noida",1 - 5 Years,1,5,3.0,4,3,False
Sales Development Representative,DANUSH SYSTEMS AND SOLUTIONS,Bengaluru / Bangalore,2 - 4 Years,2,4,3.0,2,1,False
Recruiter  Job In USA,World wide Immigration Service Llp,Unknown,5 - 10 Years,5,10,7.5,5,1,True
Business Development Officers,Navyah Immigration Services Private Limited,"Dubai, Australia, Canada, Singapore",2 - 5 Years,2,5,3.5,3,4,True
"HR Manager , Hr Executive",AppSoft Solutions,"Bengaluru / Bangalore, Chennai, Delhi, Mumbai, Pune",0 - 3 Years,0,3,1.5,3,5,False
"Jobs In IT Sector Oracle Apps EBS-SCM Python ,  React Sapabap / HANA",White Horse Manpower Consultancy P Ltd,"Bengaluru / Bangalore, Chennai, Hyderabad/Secunderabad",3 - 8 Years,3,8,5.5,5,3,False
IT Procurement,HR Jobs Placements,"Ahmedabad, Bengaluru / Bangalore, Chennai, Delhi, Gurgaon",5 - 10 Years,5,10,7.5,5,5,False
"Accounts Manager , Account Manager , Senior Account Manager",MDD Medical Systems India Pvt Ltd,"Gurgaon, Faridabad",6 - 11 Years,6,11,8.5,5,2,False
"IT Jobs in Service  SAP TM PM PP ,  Oracle Apps ,  Pune  Hyderabad",White Horse Manpower Consultancy P Ltd,"Bengaluru / Bangalore, Hyderabad/Secunderabad, Pune",3 - 8 Years,3,8,5.5,5,3,False
Data Administrator,Rahul jatav,"Calicut/ Kozhikode, Cochin/ Kochi/ Ernakulam, Palakkad, Thiruvananthapuram, Thrissur",0 - 3 Years,0,3,1.5,3,5,False
Google Technical Support Executive troubleshooting Voice  Jobs,White Horse Manpower Consultancy P Ltd,"Bengaluru / Bangalore, Hyderabad/Secunderabad, Pune",1 - 6 Years,1,6,3.5,5,3,False
ServiceDesk Voice Support  Active Directory Exp  ticketingtools,White Horse Manpower Consultancy P Ltd,Bengaluru / Bangalore,1 - 5 Years,1,5,3.0,4,1,False
Technical Recruiter | Ludhiana,LifeInsuranceJobs . in,Ludhiana,0 - 3 Years,0,3,1.5,3,1,False
HR Exectuvie,Whitekraaft Solutions LLP,Hyderabad/Secunderabad,0 - 1 Years,0,1,0.5,1,1,False
Recruitment Officer | Ludhiana,LifeInsuranceJobs . in,Ludhiana,0 - 3 Years,0,3,1.5,3,1,False
Director Student placements,SNJ Skye Management Consultant,Kanpur,10 - 15 Years,10,15,12.5,5,1,False
HR Executive- Talent Acquisition | Ludhiana,LifeInsuranceJobs . in,Ludhiana,0 - 3 Years,0,3,1.5,3,1,False
Manager Corporate Relation Placements Engineering College,SNJ Skye Management Consultant,Kanpur,2 - 7 Years,2,7,4.5,5,1,False
Business Development Manager,MOBILE COMMUNICATIONS INDIA PRIVATE LIMITED,"Delhi, Delhi/NCR, Gurgaon, Noida/Greater Noida",2 - 7 Years,2,7,4.5,5,4,False
Enterprise Architect Manager,Ample Leap Cognition,Faridabad,8 - 13 Years,8,13,10.5,5,1,False
Canada # Engineer Manager,Anshi Immigration Private Limited,Canada,4 - 9 Years,4,9,6.5,5,1,True
HR Executive | Ludhiana,LifeInsuranceJobs . in,Ludhiana,0 - 3 Years,0,3,1.5,3,1,False
"""Business Development Executive  ( BDE ) """,Multi fold IT Solutions private limited,"Ambala, Faridabad, Karnal, Panipat, Yamunanagar",1 - 2 Years,1,2,1.5,1,5,False
IT Procurement,HR Jobs Placements,"Hyderabad/Secunderabad, Kolkata, Mumbai, Noida/Greater Noida, Pune",5 - 10 Years,5,10,7.5,5,5,False
Jobs for Aircraft Maintenance at Airport,Akash A,"Bengaluru / Bangalore, Hyderabad/Secunderabad, Vijayawada, Ahmedabad, Gulbarga",0 - 3 Years,0,3,1.5,3,5,False
HR Coordinator,M.gheewala Global HR Consultants,Dubai,3 - 8 Years,3,8,5.5,5,1,True
"""Full Stack Java Developer""",SHREE ADISHAKTHI CONSULTANCY,"Bengaluru / Bangalore, Chennai, Mumbai, Pune",5 - 10 Years,5,10,7.5,5,4,False
Senior Human Resources Consultant,M.gheewala Global HR Consultants,"Chennai, Delhi, Mumbai",8 - 13 Years,8,13,10.5,5,3,False
Cyber Security Analyst jobs in Canada - Australia - Singapore,Srv global consultancy Pvt Ltd,"Australia, Canada",2 - 7 Years,2,7,4.5,5,2,True
"B.E  , B.tech  , Diploma engineer-fresher / trainee",New Global Technologies,"Ahmedabad, Delhi/NCR, Gurgaon, Kolkata, Noida/Greater Noida",0 - 3 Years,0,3,1.5,3,5,False
IT Applications Analyst / Developer,Laxmi Infotech,"Ahmedabad, Gurgaon, Noida/Greater Noida, Chandigarh, Bhubaneshwar",0 - 3 Years,0,3,1.5,3,5,False
"B.E  , B.tech  , Diploma- engineers",New Global Technologies,"Bengaluru / Bangalore, Chennai, Delhi/NCR, Hyderabad/Secunderabad, Pune",0 - 3 Years,0,3,1.5,3,5,False
"L1 , l2 Support Engineer",Laxmi Infotech,"Mumbai, Pune",0 - 3 Years,0,3,1.5,3,2,False
Freshers - B.E - CSE  /  IT  &  MCA Graduates,Laxmi Infotech,"Ahmedabad, Delhi, Gurgaon, Kolkata, Noida/Greater Noida",0 - 3 Years,0,3,1.5,3,5,False
IT Operations Management,HR Jobs Placements,"Hyderabad/Secunderabad, Kolkata, Mumbai, Noida/Greater Noida, Pune",6 - 11 Years,6,11,8.5,5,5,False
"IT Developer , web developer",Laxmi Infotech,"Ahmedabad, Delhi/NCR, Gurgaon, Kolkata, Noida/Greater Noida",0 - 3 Years,0,3,1.5,3,5,False
Marketing Executive,Multi fold IT Solutions private limited,"Amritsar, Bathinda, Jalandhar, Kapurthala, Ludhiana",1 - 3 Years,1,3,2.0,2,5,False
Field Sales Representative,Multi fold IT Solutions private limited,"Faridabad, Panipat, Chandigarh, Jalandhar, Pathankot",0 - 2 Years,0,2,1.0,2,5,False
Ticketing Ushering F & B Executive in Multiplex Theater Jeedimetla,Hungry Bird IT Consulting Services Pvt Ltd,Hyderabad/Secunderabad,0 - 3 Years,0,3,1.5,3,1,False
Receptionist  walk in,Valen IT Solutions,"Hyderabad/Secunderabad, Vijayawada",1 - 3 Years,1,3,2.0,2,2,False
Relationship Officer,STAR CAREER CONSULTANT,"Delhi, Delhi/NCR, Gurgaon, Noida/Greater Noida",2 - 6 Years,2,6,4.0,4,4,False
Oracle Cloud Finance Functional Consultant,Best Infosystems Ltd.,Hyderabad/Secunderabad,6 - 11 Years,6,11,8.5,5,1,False
Finance Analyst,Ample Leap Cognition,Panipat,3 - 8 Years,3,8,5.5,5,1,False
"System Administrator , Server Engineer , Firewall",IT Mantra Techintellect  Private Limited,Kolkata,6 - 11 Years,6,11,8.5,5,1,False
Quality Control Executive,CHEMIX SPECIALITY GASES AND EQUIPMENT,Bengaluru / Bangalore,1 - 3 Years,1,3,2.0,2,1,False
Network  Engineer  Job In NEW ZEALAND,World wide Immigration Service Llp,New Zealand,3 - 8 Years,3,8,5.5,5,1,True
React js Internship in Pune,Maxgen Technologies,"Pune, Jalgaon, Kolhapur, Nagpur, Solapur",0 - 1 Years,0,1,0.5,1,5,False
Laptop Service  /  Repair Engineer,Communications test design india private limited,Bengaluru / Bangalore,1 - 5 Years,1,5,3.0,4,1,False
Java - Sr. Developer  /  Lead - J48539,SAMPOORNA CONSULTANTS PVT LTD,Mumbai,6 - 11 Years,6,11,8.5,5,1,False
Textile Maintaince manager,Kausar Textile Private Limited,Other City(s) in Maharashtra,15 - 20 Years,15,20,17.5,5,1,False
SailPoint Identity Now Developer,LTIMindtree Ltd.,"Bengaluru / Bangalore, Chennai, Hyderabad/Secunderabad, Mumbai, Pune",5 - 8 Years,5,8,6.5,3,5,False
Life Insurance Advisor - High Earning Potential,sreepada visweshwara Rao,Hyderabad/Secunderabad,1 - 6 Years,1,6,3.5,5,1,False
Bank Manage  Job In  GERMANY,ADAL IMMIGRATIONS LLP,Germany,4 - 8 Years,4,8,6.0,4,1,True
OPERATION HEAD / HEAD OF OPERATION  ( Male ),RGRA HUMAN RESOURCE SOLUTIONS,"Delhi, Noida/Greater Noida",10 - 15 Years,10,15,12.5,5,2,False
Administrator,KALINDI IMMIGRATION CONSULTANTS PRIVATE LIMITED,"Australia, Canada, Germany, Singapore",1 - 6 Years,1,6,3.5,5,4,True
NETWORKING SENIOR TECHNICIAN,Pama International,Doha,2 - 5 Years,2,5,3.5,3,1,False
Programmatic L35- Chennai - J48538,SAMPOORNA CONSULTANTS PVT LTD,Chennai,5 - 8 Years,5,8,6.5,3,1,False
Hardware Engineer Job In GERMANY,ADAL IMMIGRATIONS LLP,Germany,4 - 8 Years,4,8,6.0,4,1,True
GM MEP PROJECTS,Suman kumar,"Ahmedabad, Bengaluru / Bangalore, Hyderabad/Secunderabad, Kolkata, Lucknow",20 - 25 Years,20,25,22.5,5,5,False
Website Designer,SKYWALK VISA IMMIGRATION SERVICES LLP,"Australia, New Zealand, Singapore",3 - 8 Years,3,8,5.5,5,3,True
Seo executive,sharda consultancy Services,"Delhi, Gurgaon",1 - 2 Years,1,2,1.5,1,2,False
Inside Sale Representative,Peopleplease Consulting,Mumbai,0 - 3 Years,0,3,1.5,3,1,False
System Software Analyst Jobs in Canada - Australia,Srv global consultancy Pvt Ltd,"Australia, Canada",2 - 7 Years,2,7,4.5,5,2,True
sales executive,Informatics Technologies Pvt. Ltd.,Vadodara,1 - 4 Years,1,4,2.5,3,1,False
Accountant,ENIGMASOFT TECHNOLOGIES PRIVATE LIMITED,Panjim/Panaji,4 - 7 Years,4,7,5.5,3,1,False
MALE BUSY OPERATOR / MALE ACCOUNTANT  ( BUSY Accounting Software ) ​,RGRA HUMAN RESOURCE SOLUTIONS,Delhi,0 - 3 Years,0,3,1.5,3,1,False
"""Asset Management""",Communications test design india private limited,Bengaluru / Bangalore,3 - 5 Years,3,5,4.0,2,1,False
Oracle HCM Payroll Functional Role,Best Infosystems Ltd.,Hyderabad/Secunderabad,6 - 11 Years,6,11,8.5,5,1,False
Payments Operations UK Banking Immediate joining B'lore KPOs,White Horse Manpower Consultancy P Ltd,Bengaluru / Bangalore,2 - 7 Years,2,7,4.5,5,1,False
"Data Engineer  Python Programming  SOLR  SQL Server , MongoDB ,  ETL",White Horse Manpower Consultancy P Ltd,Bengaluru / Bangalore,5 - 10 Years,5,10,7.5,5,1,False
Data Science Internship in Pune,Maxgen Technologies,"Pune, Amravati, Dhule, Sangli, Satara",0 - 1 Years,0,1,0.5,1,5,False
Marketing Specialist – POS ( Point of Sale )  - J48534,SAMPOORNA CONSULTANTS PVT LTD,Pune,2 - 4 Years,2,4,3.0,2,1,False
QA | QC Engineer  Job In LUXEMBOURG,World wide Immigration Service Llp,Unknown,2 - 7 Years,2,7,4.5,5,1,True
Hardware Engineer  Job In  AUSTRALIA,ADAL IMMIGRATIONS LLP,Australia,3 - 8 Years,3,8,5.5,5,1,True
PHP Developer,Eternal HR Services Pvt Ltd,Noida/Greater Noida,3 - 8 Years,3,8,5.5,5,1,False
Urgent Vacancy as Electrical Engineer at Malad w,Job Classify,Mumbai,5 - 10 Years,5,10,7.5,5,1,False
freshers for domestic BPO @Mohali,360 Bytes Tech Venture Private Limited,"Chandigarh, Mohali",0 - 1 Years,0,1,0.5,1,2,False
Software Engineering Specialist ( 41941 ) - JAVA- BLR - J48542,SAMPOORNA CONSULTANTS PVT LTD,Bengaluru / Bangalore,8 - 13 Years,8,13,10.5,5,1,False
Need Python Trainer / Java Trainer / MERN Trainer,apni study class,Lucknow,1 - 3 Years,1,3,2.0,2,1,False
backend engineer SDE -2,KANDPAL CONSULTANT,"Gurgaon, Delhi",3 - 5 Years,3,5,4.0,2,2,False
QA | QC Engineer  Job In MALTA,World wide Immigration Service Llp,Unknown,5 - 10 Years,5,10,7.5,5,1,True
Mern Stack Internship in Ahmedabad,Maxgen Technologies,"Ahmedabad, Bhavnagar, Junagarh, Rajkot, Surendranagar",0 - 1 Years,0,1,0.5,1,5,False
Business Analyst  Job In SINGAPORE,World wide Immigration Service Llp,Singapore,3 - 8 Years,3,8,5.5,5,1,True
show room executive,Informatics Technologies Pvt. Ltd.,Vadodara,1 - 2 Years,1,2,1.5,1,1,False
Head Chef  Job In SINGAPORE,World wide Immigration Service Llp,Singapore,3 - 8 Years,3,8,5.5,5,1,True
Site  Engineer  Job In  CANADA,World wide Immigration Service Llp,Canada,3 - 8 Years,3,8,5.5,5,1,True
Bank Manage  Job In  NEW ZEALAND,ADAL IMMIGRATIONS LLP,New Zealand,3 - 8 Years,3,8,5.5,5,1,True
Pharmacist  Job In SINGAPORE,World wide Immigration Service Llp,Singapore,3 - 8 Years,3,8,5.5,5,1,True
Physician   Job In  CANADA,World wide Immigration Service Llp,Canada,3 - 8 Years,3,8,5.5,5,1,True
Senior HVAC Technician,ASMACS,Dubai,6 - 10 Years,6,10,8.0,4,1,True
Hardware Engineer Job In NEW ZEALAND,ADAL IMMIGRATIONS LLP,New Zealand,4 - 8 Years,4,8,6.0,4,1,True
Software Engineer Job In  NEW ZEALAND,ADAL IMMIGRATIONS LLP,New Zealand,4 - 8 Years,4,8,6.0,4,1,True
PHP Developer Job In  USA,PRIMEX IMMIGRATION LLP,Unknown,5 - 10 Years,5,10,7.5,5,1,True
Canada # Computer Engineers,Anshi Immigration Private Limited,Canada,4 - 9 Years,4,9,6.5,5,1,True
Canada#Database Analyst,Anshi Immigration Private Limited,Canada,4 - 9 Years,4,9,6.5,5,1,True
Java + Angular Developer - J48537,SAMPOORNA CONSULTANTS PVT LTD,Mumbai,6 - 10 Years,6,10,8.0,4,1,False
"Stenoghrapher , Executive Assistant / Executive Secretary , PA to MD",Indica Industries Pvt Ltd,"Delhi, Delhi/NCR, Noida/Greater Noida",2 - 7 Years,2,7,4.5,5,3,False
Telecalling,Acme Human Management,Delhi,1 - 5 Years,1,5,3.0,4,1,False
Senior Python Backend Developer - J48527,SAMPOORNA CONSULTANTS PVT LTD,Chennai,5 - 10 Years,5,10,7.5,5,1,False
ACCOUNTANT,Final Round,Kolkata,2 - 5 Years,2,5,3.5,3,1,False
Sr Accountant - Finance - J48507,SAMPOORNA CONSULTANTS PVT LTD,Chennai,7 - 9 Years,7,9,8.0,2,1,False
Remote - Sales Specialist,TALPRO INDIA PRIVATE LIMITED,Mumbai,0 - 5 Years,0,5,2.5,5,1,False
Looker Architect,Best Infosystems Ltd.,"Bengaluru / Bangalore, Pune",10 - 15 Years,10,15,12.5,5,2,False
ZR_961_JOB_Senior .net Backend  /  Full Stack Developers,TALPRO INDIA PRIVATE LIMITED,Bengaluru / Bangalore,5 - 15 Years,5,15,10.0,10,1,False
Data Scientist,SKYWALK VISA IMMIGRATION SERVICES LLP,New Zealand,2 - 7 Years,2,7,4.5,5,1,True
Business Analayst,Waytogo Consultants Pvt Ltd,Bengaluru / Bangalore,5 - 8 Years,5,8,6.5,3,1,False
"Tender Specialist , E-Tendering , ETendering , Tender Officer",Peopleplease Consulting,Mumbai,3 - 8 Years,3,8,5.5,5,1,False
React js Internship in Ahmedabad,Maxgen Technologies,"Pune, Jalgaon, Kolhapur, Nasik, Solapur",0 - 1 Years,0,1,0.5,1,5,False
T24 Tester,Best Infosystems Ltd.,Bengaluru / Bangalore,5 - 10 Years,5,10,7.5,5,1,False
Prompt Engineer  ( Python ) - Con - GGN - J48524,SAMPOORNA CONSULTANTS PVT LTD,Gurgaon,4 - 6 Years,4,6,5.0,2,1,False
Business Analyst - J48526,SAMPOORNA CONSULTANTS PVT LTD,Mumbai,2 - 4 Years,2,4,3.0,2,1,False
Network  Engineer  Job   In LUXEMBOURG,World wide Immigration Service Llp,Unknown,5 - 10 Years,5,10,7.5,5,1,False
QA | QC Engineer  Job In LUXEMBOURG,World wide Immigration Service Llp,Unknown,5 - 10 Years,5,10,7.5,5,1,True
Jasper Reports with Oracle DB experience consultant  Contarct,White Horse Manpower Consultancy P Ltd,Bengaluru / Bangalore,7 - 12 Years,7,12,9.5,5,1,False
Business Development Officer,HUE SERVICE PRIVATE LIMITED,"Other City(s) in Bihar, Other City(s) in Orrisa, Other City(s) in West Bengal",3 - 5 Years,3,5,4.0,2,3,False
Laptop chip level technician,Communications test design india private limited,Bengaluru / Bangalore,2 - 7 Years,2,7,4.5,5,1,False
QA | QC Engineer  Job In SINGAPORE,World wide Immigration Service Llp,Singapore,3 - 8 Years,3,8,5.5,5,1,True
Sales  Manager  Job In SINGAPORE,World wide Immigration Service Llp,Singapore,3 - 8 Years,3,8,5.5,5,1,True
Supply Chain Manager Job In SINGAPORE,World wide Immigration Service Llp,Singapore,3 - 8 Years,3,8,5.5,5,1,True
Mechanical   Engineer  Job In SINGAPORE,World wide Immigration Service Llp,Singapore,3 - 8 Years,3,8,5.5,5,1,True
Sales  Manager  Job In  LUXEMBOURG,World wide Immigration Service Llp,Unknown,3 - 8 Years,3,8,5.5,5,1,True
Digital Account Executive,ENIGMASOFT TECHNOLOGIES PRIVATE LIMITED,Panjim/Panaji,0 - 3 Years,0,3,1.5,3,1,False
"Aircraft Mechanical maintenance engineer , Electrical Engineer",Akash A,"Tirupati, Vijayawada, Visakhapatnam, Itanagar, Dibrugarh",0 - 3 Years,0,3,1.5,3,5,False
Project Technician,ENIGMASOFT TECHNOLOGIES PRIVATE LIMITED,Panjim/Panaji,1 - 2 Years,1,2,1.5,1,1,False
HR Executive,ENIGMASOFT TECHNOLOGIES PRIVATE LIMITED,Panjim/Panaji,1 - 3 Years,1,3,2.0,2,1,False
Supply Chain Intern,ENIGMASOFT TECHNOLOGIES PRIVATE LIMITED,Panjim/Panaji,0 - 1 Years,0,1,0.5,1,1,False
Electronics Hardware Engineer,ENIGMASOFT TECHNOLOGIES PRIVATE LIMITED,Panjim/Panaji,3 - 5 Years,3,5,4.0,2,1,False
Adobe Campaign Developer,LTIMindtree Ltd.,Bengaluru / Bangalore,6 - 8 Years,6,8,7.0,2,1,False
Mechanical Engineer,ENIGMASOFT TECHNOLOGIES PRIVATE LIMITED,Panjim/Panaji,4 - 5 Years,4,5,4.5,1,1,False
Junior Architect,ENIGMASOFT TECHNOLOGIES PRIVATE LIMITED,Panjim/Panaji,2 - 6 Years,2,6,4.0,4,1,False
Software Engineers,KALINDI IMMIGRATION CONSULTANTS PRIVATE LIMITED,"Australia, Canada, Singapore, UK, Other International Location(s)",1 - 6 Years,1,6,3.5,5,5,True
CMS Developer - J48521,SAMPOORNA CONSULTANTS PVT LTD,Mumbai,1 - 3 Years,1,3,2.0,2,1,False
"""BIG DATA ENGINEER"" , Big Data Developer , Big Data with Python",Peopleplease Consulting,Mumbai,1 - 6 Years,1,6,3.5,5,1,False
"Digital Marketing Specialist , Marketing  &  Inside Sales Exec.",Peopleplease Consulting,Mumbai,0 - 3 Years,0,3,1.5,3,1,False
.net + Angular Developer - J48535,SAMPOORNA CONSULTANTS PVT LTD,Mumbai,1 - 6 Years,1,6,3.5,5,1,False
Insurance  Advisor  Job In AUSTRALIA,ADAL IMMIGRATIONS LLP,Australia,3 - 8 Years,3,8,5.5,5,1,True
MIS Executive | Senior MIS Analyst  Job In MALTA,PRIMEX IMMIGRATION LLP,Unknown,4 - 8 Years,4,8,6.0,4,1,True
Physician   Job In  MALTA,World wide Immigration Service Llp,Unknown,5 - 10 Years,5,10,7.5,5,1,True
3D Designer,ENIGMASOFT TECHNOLOGIES PRIVATE LIMITED,Panjim/Panaji,1 - 2 Years,1,2,1.5,1,1,False
"Team LeaderAccounts  &  Finance ,  7 to 9 yrs in South Korea  ( Busan )",Mangalam Placments Pvt. ltd.,South Korea,7 - 9 Years,7,9,8.0,2,1,False
Research  &  Business Lead,ENIGMASOFT TECHNOLOGIES PRIVATE LIMITED,Panjim/Panaji,3 - 4 Years,3,4,3.5,1,1,False
T24 Developer,Advance Consultancy Services,Other City(s) in Saudi Arabia,10 - 15 Years,10,15,12.5,5,1,True
Network Engineer Job In  AUSTRALIA,ADAL IMMIGRATIONS LLP,Australia,3 - 8 Years,3,8,5.5,5,1,True
PLC Programmer,Sudeep Consultancy,"Pune, Other City(s) in Maharashtra",3 - 5 Years,3,5,4.0,2,2,False
Software Engineer  Job In MALTA,World wide Immigration Service Llp,Unknown,5 - 10 Years,5,10,7.5,5,1,True
Web Designer  Job  In MALTA,PRIMEX IMMIGRATION LLP,Unknown,3 - 8 Years,3,8,5.5,5,1,False
Software Devloper,SHREE ADISHAKTHI CONSULTANCY,Patna,2 - 5 Years,2,5,3.5,3,1,False
QA | QC Engineer  Job In ABROAD,World wide Immigration Service Llp,"Canada, Singapore",2 - 7 Years,2,7,4.5,5,2,True
Python Internship in Ahmedabad,Maxgen Technologies,"Ahmedabad, Anand, Gandhinagar, Mehsana, Surat",0 - 1 Years,0,1,0.5,1,5,False
Canada# Power Plant Engineer,Anshi Immigration Private Limited,Canada,4 - 9 Years,4,9,6.5,5,1,True
GCP Devops,Vividhataa,Navi Mumbai,6 - 8 Years,6,8,7.0,2,1,False
Sr. Manager - Fresh Produce Supply Chain,Ample Leap Cognition,"Mumbai, Navi Mumbai",7 - 12 Years,7,12,9.5,5,2,False
MEP Supervisor,ASMACS,Dubai,10 - 12 Years,10,12,11.0,2,1,True
Leading Pvt Bank Hiring For CONSUMER DURABLE DEPT  ( inhouse job ),TALENT HUB JOBS,Mumbai,0 - 3 Years,0,3,1.5,3,1,False
Camunda 8   Java   Spring Boot Developer  /  Lead,TALPRO INDIA PRIVATE LIMITED,Bengaluru / Bangalore,5 - 15 Years,5,15,10.0,10,1,False
Web Designer  Job  In AUSTRALIA,PRIMEX IMMIGRATION LLP,Australia,4 - 8 Years,4,8,6.0,4,1,True
Hardware Engineer Job In GERMANY,ADAL IMMIGRATIONS LLP,Germany,5 - 10 Years,5,10,7.5,5,1,True
Software Engineer  Job In NEW ZEALAND,World wide Immigration Service Llp,New Zealand,5 - 10 Years,5,10,7.5,5,1,True
Information Technology Managers Job For Canada,Anshi Immigration Private Limited,Canada,5 - 10 Years,5,10,7.5,5,1,True
Accounts Receivable Accountant - J48536,SAMPOORNA CONSULTANTS PVT LTD,Chennai,5 - 8 Years,5,8,6.5,3,1,False
Accountant - Finance - J48508,SAMPOORNA CONSULTANTS PVT LTD,Chennai,4 - 6 Years,4,6,5.0,2,1,False
Sr Data Engineer Consultant,TALPRO INDIA PRIVATE LIMITED,Mumbai,5 - 10 Years,5,10,7.5,5,1,False
Remote - Sales Associate,TALPRO INDIA PRIVATE LIMITED,Bengaluru / Bangalore,0 - 5 Years,0,5,2.5,5,1,False
Vmc Machine Operator,SKYWALK VISA IMMIGRATION SERVICES LLP,"Australia, New Zealand, Singapore",2 - 7 Years,2,7,4.5,5,3,True
Engineering Manager - J48528,SAMPOORNA CONSULTANTS PVT LTD,Chennai,10 - 14 Years,10,14,12.0,4,1,False
React Js Internship in Ahmedabad,Maxgen Technologies,"Ahmedabad, Anand, Gandhinagar, Mehsana, Surat",0 - 1 Years,0,1,0.5,1,5,False
Project Manager  ( Highways ),Suman kumar,"Bhopal, Imphal, Shillong, Bhubaneshwar, Jaipur",10 - 15 Years,10,15,12.5,5,5,False
Network  Engineer Job In CANADA,World wide Immigration Service Llp,Canada,5 - 10 Years,5,10,7.5,5,1,True
Remote -Oracle EBS Technical Consultant,TALPRO INDIA PRIVATE LIMITED,Bengaluru / Bangalore,5 - 15 Years,5,15,10.0,10,1,False
E Commerce Manager,Vivek Flowers Exports India Private Limited,Other City(s) in Tamil Nadu,4 - 8 Years,4,8,6.0,4,1,False
Middleware Expert,Advance Consultancy Services,Other City(s) in Saudi Arabia,6 - 11 Years,6,11,8.5,5,1,True
Surveillance Executive,Jalan Infrastructure Llp,Kolkata,3 - 6 Years,3,6,4.5,3,1,False
T24 Developer,Best Infosystems Ltd.,Bengaluru / Bangalore,5 - 10 Years,5,10,7.5,5,1,False
Java Full Stack Developer - J48525,SAMPOORNA CONSULTANTS PVT LTD,Mumbai,3 - 5 Years,3,5,4.0,2,1,False
OFFSHORE STEWARD,Hireglow Elegant Overseas International Private Limite,"Bengaluru / Bangalore, Mumbai, Mangalore, Kannur",0 - 2 Years,0,2,1.0,2,4,False
Purchase  Manager  Job In SINGAPORE,World wide Immigration Service Llp,Singapore,3 - 8 Years,3,8,5.5,5,1,True
Site  Engineer  Job In  SINGAPORE,World wide Immigration Service Llp,Singapore,3 - 8 Years,3,8,5.5,5,1,True
"PLC  PROGRAMMMER  ,  ( MITSUBISHI )  , 5 - 10 Yr , 8 - 10 L , NOIDA",Swastic Enterprises,"Delhi/NCR, Noida/Greater Noida",5 - 10 Years,5,10,7.5,5,2,False
Senior Manager,Aakash Kamal Placement,Mauritius,5 - 8 Years,5,8,6.5,3,1,False
Alternate investment  &  Finance manager,Aakash Kamal Placement,Mauritius,5 - 8 Years,5,8,6.5,3,1,False
Cyber Security Engineer - J48515,SAMPOORNA CONSULTANTS PVT LTD,Pune,4 - 9 Years,4,9,6.5,5,1,False
"Software Delivery Manager , Senior Software Engineer",Peopleplease Consulting,Mumbai,3 - 8 Years,3,8,5.5,5,1,False
Python Internship in Ahmedabad,Maxgen Technologies,"Ahmedabad, Bhavnagar, Junagarh, Rajkot, Surendranagar",0 - 1 Years,0,1,0.5,1,5,False
".net Developer , Software Engineer",SHREE ADISHAKTHI CONSULTANCY,Bengaluru / Bangalore,4 - 6 Years,4,6,5.0,2,1,False
Brand Representative,Echobooom Management & Entrepreneurial Solutions Pvt.Ltd.,Guwahati,0 - 2 Years,0,2,1.0,2,1,False
Human resources manager,Sarosh Karki,"Bangladesh, Nepal, Pakistan, Philippines",10 - 15 Years,10,15,12.5,5,4,False
Business Development Manager,Suhail Nizamuddin shaikh,"Hyderabad/Secunderabad, Kolkata, Mumbai, Noida/Greater Noida, Pune",5 - 10 Years,5,10,7.5,5,5,False
Radiologist,Space COnsultant,Other City(s) in Kerala,1 - 6 Years,1,6,3.5,5,1,False
Unit Sales Manager / Uttrakhand,TEKPILLAR SERVICES PRIVATE LIMITED,"Dehradun, Haldwani, Haridwar, Nainital, Other City(s) in Uttaranchal",2 - 5 Years,2,5,3.5,3,5,False
92433 - Java Full Stack Lead Developer,TALPRO INDIA PRIVATE LIMITED,Bengaluru / Bangalore,5 - 15 Years,5,15,10.0,10,1,False
Java Developer  ( 4-8 Yrs )  - J48512,SAMPOORNA CONSULTANTS PVT LTD,Mumbai,4 - 6 Years,4,6,5.0,2,1,False
Hardware  Engineer  Job In UAE,World wide Immigration Service Llp,Unknown,3 - 8 Years,3,8,5.5,5,1,True
Software Engineer  Job In UAE,World wide Immigration Service Llp,Unknown,3 - 8 Years,3,8,5.5,5,1,True
Logistic Manager Job In GERMANY,ADAL IMMIGRATIONS LLP,Germany,4 - 8 Years,4,8,6.0,4,1,True
Azure Devops + Azure Cloud,Vividhataa,Navi Mumbai,7 - 12 Years,7,12,9.5,5,1,False
MEP Technician,ASMACS,Dubai,5 - 8 Years,5,8,6.5,3,1,True
NAV / BC Operations Functional Consultant  ( Fresher )  - J48500,SAMPOORNA CONSULTANTS PVT LTD,Pune,0 - 3 Years,0,3,1.5,3,1,False
Abroad job Opportunity Computer Engineer,Anshi Immigration Private Limited,Canada,4 - 9 Years,4,9,6.5,5,1,True
"Software Developer , Senior Software Developer",Anshi Immigration Private Limited,Canada,3 - 8 Years,3,8,5.5,5,1,True
Developer :c ++with linux Bangalore Job,White Horse Manpower Consultancy P Ltd,Bengaluru / Bangalore,5 - 10 Years,5,10,7.5,5,1,False
MIS Executive | Senior MIS Analyst  Job In CANADA,PRIMEX IMMIGRATION LLP,Canada,5 - 10 Years,5,10,7.5,5,1,True
Research and Development Executive,One World,"Delhi/NCR, Gurgaon",5 - 10 Years,5,10,7.5,5,2,False
Site Engineer Jobs in Germany,TALENT VAULT LLP,"Australia, Canada, New Zealand, Singapore",2 - 7 Years,2,7,4.5,5,4,True
Application Specialist,SKYWALK VISA IMMIGRATION SERVICES LLP,"Australia, Singapore",2 - 7 Years,2,7,4.5,5,2,True
ABAP Programmer,Aadis Jobs,Agra,3 - 8 Years,3,8,5.5,5,1,False
PHP Developer Job In   CANADA,PRIMEX IMMIGRATION LLP,Canada,6 - 11 Years,6,11,8.5,5,1,True
Software Engineer Job In GERMANY,ADAL IMMIGRATIONS LLP,Germany,7 - 12 Years,7,12,9.5,5,1,True
Android Intership in Ahmedabad,Maxgen Technologies,"Ahmedabad, Bhavnagar, Junagarh, Rajkot, Surendranagar",0 - 1 Years,0,1,0.5,1,5,False
Automation Tester  ( 3-5 Yrs )  - J48531,SAMPOORNA CONSULTANTS PVT LTD,Mumbai,3 - 5 Years,3,5,4.0,2,1,False
RIGGER,ASMACS,Other City(s) in Saudi Arabia,5 - 7 Years,5,7,6.0,2,1,True
Sales  Manager  Job In  GERMANY,World wide Immigration Service Llp,Germany,5 - 10 Years,5,10,7.5,5,1,True
Senior Executive - SAP SD - J48495,SAMPOORNA CONSULTANTS PVT LTD,Mumbai,3 - 6 Years,3,6,4.5,3,1,False
Site  Engineer  Job In  GERMANY,World wide Immigration Service Llp,Germany,5 - 10 Years,5,10,7.5,5,1,True
Software Engineer  Job In GERMANY,World wide Immigration Service Llp,Germany,5 - 10 Years,5,10,7.5,5,1,True
"HR Recruiter ,  2 To 4 Years In Mumbai  ( Worli )",Mangalam Placments Pvt. ltd.,Mumbai,2 - 4 Years,2,4,3.0,2,1,False
Doctor  Job In LUXEMBOURG,World wide Immigration Service Llp,Unknown,5 - 10 Years,5,10,7.5,5,1,True
Teamcenter Technical Architect,Techno Wise,"Bengaluru / Bangalore, Pune",12 - 15 Years,12,15,13.5,3,2,False
network and harware executive,Resource Power Consultancy,Kolkata,2 - 3 Years,2,3,2.5,1,1,False
Data Science Internship in Pune,Maxgen Technologies,"Pune, Jalgaon, Kolhapur, Nasik, Solapur",0 - 1 Years,0,1,0.5,1,5,False
Lead Java  AWS Developer,TALPRO INDIA PRIVATE LIMITED,Bengaluru / Bangalore,5 - 15 Years,5,15,10.0,10,1,False
Network  Engineer Job In NEW ZEALAND,World wide Immigration Service Llp,New Zealand,4 - 8 Years,4,8,6.0,4,1,True
FP & A Functional Consultant – Temenos T24,Best Infosystems Ltd.,Bengaluru / Bangalore,5 - 10 Years,5,10,7.5,5,1,False
Innovation Engineer  ( Gen AI )  - BLR - AM - J48523,SAMPOORNA CONSULTANTS PVT LTD,Bengaluru / Bangalore,7 - 10 Years,7,10,8.5,3,1,False
Site engineer,Sudeep Consultancy,"Ahmedabad, Vadodara, Mumbai, Nasik, Pune",1 - 5 Years,1,5,3.0,4,5,False
Analytical Research development -Documentation- ARD,US,Mumbai,3 - 7 Years,3,7,5.0,4,1,False
Android Developer - J48517,SAMPOORNA CONSULTANTS PVT LTD,Mumbai,5 - 7 Years,5,7,6.0,2,1,False
Web development Internship in Ahmedabad,Maxgen Technologies,"Ahmedabad, Anand, Gandhinagar, Mehsana, Surat",0 - 1 Years,0,1,0.5,1,5,False
"""Full Stack Java Developer""",SHREE ADISHAKTHI CONSULTANCY,"Bengaluru / Bangalore, Chennai, Mumbai, Pune",5 - 8 Years,5,8,6.5,3,4,False
Purchase  Manager  Job In ABROAD,World wide Immigration Service Llp,"Canada, Singapore",2 - 7 Years,2,7,4.5,5,2,True
Network  Engineer Job In UAE,World wide Immigration Service Llp,Unknown,3 - 8 Years,3,8,5.5,5,1,True
"Sales  &  Marketing , Sales Adviser , Sales Executive , Business Advisor",Acme Human Management,"Delhi, Noida/Greater Noida, Ghaziabad, Mathura, Meerut",1 - 5 Years,1,5,3.0,4,5,False
SAP Project Manager,eSkillport HR Services Pvt. Ltd,Kolkata,12 - 15 Years,12,15,13.5,3,1,False
Factory Manager Operation Head Garments Textile,Suman kumar,"Delhi/NCR, Mumbai, Surat, Aurangabad, Ludhiana",10 - 15 Years,10,15,12.5,5,5,False
Human Resource Manager,MIGPOINT SERVICES,"Delhi, Delhi/NCR, Gurgaon",2 - 5 Years,2,5,3.5,3,3,False
Accounts Executive Direct Taxation,Ample Leap Cognition,Faridabad,3 - 8 Years,3,8,5.5,5,1,False
Full Stack developer Node JS and React - J48503,SAMPOORNA CONSULTANTS PVT LTD,Pune,6 - 10 Years,6,10,8.0,4,1,False
PHP Developer Job In MALTA,PRIMEX IMMIGRATION LLP,Unknown,3 - 8 Years,3,8,5.5,5,1,True
Hardware Engineer  Job In  MALTA,ADAL IMMIGRATIONS LLP,Unknown,3 - 8 Years,3,8,5.5,5,1,True
Gynecologist vacancy at Nagpur  ( Mahaashtra ),Space COnsultant,Nagpur,1 - 6 Years,1,6,3.5,5,1,False
Cashier Job In AUSTRALIA,ADAL IMMIGRATIONS LLP,Australia,4 - 8 Years,4,8,6.0,4,1,True
HVAC  Engineer  Job In GERMANY,World wide Immigration Service Llp,Germany,5 - 10 Years,5,10,7.5,5,1,True
Financial Advisor   Job In GERMANY,World wide Immigration Service Llp,Germany,4 - 8 Years,4,8,6.0,4,1,True
Physician   Job In GERMANY,World wide Immigration Service Llp,Germany,5 - 10 Years,5,10,7.5,5,1,True
Front Office Executive  Job In GERMANY,World wide Immigration Service Llp,Germany,5 - 10 Years,5,10,7.5,5,1,True
Network  Engineer  Job In GERMANY,World wide Immigration Service Llp,Germany,5 - 10 Years,5,10,7.5,5,1,True
Specialist - Software Engineering,LTIMindtree Ltd.,Pune,7 - 10 Years,7,10,8.5,3,1,False
Java Kotlin-Senior Specialist - Software Engineering,LTIMindtree Ltd.,Gurgaon,6 - 9 Years,6,9,7.5,3,1,False
Senior Software Engineer QA Automation - J48489,SAMPOORNA CONSULTANTS PVT LTD,Pune,6 - 8 Years,6,8,7.0,2,1,False
UX | UI Designer Job In POLAND,EXOTIC EXPERT SOLUTIONS LLP,Unknown,4 - 8 Years,4,8,6.0,4,1,True
Web Designer  Job  In NEW ZEALAND,PRIMEX IMMIGRATION LLP,New Zealand,5 - 10 Years,5,10,7.5,5,1,True
VMC Programmer,Corporate destination,Noida/Greater Noida,4 - 9 Years,4,9,6.5,5,1,False
NAV / BC Operations Functional Consultant - J47015,SAMPOORNA CONSULTANTS PVT LTD,Pune,8 - 13 Years,8,13,10.5,5,1,False
"Developer VBA Automation ,  SAP Scripting ,  Python  RPA  Bangalore",White Horse Manpower Consultancy P Ltd,Bengaluru / Bangalore,4 - 8 Years,4,8,6.0,4,1,False
Manager Facilities  &  Administration  ( Only Ex-Servicemen ),Suman kumar,"Delhi/NCR, Kolkata, Ranchi, Jaipur, Lucknow",10 - 15 Years,10,15,12.5,5,5,False
Import / Export Agent,Pdm Extrusions Private Limited,Delhi,2 - 4 Years,2,4,3.0,2,1,False
Cyber Security Training In Ahmedabad,Sparks To Ideas,"Ahmedabad, Bhavnagar, Botad, Junagarh, Rajkot",0 - 1 Years,0,1,0.5,1,5,False
Platform Engineering: Azure DevOps Engineer,TALPRO INDIA PRIVATE LIMITED,Bengaluru / Bangalore,5 - 15 Years,5,15,10.0,10,1,False
Workday Adaptive Planning - Consultant - BLR - J48486,SAMPOORNA CONSULTANTS PVT LTD,Bengaluru / Bangalore,4 - 7 Years,4,7,5.5,3,1,False
Python internship in Ahmedabad,Maxgen Technologies,"Ahmedabad, Anand, Gandhinagar, Mehsana, Surat",0 - 1 Years,0,1,0.5,1,5,False
Automation Tester  ( 1-3 Yrs )  - J48530,SAMPOORNA CONSULTANTS PVT LTD,Mumbai,1 - 3 Years,1,3,2.0,2,1,False
Director Business Management,Sarosh Karki,"Nepal, Singapore, South Africa, South Korea",10 - 15 Years,10,15,12.5,5,4,True
"""Accounts executive"" , Accountant , Assistant Accountant",Acme Human Management,"Delhi, Delhi/NCR",2 - 5 Years,2,5,3.5,3,2,False
"""Account Manager""",Job Classify,Mumbai,3 - 7 Years,3,7,5.0,4,1,False
"( MS )  , Ophthalmology",Space COnsultant,Other City(s) in Karnataka,0 - 3 Years,0,3,1.5,3,1,False
"Sales And Business Development Executive ,  in Gujarat",Mangalam Placments Pvt. ltd.,Other City(s) in Gujarat,2 - 5 Years,2,5,3.5,3,1,False
""" Computer Operator""",PUNYAM ACADEMY PRIVATE LIMITED,Ahmedabad,0 - 3 Years,0,3,1.5,3,1,False
"""Admin Officer""",Etrust Travel & Placements Pvt Ltd,Unknown,4 - 9 Years,4,9,6.5,5,1,False
Java Tech Lead,Maven Workforce Pvt. Ltd.,"Bengaluru / Bangalore, Pune, Bhubaneshwar",4 - 9 Years,4,9,6.5,5,3,False
Software Engineer Job In UAE,PRIMEX IMMIGRATION LLP,Unknown,5 - 10 Years,5,10,7.5,5,1,True
Software Engineer  Job In AUSTRALIA,World wide Immigration Service Llp,Australia,5 - 10 Years,5,10,7.5,5,1,True
Network  Engineer  Job In AUSTRALIA,World wide Immigration Service Llp,Australia,5 - 10 Years,5,10,7.5,5,1,True
UX | UI Designer Job In GERMANY,EXOTIC EXPERT SOLUTIONS LLP,Germany,5 - 10 Years,5,10,7.5,5,1,True
SQL AND ORACLE DATABASE DEVELOPER,Advance Consultancy Services,Other City(s) in Saudi Arabia,6 - 8 Years,6,8,7.0,2,1,True
Java Lead - Gurgaon - J48484,SAMPOORNA CONSULTANTS PVT LTD,Gurgaon,8 - 12 Years,8,12,10.0,4,1,False
Hardware Engineer Job In NEW ZEALAND,ADAL IMMIGRATIONS LLP,New Zealand,3 - 8 Years,3,8,5.5,5,1,True
Java Fullstack  ( UI Heavy )  -P8 - J48372,SAMPOORNA CONSULTANTS PVT LTD,Hyderabad/Secunderabad,15 - 18 Years,15,18,16.5,3,1,False
Network Engineer Job In GERMANY,ADAL IMMIGRATIONS LLP,Germany,5 - 10 Years,5,10,7.5,5,1,True
Machine learning Internship in Ahmedabad,Maxgen Technologies,"Ahmedabad, Bhavnagar, Junagarh, Rajkot, Surendranagar",0 - 1 Years,0,1,0.5,1,5,False
Data Engineer - J48492,SAMPOORNA CONSULTANTS PVT LTD,Pune,3 - 4 Years,3,4,3.5,1,1,False
MIS Executive | Senior MIS Analyst  Job In GERMANY,PRIMEX IMMIGRATION LLP,Germany,3 - 8 Years,3,8,5.5,5,1,True
Sales  Manager  Job In DUBAI,World wide Immigration Service Llp,Dubai,2 - 7 Years,2,7,4.5,5,1,True
Nephrologist,Space COnsultant,Other City(s) in Punjab,1 - 6 Years,1,6,3.5,5,1,False
React js Internship in Ahmedabad,Maxgen Technologies,"Ahmedabad, Anand, Gandhinagar, Mehsana, Surat",0 - 1 Years,0,1,0.5,1,5,False
Data Science Internship in Ahmedabad,Maxgen Technologies,"Ahmedabad, Anand, Gandhinagar, Mehsana, Surat",0 - 1 Years,0,1,0.5,1,5,False
Fullstak Developer,SHREE ADISHAKTHI CONSULTANCY,"Bengaluru / Bangalore, Chennai, Mumbai, Pune",4 - 6 Years,4,6,5.0,2,4,False
QA /  QC Engineer Jobs in Dubai,TALENT VAULT LLP,"Australia, Canada, New Zealand, Singapore",3 - 8 Years,3,8,5.5,5,4,True
UX | UI Designer  Job In QATAR,EXOTIC EXPERT SOLUTIONS LLP,Other City(s) in Qatar,4 - 8 Years,4,8,6.0,4,1,True
Salesforce Administrator - J48278,SAMPOORNA CONSULTANTS PVT LTD,Chennai,3 - 5 Years,3,5,4.0,2,1,False
Network Engineer Job In  GERMANY,PRIMEX IMMIGRATION LLP,Germany,3 - 8 Years,3,8,5.5,5,1,True
PHP Developer Job In  GERMANY,PRIMEX IMMIGRATION LLP,Germany,3 - 8 Years,3,8,5.5,5,1,True
Software Engineer Job In UAE,ADAL IMMIGRATIONS LLP,Unknown,3 - 8 Years,3,8,5.5,5,1,True
Network  Engineer  Job In Dubai,World wide Immigration Service Llp,Dubai,2 - 7 Years,2,7,4.5,5,1,True
MIS Executive Job in USA,CLOUD VISA IMMIGRATION LLP,Unknown,3 - 7 Years,3,7,5.0,4,1,True
Hardware Engineer Job in USA,CLOUD VISA IMMIGRATION LLP,Unknown,3 - 7 Years,3,7,5.0,4,1,True
Hardware Engineer Job  In GERMANY,ADAL IMMIGRATIONS LLP,Germany,4 - 8 Years,4,8,6.0,4,1,True
QA | QC Engineer  Job In GULF,World wide Immigration Service Llp,"Abu Dhabi, Dubai",4 - 8 Years,4,8,6.0,4,2,True
Java Lead - J48482,SAMPOORNA CONSULTANTS PVT LTD,Mumbai,8 - 12 Years,8,12,10.0,4,1,False
ABAP TOWER LEAD,eSkillport HR Services Pvt. Ltd,Kolkata,15 - 20 Years,15,20,17.5,5,1,False
Adobe Campaign Developer,LTIMindtree Ltd.,Navi Mumbai,3 - 6 Years,3,6,4.5,3,1,False
Emergency Medicine Doctor  Job In GERMANY,World wide Immigration Service Llp,Germany,5 - 10 Years,5,10,7.5,5,1,True
Java Kotlin- Senior Specialist - Software Engineering,LTIMindtree Ltd.,Gurgaon,8 - 12 Years,8,12,10.0,4,1,False
Senior Software Engineer Manual QA Engineer - J48490,SAMPOORNA CONSULTANTS PVT LTD,Pune,6 - 8 Years,6,8,7.0,2,1,False
Flutter Internship in Ahmedabad,Maxgen Technologies,"Ahmedabad, Bhavnagar, Junagarh, Rajkot, Surendranagar",0 - 1 Years,0,1,0.5,1,5,False
D365 F and O Finance Functional Consultant  ( Mid to Sr. )  - J48499,SAMPOORNA CONSULTANTS PVT LTD,Pune,5 - 9 Years,5,9,7.0,4,1,False
"Telecaller Jobs Opening at International Airport ,  Bangalore",Akash A,"Bengaluru / Bangalore, Belgaum, Bellary, Gulbarga, Mysoru / Mysore",0 - 3 Years,0,3,1.5,3,5,False
Hardware Engineer Job In UAE,ADAL IMMIGRATIONS LLP,Unknown,3 - 8 Years,3,8,5.5,5,1,True
Network Engineer Jobs in Gulf,TALENT VAULT LLP,"Australia, Canada, New Zealand, Singapore",3 - 8 Years,3,8,5.5,5,4,True
FMCG   Manager  Job In DUBAI,World wide Immigration Service Llp,Dubai,3 - 8 Years,3,8,5.5,5,1,True
"Marketing Executive , Direct Marketing Executive / Officer , Sales",ASSOCIATIVE,Pune,0 - 1 Years,0,1,0.5,1,1,False
"Business Development Executive , Sales  &  Marketing , Sales Executive",ASSOCIATIVE,Pune,0 - 1 Years,0,1,0.5,1,1,False
"Digital Marketing Executive , Marketing Executive",ASSOCIATIVE,Pune,0 - 1 Years,0,1,0.5,1,1,False
React Js Internship At Ahmedabad,Maxgen Technologies,"Ahmedabad, Anand, Gandhinagar, Mehsana, Surat",0 - 1 Years,0,1,0.5,1,5,False
Angular Developer  ( 4-6 Yrs )  - J48533,SAMPOORNA CONSULTANTS PVT LTD,Mumbai,4 - 6 Years,4,6,5.0,2,1,False
Assistant Manager - SAP SD - J48496,SAMPOORNA CONSULTANTS PVT LTD,Mumbai,6 - 9 Years,6,9,7.5,3,1,False
Human Resource Manager  Job In CANADA,World wide Immigration Service Llp,Canada,4 - 8 Years,4,8,6.0,4,1,True
FMCG   Manager  Job In AUSTRALIA,World wide Immigration Service Llp,Australia,5 - 10 Years,5,10,7.5,5,1,True
PHP Developer Job In  POLAND,PRIMEX IMMIGRATION LLP,Unknown,5 - 10 Years,5,10,7.5,5,1,True
Quantitative Trader - J48242B,SAMPOORNA CONSULTANTS PVT LTD,Bengaluru / Bangalore,2 - 5 Years,2,5,3.5,3,1,False
UX | UI Designer Job In DUBAI,EXOTIC EXPERT SOLUTIONS LLP,Dubai,5 - 10 Years,5,10,7.5,5,1,True
Software Deve Cloud Gaming  Data Engineering ERP QA Auto Jobs,White Horse Manpower Consultancy P Ltd,Bengaluru / Bangalore,5 - 10 Years,5,10,7.5,5,1,False
Hotel Manager Jobs In  GERMANY,PRIMEX IMMIGRATION LLP,Germany,3 - 8 Years,3,8,5.5,5,1,True
Financial Advisor   Job In USA,World wide Immigration Service Llp,Unknown,5 - 8 Years,5,8,6.5,3,1,True
QA / QC Engineer Job in Dubai,CLOUD VISA IMMIGRATION LLP,Dubai,3 - 7 Years,3,7,5.0,4,1,True
Service Engineer,Waytogo Consultants Pvt Ltd,Bengaluru / Bangalore,1 - 4 Years,1,4,2.5,3,1,False
Data Scientist Job in Canada,EXOTIC EXPERT SOLUTIONS LLP,Canada,3 - 7 Years,3,7,5.0,4,1,True
Software Engineer Jobs in  Abroad,TALENT VAULT LLP,"Australia, Canada, New Zealand, Singapore",3 - 8 Years,3,8,5.5,5,4,True
Lead Platform Engineer  ( Azure Kubernetes Services ),TALPRO INDIA PRIVATE LIMITED,Bengaluru / Bangalore,5 - 15 Years,5,15,10.0,10,1,False
Software Engineer Hiring For AUSTRALIA,ADAL IMMIGRATIONS LLP,Australia,5 - 10 Years,5,10,7.5,5,1,True
Hardware Engineer Hiring For AUSTRALIA,ADAL IMMIGRATIONS LLP,Australia,5 - 10 Years,5,10,7.5,5,1,True
Hardware  Engineer  Job In USA,World wide Immigration Service Llp,Unknown,5 - 10 Years,5,10,7.5,5,1,True
"ERP Software Engineer , Software Developer",ExponentJobs,Unknown,5 - 9 Years,5,9,7.0,4,1,False
Network  Engineer  Job In  GULF,World wide Immigration Service Llp,"Abu Dhabi, Dubai",4 - 8 Years,4,8,6.0,4,2,True
Required HR Manager,Sparks To Ideas,Ahmedabad,0 - 1 Years,0,1,0.5,1,1,False
Electrical Testing Technician,ASMACS,Other City(s) in Saudi Arabia,3 - 5 Years,3,5,4.0,2,1,True
Radiologist,Space COnsultant,Agra,1 - 6 Years,1,6,3.5,5,1,False
Procurement  Manager  Job In ABROAD,World wide Immigration Service Llp,"Canada, Singapore",2 - 7 Years,2,7,4.5,5,2,True
Sr. Executive  /  Asst. Manager  ( Apparel Sales )  @ Sunrise,Space COnsultant,"Bengaluru / Bangalore, Chennai, Delhi, Mumbai",4 - 9 Years,4,9,6.5,5,4,False
SAP FI Application Lead,eSkillport HR Services Pvt. Ltd,Kolkata,8 - 10 Years,8,10,9.0,2,1,False
Audience Platform Lead- Salesforce Data Cloud - J48483,SAMPOORNA CONSULTANTS PVT LTD,"Bengaluru / Bangalore, Gurgaon, Mumbai, Pune",7 - 10 Years,7,10,8.5,3,4,False
Carpenter,ASMACS,Dubai,3 - 5 Years,3,5,4.0,2,1,True
c# Developer - J48502,SAMPOORNA CONSULTANTS PVT LTD,Mumbai,3 - 6 Years,3,6,4.5,3,1,False
Golang Developer - J48509,SAMPOORNA CONSULTANTS PVT LTD,Mumbai,2 - 4 Years,2,4,3.0,2,1,False
Network Engineer,Sunbridge Solutions  Opc Private Limited,"Germany, Ireland, Netherlands, New Zealand, Singapore",2 - 7 Years,2,7,4.5,5,5,True
Software Engineer Job In NEW ZEALAND,ADAL IMMIGRATIONS LLP,New Zealand,4 - 8 Years,4,8,6.0,4,1,True
Oracle CC & B Techno / Functional Consultant For Immediate joining,White Horse Manpower Consultancy P Ltd,Other City(s) in Saudi Arabia,5 - 10 Years,5,10,7.5,5,1,True
CONSULTANT - SAP BUSINESS ONE,Options & Ideas,Kolkata,6 - 11 Years,6,11,8.5,5,1,False
"""Chartered Accountant"" , C.A. , CA",Next Step Associates,Unknown,2 - 4 Years,2,4,3.0,2,1,False
MANAGER – PLANNING  &  BILLING,Suman kumar,"Delhi/NCR, Hyderabad/Secunderabad, Kolkata, Pune, Lucknow",15 - 20 Years,15,20,17.5,5,5,False
Marketing Analyst - Remote - US Market,EDGESYS INC.,"Bengaluru / Bangalore, Delhi/NCR, Mumbai, Noida/Greater Noida, Pune",4 - 9 Years,4,9,6.5,5,5,False
Java Kotlin-Senior Specialist - Software Engineering,LTIMindtree Ltd.,Gurgaon,8 - 12 Years,8,12,10.0,4,1,False
Software  Engineer  Required In ABROAD,World wide Immigration Service Llp,"Dubai, Canada, Germany",2 - 7 Years,2,7,4.5,5,3,True
"""Angular Developer"" , Software Developer",SHREE ADISHAKTHI CONSULTANCY,Bengaluru / Bangalore,5 - 8 Years,5,8,6.5,3,1,False
Power Platform Developer,D B Consultancy,"Bengaluru / Bangalore, Pune",5 - 10 Years,5,10,7.5,5,2,False
"Finance Manager , Jobs in Abroad",TALENT VAULT LLP,"Australia, Canada, New Zealand, Singapore",3 - 8 Years,3,8,5.5,5,4,True
Store Head,Ample Leap Cognition,"Chennai, Hosur, Other City(s) in Tamil Nadu",11 - 15 Years,11,15,13.0,4,3,False
Admin Manager  Job In HONG KONG,PRIMEX IMMIGRATION LLP,Hong Kong,5 - 10 Years,5,10,7.5,5,1,True
Network  Engineer  Job In  NEW ZEALAND,World wide Immigration Service Llp,New Zealand,5 - 10 Years,5,10,7.5,5,1,True
Network Engineer   Job In POLAND,EXOTIC EXPERT SOLUTIONS LLP,Unknown,5 - 10 Years,5,10,7.5,5,1,True
Network Engineer Job In USA,ADAL IMMIGRATIONS LLP,Unknown,5 - 10 Years,5,10,7.5,5,1,True
PHP Developer Job  In HONG KONG,PRIMEX IMMIGRATION LLP,Hong Kong,3 - 8 Years,3,8,5.5,5,1,False
QA | QC Engineer  Job In NEW ZEALAND,World wide Immigration Service Llp,New Zealand,4 - 8 Years,4,8,6.0,4,1,True
Angular Developer  ( 2-3 Yrs )  - J48532,SAMPOORNA CONSULTANTS PVT LTD,Mumbai,2 - 3 Years,2,3,2.5,1,1,False
TPRM - A Con / Con / Manager - J48494,SAMPOORNA CONSULTANTS PVT LTD,Bengaluru / Bangalore,2 - 7 Years,2,7,4.5,5,1,False
Field Sales,Mart2Global,Ahmedabad,1 - 5 Years,1,5,3.0,4,1,False
PHP Developer Job In  MALTA,PRIMEX IMMIGRATION LLP,Unknown,8 - 13 Years,8,13,10.5,5,1,True
Quantitative Trader - J48242A,SAMPOORNA CONSULTANTS PVT LTD,Bengaluru / Bangalore,2 - 5 Years,2,5,3.5,3,1,False
"""network engineer""",Next Step Associates,Ahmedabad,2 - 6 Years,2,6,4.0,4,1,False
BSE / FC-finance sector-orissa,LINEUP MANPOWER SOLUTIONS PRIVATE LIMTED,"Bhubaneshwar, Cuttack, Rourkela, Other City(s) in Orrisa",1 - 3 Years,1,3,2.0,2,4,False
Teacher  Job In NETHERLANDS,EXOTIC EXPERT SOLUTIONS LLP,Netherlands,5 - 10 Years,5,10,7.5,5,1,True
Anesthesiologist ( For medical college ),Space COnsultant,Other City(s) in Uttar Pradesh,0 - 3 Years,0,3,1.5,3,1,False
Mechanical Engineer Overseas job,SKYWALK VISA IMMIGRATION SERVICES LLP,"Australia, Canada, Germany, Netherlands",2 - 7 Years,2,7,4.5,5,4,True
"""c"" , c ++",KANDPAL CONSULTANT,"Ahmedabad, Bengaluru / Bangalore, Chennai, Delhi, Hyderabad/Secunderabad",4 - 5 Years,4,5,4.5,1,5,False
Network Engineer   Job In NETHERLANDS,EXOTIC EXPERT SOLUTIONS LLP,Netherlands,5 - 10 Years,5,10,7.5,5,1,True
Hardware Engineer Job In MALTA,ADAL IMMIGRATIONS LLP,Unknown,5 - 10 Years,5,10,7.5,5,1,True
Android Internship in Ahmedabad,Maxgen Technologies,"Ahmedabad, Anand, Gandhinagar, Mehsana, Surat",0 - 1 Years,0,1,0.5,1,5,False
FIX - Java developer,Element Skill,"Bengaluru / Bangalore, Hyderabad/Secunderabad, Mumbai, Pune",5 - 10 Years,5,10,7.5,5,4,False
MIS Executive | Senior MIS Analyst  Job In UAE,PRIMEX IMMIGRATION LLP,Unknown,3 - 8 Years,3,8,5.5,5,1,True
Sales  /  Marketing Managers,Navyah Immigration Services Private Limited,"Australia, Canada, Hong Kong, New Zealand",2 - 7 Years,2,7,4.5,5,4,True
Azure Infrastructure Architect - J48247A,SAMPOORNA CONSULTANTS PVT LTD,Bengaluru / Bangalore,20 - 25 Years,20,25,22.5,5,1,False
Network Engineer Job In  UAE,PRIMEX IMMIGRATION LLP,Unknown,3 - 8 Years,3,8,5.5,5,1,True
c ++ Routing Developer,Element Skill,"Bengaluru / Bangalore, Hyderabad/Secunderabad, Mumbai, Pune",5 - 10 Years,5,10,7.5,5,4,False
Doctor  Job In SINGAPORE,World wide Immigration Service Llp,Singapore,3 - 8 Years,3,8,5.5,5,1,True
Electrician,ASMACS,Dubai,4 - 6 Years,4,6,5.0,2,1,True
Lead Analyst- Semiconductor,Element Skill,Pune,5 - 10 Years,5,10,7.5,5,1,False
Microsoft Dynamics NAV / BC Techno Funcitonal Consultant - J48441,SAMPOORNA CONSULTANTS PVT LTD,Pune,8 - 13 Years,8,13,10.5,5,1,False
UX | UI Designer Job In AUSTRALIA,EXOTIC EXPERT SOLUTIONS LLP,Australia,3 - 8 Years,3,8,5.5,5,1,True
PHP Developer Job In UAE,PRIMEX IMMIGRATION LLP,Unknown,3 - 8 Years,3,8,5.5,5,1,True
Hardware Engineer  Job In  DUBAI,ADAL IMMIGRATIONS LLP,Dubai,2 - 7 Years,2,7,4.5,5,1,True
Network Engineer Job In  GERMANY,PRIMEX IMMIGRATION LLP,Germany,4 - 8 Years,4,8,6.0,4,1,True
Team Manager,Anuj saklani,Delhi/NCR,15 - 20 Years,15,20,17.5,5,1,False
"""Java Backend Developer""",KANDPAL CONSULTANT,"Delhi, Delhi/NCR",4 - 8 Years,4,8,6.0,4,2,False
Hardware  Engineer  Job In NEW ZEALAND,World wide Immigration Service Llp,New Zealand,3 - 8 Years,3,8,5.5,5,1,True
MIS Executive | Senior MIS Analyst  Job In HONG KONG,PRIMEX IMMIGRATION LLP,Hong Kong,4 - 8 Years,4,8,6.0,4,1,True
Talent Acquisition Executive,Waytogo Consultants Pvt Ltd,Pune,1 - 2 Years,1,2,1.5,1,1,False
Bank Manage   Job In  MALTA,ADAL IMMIGRATIONS LLP,Unknown,3 - 8 Years,3,8,5.5,5,1,True
Inside sales executive,Waytogo Consultants Pvt Ltd,Hyderabad/Secunderabad,1 - 2 Years,1,2,1.5,1,1,False
.net integration Lead - J48042A,SAMPOORNA CONSULTANTS PVT LTD,Chennai,8 - 13 Years,8,13,10.5,5,1,False
Blockchain Engineer,SKYWALK VISA IMMIGRATION SERVICES LLP,"Australia, New Zealand, Singapore",2 - 7 Years,2,7,4.5,5,3,True
Lead Software Engineer -Python - J48456,SAMPOORNA CONSULTANTS PVT LTD,Chennai,5 - 9 Years,5,9,7.0,4,1,False
Developer  ( Guidewire / Mulesoft ),One World,"Ahmedabad, Bengaluru / Bangalore, Chennai, Gurgaon, Mumbai",5 - 10 Years,5,10,7.5,5,5,False
Warehouse Manager jobs in Canada,TALENT VAULT LLP,"Australia, Canada, New Zealand, Singapore",3 - 8 Years,3,8,5.5,5,4,True
Team  Manager Job In MALTA,ADAL IMMIGRATIONS LLP,Unknown,5 - 10 Years,5,10,7.5,5,1,True
FMCG   Manager  Job In GERMANY,World wide Immigration Service Llp,Germany,3 - 8 Years,3,8,5.5,5,1,True
BDE /  Marketing Analyst @ Remote - #547,EDGESYS INC.,"Ahmedabad, Bengaluru / Bangalore, Delhi/NCR, Mumbai, Pune",5 - 10 Years,5,10,7.5,5,5,False
B2B Sales Officer,TEKPILLAR SERVICES PRIVATE LIMITED,"Amritsar, Bathinda, Chandigarh, Hoshiarpur, Jalandhar",2 - 5 Years,2,5,3.5,3,5,False
Digital Marketing - J46184,SAMPOORNA CONSULTANTS PVT LTD,Mumbai,1 - 5 Years,1,5,3.0,4,1,False
Senior Production Designer - MA - J48348,SAMPOORNA CONSULTANTS PVT LTD,Bengaluru / Bangalore,4 - 7 Years,4,7,5.5,3,1,False
Senior Documentation Specialist,Horizen,Other City(s) in West Bengal,5 - 7 Years,5,7,6.0,2,1,False
Network  Engineer  Job In GERMANY,World wide Immigration Service Llp,Germany,3 - 8 Years,3,8,5.5,5,1,True
Lab Technician Job in Abroad,TALENT VAULT LLP,"Australia, Canada, New Zealand, Singapore",4 - 9 Years,4,9,6.5,5,4,True
Urgent Hiring For Gynecologist UP Agra,Space COnsultant,Other City(s) in Uttar Pradesh,1 - 6 Years,1,6,3.5,5,1,False
FMCG Manager Jobs in Germany,TALENT VAULT LLP,"Australia, Canada, New Zealand, Singapore",3 - 8 Years,3,8,5.5,5,4,True
Sales executive,Waytogo Consultants Pvt Ltd,Hyderabad/Secunderabad,1 - 2 Years,1,2,1.5,1,1,False
FC-finance -Ranchi,LINEUP MANPOWER SOLUTIONS PRIVATE LIMTED,Ranchi,1 - 3 Years,1,3,2.0,2,1,False
Graphic Designer Job in Canada,EXOTIC EXPERT SOLUTIONS LLP,Canada,3 - 7 Years,3,7,5.0,4,1,True
Integration Lead - J48511,SAMPOORNA CONSULTANTS PVT LTD,Hyderabad/Secunderabad,10 - 15 Years,10,15,12.5,5,1,False
Senior PBCS Consultant,TALPRO INDIA PRIVATE LIMITED,Bengaluru / Bangalore,5 - 15 Years,5,15,10.0,10,1,False
PHP Developer Job In  UAE,PRIMEX IMMIGRATION LLP,Unknown,4 - 8 Years,4,8,6.0,4,1,True
Senior Graphic Designer,Career Job Solution,"Mumbai, Nagpur, Navi Mumbai",5 - 10 Years,5,10,7.5,5,3,False
Java Developer,LDT TECHNOLOGY,Other City(s) in Punjab,6 - 10 Years,6,10,8.0,4,1,False
Web Designer  Required In UNITED KINGDOM,PRIMEX IMMIGRATION LLP,Unknown,5 - 10 Years,5,10,7.5,5,1,False
Hardware Engineer Job In USA,ADAL IMMIGRATIONS LLP,Unknown,4 - 8 Years,4,8,6.0,4,1,True
UX | UI Designer Job In  UNITED KINGDOM,EXOTIC EXPERT SOLUTIONS LLP,Unknown,3 - 8 Years,3,8,5.5,5,1,True
Network  Engineer  Job In SINGAPORE,World wide Immigration Service Llp,Singapore,3 - 8 Years,3,8,5.5,5,1,True
Librarian  Job In NEW ZEALAND,EXOTIC EXPERT SOLUTIONS LLP,New Zealand,3 - 8 Years,3,8,5.5,5,1,True
Lab Technician  Job In CANADA,World wide Immigration Service Llp,Canada,4 - 8 Years,4,8,6.0,4,1,True
Purchase  Manager  Job In MALTA,World wide Immigration Service Llp,Unknown,2 - 7 Years,2,7,4.5,5,1,True
Urgent opening for Business Associate Sales Position:,Osaka International,"Delhi, Mumbai, Valsad -Vapi",1 - 3 Years,1,3,2.0,2,3,False
Gifting - Purchase Manager,Suresh Gopalan Acharya,Mumbai,3 - 6 Years,3,6,4.5,3,1,False
Chiller Technician,ASMACS,Dubai,3 - 5 Years,3,5,4.0,2,1,True
Automation Engineer- - J48501,SAMPOORNA CONSULTANTS PVT LTD,"Mumbai, Pune",4 - 7 Years,4,7,5.5,3,2,False
c ++ Developer -  ( Rotational Shift )  - J48518,SAMPOORNA CONSULTANTS PVT LTD,Mumbai,5 - 8 Years,5,8,6.5,3,1,False
Senior Consultant - System Management,LTIMindtree Ltd.,Navi Mumbai,3 - 6 Years,3,6,4.5,3,1,False
SAP Time Off- Software Engineering Professional - J48438,SAMPOORNA CONSULTANTS PVT LTD,Bengaluru / Bangalore,3 - 8 Years,3,8,5.5,5,1,False
SAP Business one,Options & Ideas,Kolkata,0 - 3 Years,0,3,1.5,3,1,False
Remote Oracle EPM ARCS Senior Consultant,TALPRO INDIA PRIVATE LIMITED,Bengaluru / Bangalore,5 - 15 Years,5,15,10.0,10,1,False
Hardware Engineer  Job In  MALTA,ADAL IMMIGRATIONS LLP,Unknown,4 - 8 Years,4,8,6.0,4,1,True
Software Engineer Job In  MALTA,ADAL IMMIGRATIONS LLP,Unknown,3 - 8 Years,3,8,5.5,5,1,True
Business Development Manager,TEKPILLAR SERVICES PRIVATE LIMITED,"Mumbai, Pune, Navi Mumbai, Thane",2 - 7 Years,2,7,4.5,5,4,False
Librarian  Job In SINGAPORE,EXOTIC EXPERT SOLUTIONS LLP,Singapore,5 - 10 Years,5,10,7.5,5,1,True
Finance  Manager  Job  In  USA,PRIMEX IMMIGRATION LLP,Unknown,6 - 11 Years,6,11,8.5,5,1,False
Radiologist,Space COnsultant,Other City(s) in Haryana,1 - 6 Years,1,6,3.5,5,1,False
Network  Engineer  Job In LUXEMBOURG,World wide Immigration Service Llp,Unknown,3 - 8 Years,3,8,5.5,5,1,True
"Punching  &  Lining operator Cum Supervisor ,  Loc- Ghana",ExponentJobs,Unknown,5 - 10 Years,5,10,7.5,5,1,False
Final Year Project Internship,Sparks To Ideas,"Ahmedabad, Bhavnagar, Gandhinagar, Junagarh, Rajkot",0 - 1 Years,0,1,0.5,1,5,False
Prompt Engineer - Con - Bangalore - J48237,SAMPOORNA CONSULTANTS PVT LTD,Bengaluru / Bangalore,4 - 6 Years,4,6,5.0,2,1,False
Hardware Engineer Job In USA,ADAL IMMIGRATIONS LLP,Unknown,5 - 10 Years,5,10,7.5,5,1,True
UX | UI Designer Job In SINGAPORE,EXOTIC EXPERT SOLUTIONS LLP,Singapore,5 - 10 Years,5,10,7.5,5,1,True
PHP Developer Job In USA,PRIMEX IMMIGRATION LLP,Unknown,4 - 8 Years,4,8,6.0,4,1,True
Sales  Manager  Job In GERMANY,World wide Immigration Service Llp,Germany,3 - 8 Years,3,8,5.5,5,1,True
Senior Graphic Designer - JH - J48350,SAMPOORNA CONSULTANTS PVT LTD,Bengaluru / Bangalore,4 - 7 Years,4,7,5.5,3,1,False
DTP Operator,SAPPHIRE INDIA PUBLISHERS PVT. LTD.,Gurgaon,1 - 2 Years,1,2,1.5,1,1,False
Hitachi Storage Administration,LTIMindtree Ltd.,Bengaluru / Bangalore,8 - 12 Years,8,12,10.0,4,1,False
Cobol Developer,Waytogo Consultants Pvt Ltd,Kolkata,3 - 6 Years,3,6,4.5,3,1,False
Senior Oracle FUSION Finance  FUNCTIONAL consultants,Hucon Solutions India Pvt ltd,"Ahmedabad, Bengaluru / Bangalore, Chennai, Delhi, Pune",10 - 15 Years,10,15,12.5,5,5,False
SAP ABAP Consultant,Aadis Jobs,Agra,3 - 8 Years,3,8,5.5,5,1,False
Software Engineer  Job In USA,World wide Immigration Service Llp,Unknown,5 - 10 Years,5,10,7.5,5,1,True
Haryana ( Kalayat Kaithal District ),Space COnsultant,Other City(s) in Haryana,0 - 3 Years,0,3,1.5,3,1,False
MIS Executive | Senior MIS Analyst Job In Australia,CLOUD VISA IMMIGRATION LLP,Australia,3 - 8 Years,3,8,5.5,5,1,True
Electronics Engineer,Sudeep Consultancy,Nasik,3 - 5 Years,3,5,4.0,2,1,False
Software Developer Job in Canada,EXOTIC EXPERT SOLUTIONS LLP,Canada,3 - 7 Years,3,7,5.0,4,1,True
"Spanish Language Instructor , Spanish Language Teacher",SHREE ADISHAKTHI CONSULTANCY,Bengaluru / Bangalore,2 - 5 Years,2,5,3.5,3,1,False
Senior Quality Assurance 3D Artist - J48227,SAMPOORNA CONSULTANTS PVT LTD,"Bengaluru / Bangalore, Chennai",6 - 11 Years,6,11,8.5,5,2,False
.net  API + Azure- ( UK )  - Con- BLR - J48411,SAMPOORNA CONSULTANTS PVT LTD,Bengaluru / Bangalore,5 - 6 Years,5,6,5.5,1,1,False
PHP Developer Required In UNITED KINGDOM,PRIMEX IMMIGRATION LLP,Unknown,5 - 10 Years,5,10,7.5,5,1,False
Marketing Manager,Hardicon Limited,Noida/Greater Noida,4 - 5 Years,4,5,4.5,1,1,False
Customer Service Executive,Suresh Gopalan Acharya,Mumbai,2 - 7 Years,2,7,4.5,5,1,False
Purchase  Manager  Job In POLAND,World wide Immigration Service Llp,Unknown,4 - 8 Years,4,8,6.0,4,1,True
Sales  Manager  Job In POLAND,World wide Immigration Service Llp,Unknown,4 - 8 Years,4,8,6.0,4,1,True
GM MEP PROJECTS,Suman kumar,"Chennai, Gurgaon, Pune, Ahmedabad, Bhopal",10 - 15 Years,10,15,12.5,5,5,False
.net Core Developer - J48505,SAMPOORNA CONSULTANTS PVT LTD,Mumbai,1 - 4 Years,1,4,2.5,3,1,False
Backend Sales Support Executive,Waytogo Consultants Pvt Ltd,Bengaluru / Bangalore,0 - 3 Years,0,3,1.5,3,1,False
SEO Executive,Techno Wise,Ahmedabad,1 - 3 Years,1,3,2.0,2,1,False
Sr Python Developer - J48410,SAMPOORNA CONSULTANTS PVT LTD,Chennai,8 - 13 Years,8,13,10.5,5,1,False
Specialist - Package Implementation,LTIMindtree Ltd.,Chennai,5 - 8 Years,5,8,6.5,3,1,False
Costing Engineer,Multilink Management Consultant Pvt Ltd,Abu Dhabi,10 - 15 Years,10,15,12.5,5,1,False
Network  Engineer Job In POLAND,World wide Immigration Service Llp,Unknown,4 - 8 Years,4,8,6.0,4,1,True
Assistant Manager,TORRENT POWER LIMITED,Ahmedabad,10 - 12 Years,10,12,11.0,2,1,False
Finance  Manager  Required In GERMANY,PRIMEX IMMIGRATION LLP,Germany,4 - 8 Years,4,8,6.0,4,1,True
Area Sales Manager,TEKPILLAR SERVICES PRIVATE LIMITED,"Bikaner, Kota",1 - 5 Years,1,5,3.0,4,2,False
OCI Service Reliability Engineer,TALPRO INDIA PRIVATE LIMITED,Bengaluru / Bangalore,5 - 15 Years,5,15,10.0,10,1,False
"""DIGITAL MARKETING EXECUTIVE""",AMIN MIGRATION LLP,Ahmedabad,1 - 5 Years,1,5,3.0,4,1,False
Service Desk Knowledge Manager - J48409,SAMPOORNA CONSULTANTS PVT LTD,Chennai,8 - 12 Years,8,12,10.0,4,1,False
Machine Learning + Python + Azure - AM -BLR - J48114,SAMPOORNA CONSULTANTS PVT LTD,Bengaluru / Bangalore,7 - 10 Years,7,10,8.5,3,1,False
Power Platform Lead - J48436,SAMPOORNA CONSULTANTS PVT LTD,Hyderabad/Secunderabad,8 - 10 Years,8,10,9.0,2,1,False
IVR Developer,Advance Consultancy Services,Other City(s) in Saudi Arabia,6 - 11 Years,6,11,8.5,5,1,True
PHP Developer Required In GERMANY,PRIMEX IMMIGRATION LLP,Germany,5 - 10 Years,5,10,7.5,5,1,True
Power Platform -Consultant-BLR - J47539A,SAMPOORNA CONSULTANTS PVT LTD,Bengaluru / Bangalore,4 - 7 Years,4,7,5.5,3,1,False
Accountant to work in Andheri East Office,SUDHEENDRA AND COMPANY LLP,Mumbai,2 - 7 Years,2,7,4.5,5,1,False
Snap Logic Developer,SKYWALK VISA IMMIGRATION SERVICES LLP,"Australia, Canada, Singapore",2 - 7 Years,2,7,4.5,5,3,True
"""Enterprise Cloud Architect""",SKYWALK VISA IMMIGRATION SERVICES LLP,"Canada, Singapore, UK",1 - 6 Years,1,6,3.5,5,3,True
Safety Officer,Ample Leap Cognition,Pune,5 - 10 Years,5,10,7.5,5,1,False
"FOUNDRY MANAGER , 8 - 10 Yr , 10 - 12 L , GHAZIABAD",Swastic Enterprises,"Ahmedabad, Delhi/NCR",10 - 12 Years,10,12,11.0,2,2,False
Technical Solution Specialist  Sales Engineer - J48416,SAMPOORNA CONSULTANTS PVT LTD,Pune,7 - 12 Years,7,12,9.5,5,1,False
Graphic Designer - JH - J48349,SAMPOORNA CONSULTANTS PVT LTD,Bengaluru / Bangalore,2 - 4 Years,2,4,3.0,2,1,False
Data Scientist,SKYWALK VISA IMMIGRATION SERVICES LLP,"Canada, Germany",2 - 7 Years,2,7,4.5,5,2,True
Oracle EBS Cloud Apps Technical Architect,LTIMindtree Ltd.,"Ahmedabad, Bengaluru / Bangalore, Chennai, Gurgaon, Kolkata",12 - 15 Years,12,15,13.5,3,5,False
SAP PS Consultant,LTIMindtree Ltd.,"Ahmedabad, Bengaluru / Bangalore, Chennai, Delhi, Hyderabad/Secunderabad",5 - 10 Years,5,10,7.5,5,5,False
Senior Oracle FUSION SCM  FUNCTIONAL consultants,Hucon Solutions India Pvt ltd,"Ahmedabad, Bengaluru / Bangalore, Chennai, Delhi, Pune",10 - 15 Years,10,15,12.5,5,5,False
Director Business Development,Sarosh Karki,"Amreli, Dharamshala, Jammu, Mysoru / Mysore, Bhopal",10 - 15 Years,10,15,12.5,5,5,False
Tech Risk and Regulatory compliance - J48393,SAMPOORNA CONSULTANTS PVT LTD,Mumbai,4 - 9 Years,4,9,6.5,5,1,False
VueJS Tech Lead,Hucon Solutions India Pvt ltd,"Bengaluru / Bangalore, Pune, Bhubaneshwar",10 - 15 Years,10,15,12.5,5,3,False
Cable jointer,Tawakkal Manpower Services,Other City(s) in Saudi Arabia,0 - 3 Years,0,3,1.5,3,1,True
Hardware Engineer Job  In POLAND,ADAL IMMIGRATIONS LLP,Unknown,5 - 10 Years,5,10,7.5,5,1,False
Network  Engineer Job In MALTA,World wide Immigration Service Llp,Unknown,5 - 10 Years,5,10,7.5,5,1,True
UX | UI Designer Required In  SINGAPORE,EXOTIC EXPERT SOLUTIONS LLP,Singapore,5 - 10 Years,5,10,7.5,5,1,True
Orthopaedic required for agra,Space COnsultant,Other City(s) in Uttar Pradesh,1 - 6 Years,1,6,3.5,5,1,False
"""Automation Test Architect""",LTIMindtree Ltd.,"Hyderabad/Secunderabad, Pune",8 - 12 Years,8,12,10.0,4,2,False
Bank Manage   Job In UAE,ADAL IMMIGRATIONS LLP,Unknown,5 - 10 Years,5,10,7.5,5,1,True
Sales  &  Marketing Engineer,Sudeep Consultancy,"Pune, Other City(s) in Maharashtra",0 - 2 Years,0,2,1.0,2,2,False
"Senior Graphic Designer , Graphic Designer",Suresh Gopalan Acharya,Mumbai,5 - 10 Years,5,10,7.5,5,1,False
Workday People Analytics Developer,LTIMindtree Ltd.,"Bengaluru / Bangalore, Delhi/NCR, Hyderabad/Secunderabad, Mumbai, Pune",5 - 8 Years,5,8,6.5,3,5,False
UX DESIGNER JOB IN SINGAPORE,CLOUD VISA IMMIGRATION LLP,Singapore,3 - 8 Years,3,8,5.5,5,1,True
Data Modelling Engineer with Azure Databricks Exp Redshift,White Horse Manpower Consultancy P Ltd,Bengaluru / Bangalore,5 - 10 Years,5,10,7.5,5,1,False
.net Architect - J48506,SAMPOORNA CONSULTANTS PVT LTD,Mumbai,10 - 15 Years,10,15,12.5,5,1,False
.net Developer - J48514,SAMPOORNA CONSULTANTS PVT LTD,Mumbai,1 - 3 Years,1,3,2.0,2,1,False
Lead Data Engineer - J48412,SAMPOORNA CONSULTANTS PVT LTD,Chennai,8 - 13 Years,8,13,10.5,5,1,False
PHP Developer Hiring For GERMANY,PRIMEX IMMIGRATION LLP,Germany,4 - 8 Years,4,8,6.0,4,1,True
SAP Data Integration,eSkillport HR Services Pvt. Ltd,"Kolkata, Mumbai",8 - 12 Years,8,12,10.0,4,2,False
Openings For Virtual Relationship Manager For Bank - Thane,Hy Fly Consultancy,"Hyderabad/Secunderabad, Mumbai, Pune, Navi Mumbai, Thane",1 - 6 Years,1,6,3.5,5,5,False
Sales Manager Jobs in Gulf,TALENT VAULT LLP,"Australia, Canada, New Zealand, Singapore",4 - 9 Years,4,9,6.5,5,4,True
ServiceNow CSM / ITSM Lead - J48395,SAMPOORNA CONSULTANTS PVT LTD,Chennai,10 - 15 Years,10,15,12.5,5,1,False
Power Platform Consultant - J48437,SAMPOORNA CONSULTANTS PVT LTD,Hyderabad/Secunderabad,4 - 7 Years,4,7,5.5,3,1,False
Site Merchandising Assistant - J47254A,SAMPOORNA CONSULTANTS PVT LTD,Bengaluru / Bangalore,5 - 8 Years,5,8,6.5,3,1,False
Website and Digital Marketing Sales Executive,Reliqus,Delhi,0 - 1 Years,0,1,0.5,1,1,False
Network Engineer Job In MALTA,CLOUD VISA IMMIGRATION LLP,"Canada, Singapore",3 - 8 Years,3,8,5.5,5,2,True
Teacher  Job In  SINGAPORE,EXOTIC EXPERT SOLUTIONS LLP,Singapore,4 - 8 Years,4,8,6.0,4,1,True
"Sales Executive , Senior Sales Executive",GLOBAL SOURCES EXHIBITIONS  EVENTS INDIA PRIVATE LIMITED,Delhi,1 - 6 Years,1,6,3.5,5,1,False
DFT Engineers,Hucon Solutions India Pvt ltd,"Ahmedabad, Bengaluru / Bangalore, Chennai, Hyderabad/Secunderabad, Noida/Greater Noida",6 - 11 Years,6,11,8.5,5,5,False
Specialist - Software Engineering,LTIMindtree Ltd.,Bengaluru / Bangalore,8 - 12 Years,8,12,10.0,4,1,False
Oracle EDI developer,LTIMindtree Ltd.,"Ahmedabad, Bengaluru / Bangalore, Chennai, Hyderabad/Secunderabad, Kolkata",5 - 10 Years,5,10,7.5,5,5,False
SAP FSCM Functional consultant,Hucon Solutions India Pvt ltd,"Ahmedabad, Bengaluru / Bangalore, Chennai, Delhi, Pune",8 - 13 Years,8,13,10.5,5,5,False
Senior Network Administrator - J48400,SAMPOORNA CONSULTANTS PVT LTD,Chennai,10 - 15 Years,10,15,12.5,5,1,False
Java Fullstack  ( UI Heavy )  - J48370,SAMPOORNA CONSULTANTS PVT LTD,Bengaluru / Bangalore,10 - 13 Years,10,13,11.5,3,1,False
Project Management trainer,Shalom cadd centre,Mumbai,0 - 3 Years,0,3,1.5,3,1,False
Java Fullstack Developer,Hucon Solutions India Pvt ltd,Bengaluru / Bangalore,4 - 8 Years,4,8,6.0,4,1,False
EA - Strategy and Special Projects - J48403,SAMPOORNA CONSULTANTS PVT LTD,Mumbai,5 - 10 Years,5,10,7.5,5,1,False
Finance  &  Accounts manager,Electrobrain modern technologies pvt ltd,"Rajkot, Surat, Surendranagar",5 - 10 Years,5,10,7.5,5,3,False
Lab Technician  Job In USA,World wide Immigration Service Llp,Unknown,5 - 10 Years,5,10,7.5,5,1,True
"International Sales -  , Debt Collection",sharda consultancy Services,"Delhi, Delhi/NCR, Gurgaon",1 - 4 Years,1,4,2.5,3,3,False
Defence channel,LINEUP MANPOWER SOLUTIONS PRIVATE LIMTED,"Bengaluru / Bangalore, Pune, Nasik",0 - 1 Years,0,1,0.5,1,3,False
Psychiatrist,Space COnsultant,Other City(s) in Uttar Pradesh,0 - 3 Years,0,3,1.5,3,1,False
Academic Counselor,Forgebs Technologies Pvt Ltd.,"Kolkata, Dibrugarh, Bhagalpur, Patna, Ranchi",0 - 3 Years,0,3,1.5,3,5,False
ServiceNow CSM / ITSM Developer  ( 115 )  - J48396,SAMPOORNA CONSULTANTS PVT LTD,Chennai,4 - 7 Years,4,7,5.5,3,1,False
PHP Developer Job In  GERMANY,PRIMEX IMMIGRATION LLP,Germany,5 - 10 Years,5,10,7.5,5,1,True
Finance  &  Accounts management,Electrobrain modern technologies pvt ltd,"Mathura, Meerut, Moradabad",5 - 10 Years,5,10,7.5,5,3,False
Safety Advisor Jobs in Canada - Australia - New Zealand - UK,Srv global consultancy Pvt Ltd,"Australia, Canada, Germany, New Zealand",2 - 7 Years,2,7,4.5,5,4,True
Healthcare Manager Hiring For  Germany,CLOUD VISA IMMIGRATION LLP,"Dubai, Canada, Germany",3 - 8 Years,3,8,5.5,5,3,True
SEO Intern,Reliqus,Delhi,0 - 1 Years,0,1,0.5,1,1,False
PS  &  PPM Senior Consultant,eSkillport HR Services Pvt. Ltd,"Kolkata, Mumbai",5 - 9 Years,5,9,7.0,4,2,False
Hardware Engineer,SKYWALK VISA IMMIGRATION SERVICES LLP,"Australia, Canada, Singapore",2 - 7 Years,2,7,4.5,5,3,True
Support Analyst – Finance - J48344,SAMPOORNA CONSULTANTS PVT LTD,Chennai,3 - 5 Years,3,5,4.0,2,1,False
"""Business Development Executive  ( BDE ) """,GLOBAL SOURCES EXHIBITIONS  EVENTS INDIA PRIVATE LIMITED,Delhi,1 - 6 Years,1,6,3.5,5,1,False
Sr DevOps Engineer - J48354,SAMPOORNA CONSULTANTS PVT LTD,Hyderabad/Secunderabad,6 - 10 Years,6,10,8.0,4,1,False
FPGA Prototyping TVC Engineers,Hucon Solutions India Pvt ltd,"Ahmedabad, Bengaluru / Bangalore, Chennai, Hyderabad/Secunderabad, Noida/Greater Noida",6 - 11 Years,6,11,8.5,5,5,False
Java Developer,Electrobrain modern technologies pvt ltd,"Madurai, Nagercoil",3 - 8 Years,3,8,5.5,5,2,False
Hitachi Storage Administration,LTIMindtree Ltd.,"Chennai, Hyderabad/Secunderabad, Kolkata, Mumbai, Pune",8 - 12 Years,8,12,10.0,4,5,False
SAP TRM Lead,Hucon Solutions India Pvt ltd,"Ahmedabad, Bengaluru / Bangalore, Chennai, Delhi, Pune",8 - 13 Years,8,13,10.5,5,5,False
Network Data Admin - L3 - J48388,SAMPOORNA CONSULTANTS PVT LTD,Chennai,6 - 10 Years,6,10,8.0,4,1,False
Full-Stack Developer  ( Back-End )  #93 - J48272,SAMPOORNA CONSULTANTS PVT LTD,Chennai,5 - 8 Years,5,8,6.5,3,1,False
Logistic Manager Job In POLAND,ADAL IMMIGRATIONS LLP,Unknown,5 - 10 Years,5,10,7.5,5,1,True
Dietician  Job In  NEW ZEALAND,World wide Immigration Service Llp,New Zealand,3 - 8 Years,3,8,5.5,5,1,True
Creative Strategist – Copy,Elixir Integrated Brandcomm Private Limited,"Mumbai, Pune",4 - 8 Years,4,8,6.0,4,2,False
Snowflake Developer,Hucon Solutions India Pvt ltd,Bengaluru / Bangalore,4 - 9 Years,4,9,6.5,5,1,False
Finance  &  Accounts manager,Electrobrain modern technologies pvt ltd,"Palanpur, Patan, Porbandar",5 - 10 Years,5,10,7.5,5,3,False
ServiceNow CSM / ITSM Developer - J48397,SAMPOORNA CONSULTANTS PVT LTD,Chennai,4 - 7 Years,4,7,5.5,3,1,False
"Senior Backend Developer , Team Lead Software Engineer , Tech Lead",PREDATORS CONSULTING,"Mumbai, Navi Mumbai",3 - 8 Years,3,8,5.5,5,2,False
Finance  &  Accounts management,Electrobrain modern technologies pvt ltd,"Gorakhpur, Kanpur, Lucknow",5 - 10 Years,5,10,7.5,5,3,False
Pediatrician / Neonatologist,Space COnsultant,Other City(s) in Chhattisgarh,0 - 3 Years,0,3,1.5,3,1,False
SAP Fiori / UI5 Consultant,eSkillport HR Services Pvt. Ltd,"Kolkata, Mumbai",8 - 10 Years,8,10,9.0,2,2,False
UX  /  UI Designer Hiring For GERMANY,CLOUD VISA IMMIGRATION LLP,Germany,3 - 8 Years,3,8,5.5,5,1,True
Senior Cloud Operations Engineer - J48358,SAMPOORNA CONSULTANTS PVT LTD,Chennai,8 - 12 Years,8,12,10.0,4,1,False
Emulation Engineers,Hucon Solutions India Pvt ltd,"Ahmedabad, Bengaluru / Bangalore, Chennai, Hyderabad/Secunderabad, Noida/Greater Noida",6 - 11 Years,6,11,8.5,5,5,False
Java Developer,Electrobrain modern technologies pvt ltd,"Meerut, Moradabad, Muzaffarnagar",3 - 8 Years,3,8,5.5,5,3,False
Oracle WMS Intellinum Consultant,LTIMindtree Ltd.,"Ahmedabad, Bengaluru / Bangalore, Chennai, Hyderabad/Secunderabad, Kolkata",6 - 11 Years,6,11,8.5,5,5,False
SAP APO DP SNP,Hucon Solutions India Pvt ltd,"Ahmedabad, Bengaluru / Bangalore, Chennai, Delhi, Pune",6 - 10 Years,6,10,8.0,4,5,False
Radiologist,Space COnsultant,Other City(s) in Chhattisgarh,1 - 6 Years,1,6,3.5,5,1,False
Finance  &  Accounts manager,Electrobrain modern technologies pvt ltd,"Morbi, Nadiad, Navsari",5 - 10 Years,5,10,7.5,5,3,False
Finance  &  Accounts management,Electrobrain modern technologies pvt ltd,"Bareilly, Faizabad, Ghaziabad",5 - 10 Years,5,10,7.5,5,3,False
Analog Layout Design Engineers,Hucon Solutions India Pvt ltd,"Ahmedabad, Bengaluru / Bangalore, Chennai, Hyderabad/Secunderabad, Noida/Greater Noida",6 - 11 Years,6,11,8.5,5,5,False
Flutter Internship in Ahmedabad,Maxgen Technologies,"Ahmedabad, Bhavnagar, Junagarh, Rajkot, Surat",0 - 1 Years,0,1,0.5,1,5,False
Java Developer,Electrobrain modern technologies pvt ltd,"Kanpur, Lucknow, Mathura",3 - 8 Years,3,8,5.5,5,3,False
Senior ABAP HANA  developers,Hucon Solutions India Pvt ltd,"Ahmedabad, Bengaluru / Bangalore, Chennai, Delhi, Pune",6 - 10 Years,6,10,8.0,4,5,False
Automation Lead,LTIMindtree Ltd.,Chennai,16 - 19 Years,16,19,17.5,3,1,False
.netcore Lead - J48366,SAMPOORNA CONSULTANTS PVT LTD,Bengaluru / Bangalore,8 - 12 Years,8,12,10.0,4,1,False
ML Architect,Hucon Solutions India Pvt ltd,Hyderabad/Secunderabad,10 - 15 Years,10,15,12.5,5,1,False
Finance  &  Accounts manager,Electrobrain modern technologies pvt ltd,"Kalol, Kandla, Mehsana",5 - 10 Years,5,10,7.5,5,3,False
Python Automation Engineer - J48392,SAMPOORNA CONSULTANTS PVT LTD,Chennai,6 - 8 Years,6,8,7.0,2,1,False
Finance  &  Accounts management,Electrobrain modern technologies pvt ltd,"Agra, Aligarh, Allahabad",5 - 10 Years,5,10,7.5,5,3,False
Business Development Manager - Agency Channel  ( Life Insurance ),TEKPILLAR SERVICES PRIVATE LIMITED,"Guwahati, Jorhat, Tinsukia, Kolkata",1 - 5 Years,1,5,3.0,4,4,True
IOS Architect - J48376,SAMPOORNA CONSULTANTS PVT LTD,Bengaluru / Bangalore,10 - 13 Years,10,13,11.5,3,1,False
Analog Circuit Design Engineers,Hucon Solutions India Pvt ltd,"Ahmedabad, Bengaluru / Bangalore, Chennai, Hyderabad/Secunderabad, Noida/Greater Noida",6 - 11 Years,6,11,8.5,5,5,False
Java Developer,Electrobrain modern technologies pvt ltd,"Dehradun, Haldwani, Haridwar",3 - 8 Years,3,8,5.5,5,3,False
Radiologist,Space COnsultant,Other City(s) in Uttar Pradesh,1 - 6 Years,1,6,3.5,5,1,False
Lead SAP EWM Functional Consultant,Hucon Solutions India Pvt ltd,"Ahmedabad, Bengaluru / Bangalore, Chennai, Delhi, Pune",6 - 10 Years,6,10,8.0,4,5,False
.netcore - J48365,SAMPOORNA CONSULTANTS PVT LTD,Bengaluru / Bangalore,4 - 7 Years,4,7,5.5,3,1,False
Salesforce Developer,Hucon Solutions India Pvt ltd,"Bengaluru / Bangalore, Pune, Bhubaneshwar",8 - 10 Years,8,10,9.0,2,3,False
Finance  &  Accounts manager,Electrobrain modern technologies pvt ltd,"Jamnagar, Jetpur, Junagarh",5 - 10 Years,5,10,7.5,5,3,False
Network Architecture - Design and Engineering Lead - J48401,SAMPOORNA CONSULTANTS PVT LTD,Chennai,15 - 20 Years,15,20,17.5,5,1,False
Finance  &  Accounts,Electrobrain modern technologies pvt ltd,"Ahmedabad, Bengaluru / Bangalore, Chennai",5 - 10 Years,5,10,7.5,5,3,False
Global Recertification Lead - J48378,SAMPOORNA CONSULTANTS PVT LTD,Chennai,8 - 12 Years,8,12,10.0,4,1,False
Design Verification Engineers,Hucon Solutions India Pvt ltd,"Ahmedabad, Bengaluru / Bangalore, Chennai, Hyderabad/Secunderabad, Noida/Greater Noida",6 - 11 Years,6,11,8.5,5,5,False
Java Developer,Electrobrain modern technologies pvt ltd,"Asansol, Burdwan, Durgapur",3 - 8 Years,3,8,5.5,5,3,False
Ariba upstream CONSULTANT,Hucon Solutions India Pvt ltd,"Ahmedabad, Bengaluru / Bangalore, Chennai, Delhi, Pune",8 - 12 Years,8,12,10.0,4,5,False
Pediatrician,Space COnsultant,Other City(s) in Rajasthan,0 - 3 Years,0,3,1.5,3,1,False
Data Scientist,Hucon Solutions India Pvt ltd,Bengaluru / Bangalore,8 - 12 Years,8,12,10.0,4,1,False
Finance  &  Accounts manager,Electrobrain modern technologies pvt ltd,"Gir, Godhra, Gondal",5 - 10 Years,5,10,7.5,5,3,False
Lead Network Administrator - J48402,SAMPOORNA CONSULTANTS PVT LTD,Chennai,15 - 20 Years,15,20,17.5,5,1,False
Finance Administrator,Electrobrain modern technologies pvt ltd,"Delhi, Delhi/NCR, Gurgaon, Mumbai, Noida/Greater Noida",5 - 10 Years,5,10,7.5,5,5,False
Physical Design Engineers,Hucon Solutions India Pvt ltd,"Ahmedabad, Bengaluru / Bangalore, Chennai, Hyderabad/Secunderabad, Noida/Greater Noida",6 - 11 Years,6,11,8.5,5,5,False
Java Developer,Electrobrain modern technologies pvt ltd,"Bhiwandi, Bhusawal, Buldhana",3 - 8 Years,3,8,5.5,5,3,True
Sr. SAP BTP Developer,Hucon Solutions India Pvt ltd,"Ahmedabad, Bengaluru / Bangalore, Chennai, Delhi, Pune",6 - 10 Years,6,10,8.0,4,5,False
Finance  &  Accounts manager,Electrobrain modern technologies pvt ltd,"Deesa, Gandhidham, Gandhinagar",5 - 10 Years,5,10,7.5,5,3,False
Raw Material Sourcing Manager,Electrobrain modern technologies pvt ltd,"Ankleshwar, Bharuch, Bhavnagar",8 - 10 Years,8,10,9.0,2,3,False
ASIC / SoC RTL Engineer,Hucon Solutions India Pvt ltd,"Ahmedabad, Bengaluru / Bangalore, Chennai, Hyderabad/Secunderabad, Noida/Greater Noida",6 - 11 Years,6,11,8.5,5,5,False
CREATIVE ACCOUNT MANAGER - MA - J48381,SAMPOORNA CONSULTANTS PVT LTD,Bengaluru / Bangalore,6 - 10 Years,6,10,8.0,4,1,False
Java Developer,Electrobrain modern technologies pvt ltd,"Akola, Amravati, Aurangabad",3 - 8 Years,3,8,5.5,5,3,False
SAP FICO  Product Costing consultant,Hucon Solutions India Pvt ltd,"Ahmedabad, Bengaluru / Bangalore, Chennai, Delhi, Pune",8 - 12 Years,8,12,10.0,4,5,False
NodeJS FullStack Developer,Hucon Solutions India Pvt ltd,"Bengaluru / Bangalore, Pune, Bhubaneshwar",4 - 9 Years,4,9,6.5,5,3,False
Finance  &  Accounts manager,Electrobrain modern technologies pvt ltd,"Bhuj, Botad, Dahod",5 - 10 Years,5,10,7.5,5,3,False
Java Backend Developer  ( 36795 ) -Sat Drive - J48406,SAMPOORNA CONSULTANTS PVT LTD,Bengaluru / Bangalore,4 - 7 Years,4,7,5.5,3,1,False
Android Architect - J48375,SAMPOORNA CONSULTANTS PVT LTD,Bengaluru / Bangalore,10 - 13 Years,10,13,11.5,3,1,False
Java Developer,Electrobrain modern technologies pvt ltd,"Jabalpur, Katni, Ratlam",3 - 8 Years,3,8,5.5,5,3,False
Loftware,Hucon Solutions India Pvt ltd,"Ahmedabad, Bengaluru / Bangalore, Chennai, Delhi, Pune",6 - 11 Years,6,11,8.5,5,5,False
SITE RELIABILITY Senior Developer,Hucon Solutions India Pvt ltd,"Bengaluru / Bangalore, Pune, Bhubaneshwar",6 - 10 Years,6,10,8.0,4,3,False
Finance  &  Accounts manager,Electrobrain modern technologies pvt ltd,"Ankleshwar, Bharuch, Bhavnagar",5 - 10 Years,5,10,7.5,5,3,False
Raw Material Sourcing Manager,Electrobrain modern technologies pvt ltd,"Sangareddy, Srikakulam, Tirupati",8 - 10 Years,8,10,9.0,2,3,False
Global Cloud Network Infra Manager - J48399,SAMPOORNA CONSULTANTS PVT LTD,Chennai,15 - 20 Years,15,20,17.5,5,1,False
SAP Ariba,Hucon Solutions India Pvt ltd,"Ahmedabad, Bengaluru / Bangalore, Chennai, Delhi, Pune",6 - 11 Years,6,11,8.5,5,5,False
Machine LearningSenior Developer,Hucon Solutions India Pvt ltd,Hyderabad/Secunderabad,6 - 10 Years,6,10,8.0,4,1,False
Finance  &  Accounts manager,Electrobrain modern technologies pvt ltd,"Bengaluru / Bangalore, Chennai",5 - 10 Years,5,10,7.5,5,2,False
Java Developer,Electrobrain modern technologies pvt ltd,"Belgaum, Bellary, Bidar",3 - 8 Years,3,8,5.5,5,3,False
SAP MDG  &  ECC,Hucon Solutions India Pvt ltd,"Ahmedabad, Bengaluru / Bangalore, Chennai, Delhi, Pune",6 - 11 Years,6,11,8.5,5,5,False
Tableau Senior Developer,Hucon Solutions India Pvt ltd,Hyderabad/Secunderabad,6 - 10 Years,6,10,8.0,4,1,False
Finance  &  Accounts manager,Electrobrain modern technologies pvt ltd,"Ahmedabad, Amreli, Anand",5 - 10 Years,5,10,7.5,5,3,False
Raw Material Sourcing Manager,Electrobrain modern technologies pvt ltd,"Mumbai, Noida/Greater Noida, Pune",8 - 10 Years,8,10,9.0,2,3,False
.net full stack + Dot net core - Consultant - BLRPUN - J47092,SAMPOORNA CONSULTANTS PVT LTD,Bengaluru / Bangalore,4 - 6 Years,4,6,5.0,2,1,False
SAP BODS consultant,Hucon Solutions India Pvt ltd,"Ahmedabad, Bengaluru / Bangalore, Chennai, Delhi, Pune",6 - 11 Years,6,11,8.5,5,5,False
PHP Senior Developer,Hucon Solutions India Pvt ltd,Hyderabad/Secunderabad,6 - 10 Years,6,10,8.0,4,1,False
Finance  &  Accounts manager,Electrobrain modern technologies pvt ltd,"Bhilai-Durg, Bilaspur, Raipur",5 - 10 Years,5,10,7.5,5,3,False
Network Data Admin - L2 - J48389,SAMPOORNA CONSULTANTS PVT LTD,Chennai,3 - 6 Years,3,6,4.5,3,1,False
SAP SAC Consultant,Hucon Solutions India Pvt ltd,"Ahmedabad, Bengaluru / Bangalore, Chennai, Delhi, Pune",6 - 11 Years,6,11,8.5,5,5,False
SAP NATIVE HANA consultant,Hucon Solutions India Pvt ltd,"Bengaluru / Bangalore, Pune, Bhubaneshwar",4 - 9 Years,4,9,6.5,5,3,False
Finance  &  Accounts manager,Electrobrain modern technologies pvt ltd,"Silchar, Tezpur, Tinsukia",5 - 10 Years,5,10,7.5,5,3,True
Raw Material Sourcing Manager,Electrobrain modern technologies pvt ltd,"Delhi, Delhi/NCR, Gurgaon, Chandigarh, Faridabad",8 - 10 Years,8,10,9.0,2,5,False
AEM Developer,Hucon Solutions India Pvt ltd,"Bengaluru / Bangalore, Pune, Bhubaneshwar",5 - 10 Years,5,10,7.5,5,3,False
Finance  &  Accounts manager,Electrobrain modern technologies pvt ltd,"Guwahati, Jorhat, Sibsagar",5 - 10 Years,5,10,7.5,5,3,False
Python Developer,Hucon Solutions India Pvt ltd,"Bengaluru / Bangalore, Cochin/ Kochi/ Ernakulam",8 - 12 Years,8,12,10.0,4,2,False
Finance  &  Accounts manager,Electrobrain modern technologies pvt ltd,"Bongaigaon, Dhubri, Dibrugarh",5 - 10 Years,5,10,7.5,5,3,False
Cloud Database SME - J48387,SAMPOORNA CONSULTANTS PVT LTD,Chennai,8 - 12 Years,8,12,10.0,4,1,False
Teamcenter Developer,Hucon Solutions India Pvt ltd,Pune,6 - 11 Years,6,11,8.5,5,1,False
Finance  &  Accounts manager,Electrobrain modern technologies pvt ltd,"Tirupati, Vijayawada, Visakhapatnam",5 - 10 Years,5,10,7.5,5,3,False
Associate Consultant - D365 BC Finance - J48382,SAMPOORNA CONSULTANTS PVT LTD,Pune,1 - 3 Years,1,3,2.0,2,1,False
AWS Cloud Architect,Hucon Solutions India Pvt ltd,Pune,13 - 18 Years,13,18,15.5,5,1,False
Mechanical Engineer,Electrobrain modern technologies pvt ltd,"Ahmedabad, Bengaluru / Bangalore, Chennai, Delhi, Delhi/NCR",3 - 8 Years,3,8,5.5,5,5,False
"Graphic Designer , Designer , Illustrator",Seabit Technologies Pvt Ltd,Kolkata,1 - 6 Years,1,6,3.5,5,1,False
"Head Finance , Finance  &  Accounts , CA-Finance",US,Mumbai,6 - 11 Years,6,11,8.5,5,1,False
MIS Executive,Anshi Immigration Private Limited,Canada,4 - 9 Years,4,9,6.5,5,1,True
Production Engineer  /  Sr. Production Manager,Suman kumar,"Gurgaon, Noida/Greater Noida, Pune, Bhubaneshwar",5 - 10 Years,5,10,7.5,5,4,False
Software Engineer Hiring For CANADA under PR visa,World Overseas immigration Consultancy Pvt Ltd,"Australia, Canada",2 - 7 Years,2,7,4.5,5,2,True
Graphic Designer settle in Canada,World Overseas immigration Consultancy Pvt Ltd,"Australia, Canada",2 - 7 Years,2,7,4.5,5,2,True
Mechanical  &  Physical Engineer,Electrobrain modern technologies pvt ltd,"Ahmedabad, Delhi, Delhi/NCR, Gurgaon, Noida/Greater Noida",3 - 8 Years,3,8,5.5,5,5,False
Python Internship in Pune,Maxgen Technologies,"Pune, Amravati, Dhule, Sangli, Satara",0 - 1 Years,0,1,0.5,1,5,False
Computer Programmer,Vasantdada Sugar Institute,Pune,0 - 1 Years,0,1,0.5,1,1,False
Lead Flutter Devloper,Sparks To Ideas,Ahmedabad,0 - 1 Years,0,1,0.5,1,1,False
SharePoint development Support  FullStac wit Net B'lore Mumbai,White Horse Manpower Consultancy P Ltd,"Bengaluru / Bangalore, Mumbai",10 - 15 Years,10,15,12.5,5,2,False
Data Analyst Internship in Pune,Maxgen Technologies,"Pune, Amravati, Dhule, Sangli, Satara",0 - 1 Years,0,1,0.5,1,5,False
React Js Internship in Pune,Maxgen Technologies,"Pune, Amravati, Dhule, Sangli, Satara",0 - 1 Years,0,1,0.5,1,5,False
Junior Engineer,Electrobrain modern technologies pvt ltd,"Ahmedabad, Delhi, Delhi/NCR, Gurgaon, Noida/Greater Noida",3 - 8 Years,3,8,5.5,5,5,False
Group Head Purchase  &  SCM,Ample Leap Cognition,Pune,18 - 23 Years,18,23,20.5,5,1,False
Automation And Control Engineer,ENIGMASOFT TECHNOLOGIES PRIVATE LIMITED,Panjim/Panaji,3 - 5 Years,3,5,4.0,2,1,False
Data Analyst Internship in Pune,Maxgen Technologies,"Pune, Jalgaon, Kolhapur, Nasik, Solapur",0 - 1 Years,0,1,0.5,1,5,False
Accountant / Accounts Executive,MIAECT Pvt Ltd,Navi Mumbai,2 - 5 Years,2,5,3.5,3,1,False
Java Developer -KJMG - J48519,SAMPOORNA CONSULTANTS PVT LTD,Mumbai,2 - 7 Years,2,7,4.5,5,1,False
Junior Accountant,Final Round,Kolkata,0 - 1 Years,0,1,0.5,1,1,False
Python Internship in Pune,Maxgen Technologies,"Pune, Jalgaon, Kolhapur, Nasik, Solapur",0 - 1 Years,0,1,0.5,1,5,False
Web Development Internship in Pune,Maxgen Technologies,"Pune, Amravati, Dhule, Sangli, Satara",0 - 1 Years,0,1,0.5,1,5,False
QA | QC Engineer  Job In GERMANY,World wide Immigration Service Llp,Germany,5 - 10 Years,5,10,7.5,5,1,True
Manager  /  Sr. Manager - Import Export Documentation,Suman kumar,"Delhi/NCR, Mumbai, Noida/Greater Noida, Pune, Indore",15 - 20 Years,15,20,17.5,5,5,False
"BUSINESS DEVELOPMENT  (  MEP  )  , 8 - 10 Yr , 25 - 35 L , DELHI",Swastic Enterprises,"Delhi, Delhi/NCR",8 - 12 Years,8,12,10.0,4,2,False
CAE Engineer,Electrobrain modern technologies pvt ltd,"Ahmedabad, Delhi, Delhi/NCR, Gurgaon, Noida/Greater Noida",3 - 8 Years,3,8,5.5,5,5,False
AWS Solution Architect Internship in Pune,Maxgen Technologies,"Pune, Jalgaon, Kolhapur, Nasik, Solapur",0 - 1 Years,0,1,0.5,1,5,False
Senior .net Developer - VB6,TALPRO INDIA PRIVATE LIMITED,Bengaluru / Bangalore,6 - 15 Years,6,15,10.5,9,1,False
Java - Design engineer professional - J48487,SAMPOORNA CONSULTANTS PVT LTD,Bengaluru / Bangalore,3 - 5 Years,3,5,4.0,2,1,False
Python Developer Internship in Ahmedabad,Maxgen Technologies,"Ahmedabad, Anand, Gandhinagar, Mehsana, Surat",0 - 1 Years,0,1,0.5,1,5,False
Specialist - Quality Engineering,LTIMindtree Ltd.,Bengaluru / Bangalore,3 - 6 Years,3,6,4.5,3,1,False
Fullstack PHP CodeIgniter developer,Waytogo Consultants Pvt Ltd,Bengaluru / Bangalore,2 - 4 Years,2,4,3.0,2,1,False
Mern Stack Internship in Pune,Maxgen Technologies,"Pune, Amravati, Dhule, Sangli, Satara",0 - 1 Years,0,1,0.5,1,5,False
Mern Stack Internship in Pune,Maxgen Technologies,"Pune, Jalgaon, Kolhapur, Nasik, Solapur",0 - 1 Years,0,1,0.5,1,5,False
Hardware Engineer Job In GERMANY,ADAL IMMIGRATIONS LLP,Germany,7 - 12 Years,7,12,9.5,5,1,True
Principle Engineer,Electrobrain modern technologies pvt ltd,"Ahmedabad, Bengaluru / Bangalore, Chennai, Delhi, Delhi/NCR",3 - 8 Years,3,8,5.5,5,5,False
OCI Architect,LTIMindtree Ltd.,"Bengaluru / Bangalore, Chennai, Kolkata, Mumbai, Pune",15 - 20 Years,15,20,17.5,5,5,False
"Software engineer , Software Designer , Systems architect",Anavrin Adviser Pvt Ltd,"Australia, Canada, Singapore",3 - 8 Years,3,8,5.5,5,3,True
Final Year Project Internship,Sparks To Ideas,Ahmedabad,0 - 1 Years,0,1,0.5,1,1,False
Flexcube Technical Consultant,LTIMindtree Ltd.,"Bengaluru / Bangalore, Chennai, Hyderabad/Secunderabad, Mumbai, Pune",5 - 10 Years,5,10,7.5,5,5,False
Java Developer  ( 2-4 Yrs )  - J48510,SAMPOORNA CONSULTANTS PVT LTD,Mumbai,2 - 4 Years,2,4,3.0,2,1,False
Winter Inter in cyber,Sparks To Ideas,Ahmedabad,0 - 1 Years,0,1,0.5,1,1,False
Key Accounts Manager,ANIRUDDHA ROY CHOUDHURY,"Chennai, Gurgaon, Kolkata, Mumbai",13 - 18 Years,13,18,15.5,5,4,False
Product Owner-Senior Manager - Program  &  Project Management,LTIMindtree Ltd.,Gurgaon,8 - 12 Years,8,12,10.0,4,1,False
Data  Analyst Internship in Pune,Maxgen Technologies,"Pune, Jalgaon, Kolhapur, Nasik, Solapur",0 - 1 Years,0,1,0.5,1,5,False
Senior Manager Retail Underwriting Mumbai,Client of placement company,"Mumbai, Navi Mumbai, Thane",4 - 9 Years,4,9,6.5,5,3,False
Mechanical / BOE Engineer,Electrobrain modern technologies pvt ltd,"Delhi, Delhi/NCR, Gurgaon, Noida/Greater Noida, Pune",3 - 8 Years,3,8,5.5,5,5,False
Python AI / ML Developer,Mart2Global,Ahmedabad,1 - 5 Years,1,5,3.0,4,1,False
Network Engineer Required In MALTA,PRIMEX IMMIGRATION LLP,Unknown,8 - 13 Years,8,13,10.5,5,1,False
Last Sem Project Internship,Sparks To Ideas,"Ahmedabad, Gandhinagar, Junagarh, Mehsana, Rajkot",0 - 1 Years,0,1,0.5,1,5,False
Java Internship in Ahmedabad,Maxgen Technologies,"Ahmedabad, Bhavnagar, Junagarh, Rajkot, Surendranagar",0 - 1 Years,0,1,0.5,1,5,False
Network Engineer  Required In ABROAD,World wide Immigration Service Llp,"Dubai, Canada, Germany",2 - 7 Years,2,7,4.5,5,3,True
"Airport jobs in Aircraft Maintenance Department , Mechanical ,",sachin kumar,"Ahmedabad, Bengaluru / Bangalore, Chennai, Hyderabad/Secunderabad, Mumbai",0 - 3 Years,0,3,1.5,3,5,False
Project Internship,Sparks To Ideas,Ahmedabad,0 - 1 Years,0,1,0.5,1,1,False
Remote - EDMCS Specialist,TALPRO INDIA PRIVATE LIMITED,Bengaluru / Bangalore,7 - 15 Years,7,15,11.0,8,1,False
Machine Learning Internship in Pune,Maxgen Technologies,"Pune, Jalgaon, Kolhapur, Nasik, Solapur",0 - 1 Years,0,1,0.5,1,5,False
Testing and Comissioning,eSkillport HR Services Pvt. Ltd,Bengaluru / Bangalore,2 - 5 Years,2,5,3.5,3,1,False
Graphic Designer,Seabit Media Pvt Ltd,Kolkata,0 - 3 Years,0,3,1.5,3,1,False
Delivery Management - Mobile Application - J48493,SAMPOORNA CONSULTANTS PVT LTD,Bengaluru / Bangalore,15 - 20 Years,15,20,17.5,5,1,False
Require Data Entry Operator work from home,Gentech Global,"Delhi, Delhi/NCR, Gurgaon, Noida/Greater Noida, Ghaziabad",0 - 1 Years,0,1,0.5,1,5,False
"Alteryx ,  Visualization ,  ETL Developer ,  Jobs IN B'lore  &  Pune",White Horse Manpower Consultancy P Ltd,"Bengaluru / Bangalore, Pune",3 - 8 Years,3,8,5.5,5,2,False
Sales  &  Marketing - Head,Ample Leap Cognition,Pune,15 - 20 Years,15,20,17.5,5,1,False
Remote -Senior Tableau Developer,TALPRO INDIA PRIVATE LIMITED,Bengaluru / Bangalore,6 - 15 Years,6,15,10.5,9,1,False
"Office Executive , ""Front Office Executive"" , Back Office Executive",ASSOCIATIVE,Pune,0 - 1 Years,0,1,0.5,1,1,False
Business Development Manager,DANUSH SYSTEMS AND SOLUTIONS,Bengaluru / Bangalore,5 - 10 Years,5,10,7.5,5,1,False
Urgent hiring For banking process ( Phone banking -Voice process ),Hy Fly Consultancy,"Mumbai, Pune, Navi Mumbai, Thane",0 - 3 Years,0,3,1.5,3,4,False
QA | QC Engineer  Job In CANADA,World wide Immigration Service Llp,Canada,4 - 8 Years,4,8,6.0,4,1,True
Tech Lead,LTIMindtree Ltd.,"Hyderabad/Secunderabad, Kolkata",8 - 12 Years,8,12,10.0,4,2,False
FINANCE HEAD-FARIDABAD-REAL ESTATE,Eternal HR Services Pvt Ltd,Faridabad,10 - 15 Years,10,15,12.5,5,1,False
Final Year Project Internship,Sparks To Ideas,"Ahmedabad, Gandhinagar, Junagarh, Mehsana, Rajkot",0 - 1 Years,0,1,0.5,1,5,False
Quality Assurance,Equniox Business Solutions,Bengaluru / Bangalore,4 - 6 Years,4,6,5.0,2,1,False
Graphic Designer,Agra Products Pvt Ltd,"Delhi, Delhi/NCR, Noida/Greater Noida",2 - 5 Years,2,5,3.5,3,3,False
Software Engineer\Sr. Software Engineer - J48459,SAMPOORNA CONSULTANTS PVT LTD,Bengaluru / Bangalore,4 - 7 Years,4,7,5.5,3,1,False
Developer C  ( Kernel  )  C platform experience with linux Bangalore,White Horse Manpower Consultancy P Ltd,Bengaluru / Bangalore,5 - 10 Years,5,10,7.5,5,1,False
Software Engineer Hiring For  NEW ZEALAND,EXOTIC EXPERT SOLUTIONS LLP,New Zealand,3 - 8 Years,3,8,5.5,5,1,True
Engineering Managers,Electrobrain modern technologies pvt ltd,"Ahmedabad, Chennai, Delhi, Delhi/NCR, Gurgaon",3 - 8 Years,3,8,5.5,5,5,False
Business Analyst,Techno Wise,Ahmedabad,3 - 4 Years,3,4,3.5,1,1,False
Maximo Technical Consultant,LTIMindtree Ltd.,"Bengaluru / Bangalore, Chennai, Hyderabad/Secunderabad, Mumbai, Pune",5 - 10 Years,5,10,7.5,5,5,False
Full Stack Developer,Equniox Business Solutions,Bengaluru / Bangalore,4 - 7 Years,4,7,5.5,3,1,False
"Content Implementation HTML ,  CSS ,  AEM6 Sanity Exp in CMS Chennai",White Horse Manpower Consultancy P Ltd,Chennai,3 - 8 Years,3,8,5.5,5,1,False
Remote -Oracle EBS Technical Consultant,TALPRO INDIA PRIVATE LIMITED,Bengaluru / Bangalore,7 - 15 Years,7,15,11.0,8,1,False
"Computer Operator , Computer Operator / Data Entry Operator",ASSOCIATIVE,Pune,0 - 1 Years,0,1,0.5,1,1,False
Logistic Manager Hiring For DUBAI,ADAL IMMIGRATIONS LLP,Dubai,8 - 13 Years,8,13,10.5,5,1,True
HR Generalist,SKYWALK VISA IMMIGRATION SERVICES LLP,"Canada, Germany, New Zealand",4 - 9 Years,4,9,6.5,5,3,True
Java FullStack Developer,LTIMindtree Ltd.,"Chennai, Hyderabad/Secunderabad, Kolkata, Pune",4 - 7 Years,4,7,5.5,3,4,False
Network Engineer Hiring For DUBAI,ADAL IMMIGRATIONS LLP,Dubai,8 - 13 Years,8,13,10.5,5,1,True
Innovation Engineer - AI - J48457,SAMPOORNA CONSULTANTS PVT LTD,"Bengaluru / Bangalore, Chennai",3 - 5 Years,3,5,4.0,2,2,False
Live Project Internship in Ahmedabad,Sparks To Ideas,"Ajmer, Bikaner, Jaipur, Kota, Udaipur",0 - 1 Years,0,1,0.5,1,5,False
Software Integration Lead,Equniox Business Solutions,Bengaluru / Bangalore,10 - 15 Years,10,15,12.5,5,1,False
Web Developer Job in Canada,EXOTIC EXPERT SOLUTIONS LLP,Canada,3 - 7 Years,3,7,5.0,4,1,True
Web Designer  Job In DUBAI,PRIMEX IMMIGRATION LLP,Dubai,3 - 8 Years,3,8,5.5,5,1,True
Ahmedabad's internship for cyber security,Sparks To Ideas,Ahmedabad,0 - 1 Years,0,1,0.5,1,1,False
"""Chief Security Officer""",Ample Leap Cognition,Faridabad,12 - 15 Years,12,15,13.5,3,1,False
Network Engineer,Techno Wise,Ahmedabad,1 - 5 Years,1,5,3.0,4,1,False
Wordpress Developer,Vishal Consultancy,Ahmedabad,3 - 4 Years,3,4,3.5,1,1,False
Python Internship in Ahmedabad,Maxgen Technologies,Ahmedabad,0 - 1 Years,0,1,0.5,1,1,False
Senior Principal - Architecture,LTIMindtree Ltd.,Hyderabad/Secunderabad,15 - 22 Years,15,22,18.5,7,1,False
Graphic Designers,Navyah Immigration Services Private Limited,"Dubai, Australia, Canada, Singapore",2 - 7 Years,2,7,4.5,5,4,True
DOT NET Developer,Waytogo Consultants Pvt Ltd,Pune,3 - 7 Years,3,7,5.0,4,1,False
Python Developer,Element Skill,"Bengaluru / Bangalore, Gurgaon, Mumbai, Noida/Greater Noida, Pune",4 - 9 Years,4,9,6.5,5,5,False
Network Engineer L2 - J48287,SAMPOORNA CONSULTANTS PVT LTD,Chennai,4 - 6 Years,4,6,5.0,2,1,False
Finance Accountant,Electrobrain modern technologies pvt ltd,"Vijayawada, Visakhapatnam, Ahmedabad, Bhuj, Gandhinagar",5 - 10 Years,5,10,7.5,5,5,False
Required Flutter Developer,Sparks To Ideas,Ahmedabad,0 - 1 Years,0,1,0.5,1,1,False
SAP Time Off- Software Engineering Professional J48438,SAMPOORNA CONSULTANTS PVT LTD,Bengaluru / Bangalore,3 - 8 Years,3,8,5.5,5,1,False
Java Backend Developer,LTIMindtree Ltd.,"Chennai, Hyderabad/Secunderabad, Kolkata, Pune",4 - 7 Years,4,7,5.5,3,4,False
Software Engineer  Job In GERMANY,World wide Immigration Service Llp,Germany,3 - 8 Years,3,8,5.5,5,1,True
QA | QC Engineer  Job In DUBAI,World wide Immigration Service Llp,Dubai,2 - 7 Years,2,7,4.5,5,1,True
"""Accounts executive"" , Account Assistant , Accountant",MOUNTAIN RANGE PROPERTIES and RESORTS PVT. LTD.,"Mumbai, Thane",3 - 5 Years,3,5,4.0,2,2,False
Live Project Internship in Ahmedabad,Sparks To Ideas,"Ahmedabad, Gandhinagar, Junagarh, Mehsana, Rajkot",0 - 1 Years,0,1,0.5,1,5,False
GM Finance Accounts,Electrobrain modern technologies pvt ltd,"Delhi, Delhi/NCR, Gurgaon, Mumbai, Noida/Greater Noida",5 - 10 Years,5,10,7.5,5,5,False
Internship for Flutter,Sparks To Ideas,Ahmedabad,0 - 1 Years,0,1,0.5,1,1,False
PYTHON INTERNSHIP IN AHEMDABAD,Sparks To Ideas,Ahmedabad,0 - 1 Years,0,1,0.5,1,1,False
Software Testing internship in Ahmedabad,Maxgen Technologies,"Ahmedabad, Anand, Gandhinagar, Mehsana, Surat",0 - 1 Years,0,1,0.5,1,5,False
Software Engineer Job In  POLAND,ADAL IMMIGRATIONS LLP,Unknown,3 - 8 Years,3,8,5.5,5,1,True
Network  Engineer  Job In MALTA,World wide Immigration Service Llp,Unknown,2 - 7 Years,2,7,4.5,5,1,True
Full Stack developer,Element Skill,"Bengaluru / Bangalore, Hyderabad/Secunderabad, Mumbai, Pune",5 - 10 Years,5,10,7.5,5,4,False
Art Director - MA - J48369,SAMPOORNA CONSULTANTS PVT LTD,Bengaluru / Bangalore,8 - 13 Years,8,13,10.5,5,1,False
Production Manager  / Quality Manager,Suman kumar,"Delhi/NCR, Gurgaon, Kolkata, Mumbai, Pune",10 - 15 Years,10,15,12.5,5,5,False
UX Designer - Manager  ( IC Role ) - BLR - J48440,SAMPOORNA CONSULTANTS PVT LTD,"Bengaluru / Bangalore, Pune",10 - 14 Years,10,14,12.0,4,2,False
Test - Delivery Manager,LTIMindtree Ltd.,Kolkata,15 - 20 Years,15,20,17.5,5,1,False
QA | QC Engineer  Job In CANADA,World wide Immigration Service Llp,Canada,5 - 10 Years,5,10,7.5,5,1,True
B.Tech Project Internship in PHP,Sparks To Ideas,Ahmedabad,0 - 1 Years,0,1,0.5,1,1,False
Admin Manager  Job In GERMANY,PRIMEX IMMIGRATION LLP,Germany,3 - 8 Years,3,8,5.5,5,1,True
AngularJS Full-Stack Developer,TALPRO INDIA PRIVATE LIMITED,Bengaluru / Bangalore,7 - 15 Years,7,15,11.0,8,1,False
"Full Stack Developer , Fineos Developer , Consultant",One World,"Bengaluru / Bangalore, Chennai, Delhi/NCR, Mumbai, Pune",5 - 10 Years,5,10,7.5,5,5,False
QA | QC Engineer  Job In LUXEMBOURG,World wide Immigration Service Llp,Unknown,4 - 8 Years,4,8,6.0,4,1,True
Finance Accounting Manager,Electrobrain modern technologies pvt ltd,"Chennai, Delhi, Delhi/NCR, Noida/Greater Noida, Pune",5 - 10 Years,5,10,7.5,5,5,False
QA | QC Engineer  Job In GERMANY,World wide Immigration Service Llp,Germany,3 - 8 Years,3,8,5.5,5,1,True
Accessibility Test Lead,Hucon Solutions India Pvt ltd,"Bengaluru / Bangalore, Pune, Bhubaneshwar",5 - 10 Years,5,10,7.5,5,3,False
Nodejs developer,Proconnxt,Chennai,5 - 7 Years,5,7,6.0,2,1,False
Finance Accounts Executive,Electrobrain modern technologies pvt ltd,"Chennai, Delhi, Delhi/NCR, Noida/Greater Noida, Pune",5 - 10 Years,5,10,7.5,5,5,False
"Aeronautical engineering , Mechanical engineer , Design Engineer",sachin kumar,"Pondicherry/Puducherry, Visakhapatnam, Rajkot, Cochin/ Kochi/ Ernakulam, Navi Mumbai",1 - 6 Years,1,6,3.5,5,5,False
NET Fullstake developer with Migration of MVC To Core Net,White Horse Manpower Consultancy P Ltd,"Bengaluru / Bangalore, Chennai, Pune",8 - 13 Years,8,13,10.5,5,3,False
Web Designer  Job  In DUBAI,PRIMEX IMMIGRATION LLP,Dubai,3 - 8 Years,3,8,5.5,5,1,True
Senior SAP Associates,Navyah Immigration Services Private Limited,"Dubai, Australia, Canada, Singapore",2 - 5 Years,2,5,3.5,3,4,True
Customer Service Executive - Mutual Fund Co Payrolll,Hy Fly Consultancy,"Mumbai, Pune, Navi Mumbai, Thane",0 - 3 Years,0,3,1.5,3,4,False
Senior .net Backend  /  Full Stack Developers,TALPRO INDIA PRIVATE LIMITED,Bengaluru / Bangalore,5 - 15 Years,5,15,10.0,10,1,False
"social media executive , video editor",Orbex Technologies Private Limited,"Delhi, Delhi/NCR, Gurgaon",0 - 3 Years,0,3,1.5,3,3,False
Junior .net Developer,TALPRO INDIA PRIVATE LIMITED,Bengaluru / Bangalore,5 - 15 Years,5,15,10.0,10,1,False
Hardware Engineer  Job In  SINGAPORE,ADAL IMMIGRATIONS LLP,Singapore,5 - 10 Years,5,10,7.5,5,1,True
Computer Science Engineer jobs in Canada - Australia,Srv global consultancy Pvt Ltd,"Australia, Canada",2 - 7 Years,2,7,4.5,5,2,True
Remote - Senior CNC Implementation Consultant,TALPRO INDIA PRIVATE LIMITED,Bengaluru / Bangalore,7 - 15 Years,7,15,11.0,8,1,False
QA / QC Engineer Job In USA,CLOUD VISA IMMIGRATION LLP,Unknown,3 - 8 Years,3,8,5.5,5,1,True
"Finance ,  Accounts  &  Costing",Electrobrain modern technologies pvt ltd,"Chennai, Delhi, Delhi/NCR, Gurgaon, Noida/Greater Noida",5 - 10 Years,5,10,7.5,5,5,False
Accountant,SKYWALK VISA IMMIGRATION SERVICES LLP,"Australia, Canada, Singapore",2 - 7 Years,2,7,4.5,5,3,True
MANAGER – PLANNING  &  BILLING,Suman kumar,"Ahmedabad, Bengaluru / Bangalore, Chennai, Delhi, Hyderabad/Secunderabad",8 - 10 Years,8,10,9.0,2,5,False
"Software Engineer , SEO Specialist",GigKafe.LLC Brand VLearnNow,"Ahmedabad, Bengaluru / Bangalore, Delhi/NCR, Kolkata",5 - 10 Years,5,10,7.5,5,4,False
Node Js Internship in Ahmedabad,Maxgen Technologies,"Ahmedabad, Anand, Gandhinagar, Mehsana, Surat",0 - 1 Years,0,1,0.5,1,5,False
Sales Manager | Cluster Manager,LINEUP MANPOWER SOLUTIONS PRIVATE LIMTED,"Kolkata, Bhubaneshwar, Cuttack, Asansol, Durgapur",1 - 3 Years,1,3,2.0,2,5,False
B.tech Project Internship,Sparks To Ideas,"Ahmedabad, Anand, Bhavnagar, Gandhinagar, Junagarh",0 - 1 Years,0,1,0.5,1,5,False
Remote - Azure DevOps Engineer,TALPRO INDIA PRIVATE LIMITED,Bengaluru / Bangalore,5 - 15 Years,5,15,10.0,10,1,False
Java Backend Developer  ( 39041 )  - J48405,SAMPOORNA CONSULTANTS PVT LTD,Bengaluru / Bangalore,4 - 7 Years,4,7,5.5,3,1,False
PHP Developer Job  In  DUBAI,PRIMEX IMMIGRATION LLP,Dubai,2 - 7 Years,2,7,4.5,5,1,True
Head System Engineer jobs in Canada - Australia -  Germany,Srv global consultancy Pvt Ltd,"Australia, Canada",2 - 7 Years,2,7,4.5,5,2,True
Technology Specialist  /  Architect - J48374,SAMPOORNA CONSULTANTS PVT LTD,"Bengaluru / Bangalore, Chennai",12 - 17 Years,12,17,14.5,5,2,False
"HR MANAGER  , 5 - 10 Yr , 30 - 40 K , GHAZIABAD",Swastic Enterprises,"Delhi/NCR, Noida/Greater Noida",5 - 10 Years,5,10,7.5,5,2,False
Senior Appian Developer / Lead / Architect,TALPRO INDIA PRIVATE LIMITED,Bengaluru / Bangalore,5 - 15 Years,5,15,10.0,10,1,False
"PHP Developer , Php Programmer , ""Full Stack PHP Developer""",Peopleplease Consulting,Mumbai,1 - 5 Years,1,5,3.0,4,1,False
Product Owner,TALPRO INDIA PRIVATE LIMITED,Bengaluru / Bangalore,5 - 15 Years,5,15,10.0,10,1,False
Systems  &  Finance Accountant,Electrobrain modern technologies pvt ltd,"Delhi, Delhi/NCR, Noida/Greater Noida",5 - 10 Years,5,10,7.5,5,3,False
.net Full Stack Developer,TALPRO INDIA PRIVATE LIMITED,Bengaluru / Bangalore,5 - 15 Years,5,15,10.0,10,1,False
QA / QC Engineer Jobs in Abroad,TALENT VAULT LLP,"Australia, Canada, New Zealand, Singapore",4 - 9 Years,4,9,6.5,5,4,True
GRAPHIC DESIGNER  &  VIDEO EDITOR,Options & Ideas,"Kolkata, Guwahati, Ranchi, Siliguri",0 - 3 Years,0,3,1.5,3,4,False
Network Support Engineer,IT Mantra Techintellect  Private Limited,Bengaluru / Bangalore,4 - 6 Years,4,6,5.0,2,1,False
Data Integration Engineer,LTIMindtree Ltd.,"Ahmedabad, Bengaluru / Bangalore, Chennai, Delhi, Hyderabad/Secunderabad",5 - 8 Years,5,8,6.5,3,5,False
Electrical maintenance engineer,ShivaKumar S,Thailand,2 - 7 Years,2,7,4.5,5,1,False
MIS Executive,SKYWALK VISA IMMIGRATION SERVICES LLP,Canada,7 - 12 Years,7,12,9.5,5,1,True
Python Internshp in Ahmedabad,Maxgen Technologies,"Ahmedabad, Anand, Gandhinagar, Mehsana, Surat",0 - 1 Years,0,1,0.5,1,5,False
HR Generalist,Electrobrain modern technologies pvt ltd,"Ahmedabad, Delhi, Delhi/NCR, Gurgaon, Noida/Greater Noida",3 - 8 Years,3,8,5.5,5,5,False
QA | QC Engineer  Job In USA,World wide Immigration Service Llp,Unknown,5 - 10 Years,5,10,7.5,5,1,True
Oracle Fusion Data Intelligence Consultant,LTIMindtree Ltd.,"Bengaluru / Bangalore, Kolkata, Mumbai, Noida/Greater Noida, Pune",3 - 8 Years,3,8,5.5,5,5,False
"Flutter Developer , Senior Flutter Developer , Tech Lead - Flutter",PREDATORS CONSULTING,"Mumbai, Navi Mumbai",2 - 7 Years,2,7,4.5,5,2,False
Solution Architect- Pre Sales - J48415,SAMPOORNA CONSULTANTS PVT LTD,Bengaluru / Bangalore,12 - 17 Years,12,17,14.5,5,1,False
EUC Operations Manager - J48408,SAMPOORNA CONSULTANTS PVT LTD,Chennai,10 - 15 Years,10,15,12.5,5,1,False
AWS DevOps Engineer,TALPRO INDIA PRIVATE LIMITED,Bengaluru / Bangalore,5 - 15 Years,5,15,10.0,10,1,False
Website Designer Hiring For GERMANY,CLOUD VISA IMMIGRATION LLP,"Dubai, Canada, Germany",3 - 8 Years,3,8,5.5,5,3,True
Remote - Senior Oracle Cloud Payroll Functional Consultant,TALPRO INDIA PRIVATE LIMITED,Bengaluru / Bangalore,5 - 15 Years,5,15,10.0,10,1,False
Finance Accounts Officer,Electrobrain modern technologies pvt ltd,"Gandhinagar, Jamnagar, Junagarh, Palanpur",5 - 10 Years,5,10,7.5,5,4,False
Oracle SCM Functional Lead,LTIMindtree Ltd.,"Ahmedabad, Bengaluru / Bangalore, Chennai, Hyderabad/Secunderabad, Kolkata",8 - 12 Years,8,12,10.0,4,5,False
Oracle Data Intergrator,LTIMindtree Ltd.,Kolkata,3 - 8 Years,3,8,5.5,5,1,False
Database analysts and  administrators,Navyah Immigration Services Private Limited,"Dubai, Australia, Canada, Singapore",2 - 7 Years,2,7,4.5,5,4,True
Deputy Manager,Electrobrain modern technologies pvt ltd,"Ahmedabad, Chennai, Delhi, Delhi/NCR, Gurgaon",5 - 10 Years,5,10,7.5,5,5,False
Website Designer,SKYWALK VISA IMMIGRATION SERVICES LLP,"New York City, Australia, Canada, New Zealand, Singapore",2 - 7 Years,2,7,4.5,5,5,True
Test Architect,LTIMindtree Ltd.,"Chennai, Kolkata",12 - 16 Years,12,16,14.0,4,2,False
.netcore Sr. Tech Lead - J48367,SAMPOORNA CONSULTANTS PVT LTD,Bengaluru / Bangalore,10 - 14 Years,10,14,12.0,4,1,False
Finance  &  Accounts manager,Electrobrain modern technologies pvt ltd,"Delhi, Delhi/NCR, Mumbai, Noida/Greater Noida, Pune",5 - 10 Years,5,10,7.5,5,5,False
Obiee Developer,LTIMindtree Ltd.,Kolkata,3 - 8 Years,3,8,5.5,5,1,False
"""Back end Developer"" , Golang Develoer",PREDATORS CONSULTING,"Mumbai, Navi Mumbai",1 - 3 Years,1,3,2.0,2,2,False
MS Dynamics F and O Finance Associate Consultant - J48196,SAMPOORNA CONSULTANTS PVT LTD,Pune,0 - 3 Years,0,3,1.5,3,1,False
Oracle project accounting functional Consultant,LTIMindtree Ltd.,"Ahmedabad, Bengaluru / Bangalore, Chennai, Hyderabad/Secunderabad, Kolkata",7 - 12 Years,7,12,9.5,5,5,False
"Senior Developer , Senior Developer / Software Engineer",PREDATORS CONSULTING,"Mumbai, Navi Mumbai",3 - 8 Years,3,8,5.5,5,2,False
Data Science Internship in Ahmedabad,Maxgen Technologies,"Ahmedabad, Bhavnagar, Junagarh, Rajkot, Surat",0 - 1 Years,0,1,0.5,1,5,False
IDAM - Transformation Director - J48377,SAMPOORNA CONSULTANTS PVT LTD,Chennai,18 - 23 Years,18,23,20.5,5,1,False
UI Technical Lead,Hucon Solutions India Pvt ltd,"Bengaluru / Bangalore, Pune, Bhubaneshwar",8 - 12 Years,8,12,10.0,4,3,False
Java Developer,Electrobrain modern technologies pvt ltd,"Bhopal, Gwalior, Indore",3 - 8 Years,3,8,5.5,5,3,False
SENIOR SOFTWARE ENGINEER,Electrobrain modern technologies pvt ltd,"Delhi, Delhi/NCR, Gurgaon, Mumbai, Noida/Greater Noida",3 - 8 Years,3,8,5.5,5,5,False
Data Management Developer- J48282,SAMPOORNA CONSULTANTS PVT LTD,"Bengaluru / Bangalore, Delhi, Mumbai",2 - 4 Years,2,4,3.0,2,3,False
Cloud Operations Manager - J48386,SAMPOORNA CONSULTANTS PVT LTD,Chennai,15 - 20 Years,15,20,17.5,5,1,False
Java Technical Architect,Hucon Solutions India Pvt ltd,Pune,13 - 18 Years,13,18,15.5,5,1,False
Java Internship in Pune,Maxgen Technologies,"Pune, Amravati, Dhule, Sangli, Satara",0 - 1 Years,0,1,0.5,1,5,False
Sharepoint Developer,LTIMindtree Ltd.,"Bengaluru / Bangalore, Chennai, Delhi/NCR, Hyderabad/Secunderabad, Mumbai",5 - 10 Years,5,10,7.5,5,5,False
Job for Data Science in Ahmedabad,Sparks To Ideas,Ahmedabad,0 - 1 Years,0,1,0.5,1,1,False
Sales and Marketing Manager - Finland  &  Singapore,LIMA FLY PRIVATE LIMITED,Singapore,7 - 12 Years,7,12,9.5,5,1,True
Web Designer / Developer,sharda consultancy Services,"Delhi, Delhi/NCR",3 - 6 Years,3,6,4.5,3,2,False
"Admin Executive , Administration Assistant / Executive",MIAECT Pvt Ltd,"Mumbai, Navi Mumbai, Thane",2 - 5 Years,2,5,3.5,3,3,False
Internship For Data Science,Sparks To Ideas,Ahmedabad,0 - 1 Years,0,1,0.5,1,1,False
Java Springboot  ( Req ID: 40675 ) -Level E - J48413,SAMPOORNA CONSULTANTS PVT LTD,Bengaluru / Bangalore,3 - 8 Years,3,8,5.5,5,1,False
Team Leader Voice openings,White Horse Manpower Consultancy P Ltd,Bengaluru / Bangalore,1 - 6 Years,1,6,3.5,5,1,False
Purchase / Material Management,U.S,Mumbai,3 - 8 Years,3,8,5.5,5,1,False
"Aircraft Mechanical maintenance engineer , Electrical Engineer",sachin kumar,"Ahmedabad, Bengaluru / Bangalore, Chennai, Hyderabad/Secunderabad, Mumbai",1 - 6 Years,1,6,3.5,5,5,False
Scrum master and Project manager,Midas Touch,"Bengaluru / Bangalore, Hyderabad/Secunderabad, Mumbai, Pune",7 - 12 Years,7,12,9.5,5,4,False
QA Automation API  Rest assured  mandate  Cucumber java selenium,White Horse Manpower Consultancy P Ltd,Bengaluru / Bangalore,7 - 12 Years,7,12,9.5,5,1,False
"Python Developer , Python , Python Full stack",Peopleplease Consulting,Mumbai,1 - 5 Years,1,5,3.0,4,1,False
"Fullstake Developer , Senior Software Engineer , Software Engineer",SHREE ADISHAKTHI CONSULTANCY,"Bengaluru / Bangalore, Chennai",4 - 8 Years,4,8,6.0,4,2,False
Python Developer - J48497,SAMPOORNA CONSULTANTS PVT LTD,Pune,1 - 4 Years,1,4,2.5,3,1,False
Senior .net Developer - Back End,TALPRO INDIA PRIVATE LIMITED,Bengaluru / Bangalore,7 - 15 Years,7,15,11.0,8,1,False
HR cum IR MANAGER,ANIRUDDHA ROY CHOUDHURY,"Chennai, Gurgaon, Kolkata, Mumbai",13 - 18 Years,13,18,15.5,5,4,False
RPA Developer Process Excellence Mumbai,Client of placement company,Mumbai,2 - 6 Years,2,6,4.0,4,1,False
Senior Consultant For Jira Immediate Joiners,White Horse Manpower Consultancy P Ltd,"Bengaluru / Bangalore, Chennai, Pune",12 - 17 Years,12,17,14.5,5,3,False
Maintenance Manager,Suman kumar,"Chennai, Delhi/NCR, Bilaspur, Satna, Rourkela",10 - 15 Years,10,15,12.5,5,5,False
Oracle Flexcube Technical with Corporate core banking,LTIMindtree Ltd.,"Bengaluru / Bangalore, Chennai, Hyderabad/Secunderabad, Mumbai, Pune",3 - 8 Years,3,8,5.5,5,5,False
Full Stack Internship in Pune,Maxgen Technologies,"Pune, Amravati, Dhule, Sangli, Satara",0 - 1 Years,0,1,0.5,1,5,False
Data science Internship,Sparks To Ideas,Ahmedabad,0 - 1 Years,0,1,0.5,1,1,False
Cyber security Internship,Sparks To Ideas,Ahmedabad,0 - 1 Years,0,1,0.5,1,1,False
Hardware Engineer Hiring  For DUBAI,ADAL IMMIGRATIONS LLP,Dubai,13 - 18 Years,13,18,15.5,5,1,True
"PA to MD , Salary 30-32K , Charges applicable after selection",Spearhead Technology Services,Kolkata,5 - 10 Years,5,10,7.5,5,1,False
SENIOR ACCOUNTS EXECUTIVE,Suman kumar,"Delhi/NCR, Kolkata, Pune, Jaipur, Lucknow",8 - 12 Years,8,12,10.0,4,5,False
Oracle VBCS / VBS Developer,LTIMindtree Ltd.,"Bengaluru / Bangalore, Chennai, Delhi/NCR, Kolkata, Mumbai",3 - 8 Years,3,8,5.5,5,5,False
"React JS Developer , ""Full Stack Software Developer""",Peopleplease Consulting,Mumbai,1 - 5 Years,1,5,3.0,4,1,False
React JS Developer,Waytogo Consultants Pvt Ltd,Pune,3 - 7 Years,3,7,5.0,4,1,False
SAP Project Manager required in Canada under PR,World Overseas immigration Consultancy Pvt Ltd,"Australia, Canada",2 - 7 Years,2,7,4.5,5,2,True
"LWC Developer , Lightning Web Components Developer",One World,"Ahmedabad, Bengaluru / Bangalore, Gurgaon, Hyderabad/Secunderabad, Mumbai",3 - 8 Years,3,8,5.5,5,5,False
Software Engineer II - J48455,SAMPOORNA CONSULTANTS PVT LTD,Chennai,2 - 5 Years,2,5,3.5,3,1,False
Database Administrator,Waytogo Consultants Pvt Ltd,Hyderabad/Secunderabad,2 - 7 Years,2,7,4.5,5,1,False
Lead Consultant Solutions Designing BPM immediate Joinings,White Horse Manpower Consultancy P Ltd,"Bengaluru / Bangalore, Chennai, Pune",12 - 17 Years,12,17,14.5,5,3,False
"PHP Developer , Php Programmer , Software Engineer",Gaurangna Singh,"Ahmedabad, Pune, Bilaspur, Raipur, Indore",1 - 6 Years,1,6,3.5,5,5,False
Computer Network and Systems Engineer,Navyah Immigration Services Private Limited,"Australia, Canada",2 - 5 Years,2,5,3.5,3,2,True
Regional Head Business Development,Equniox Business Solutions,Bengaluru / Bangalore,15 - 20 Years,15,20,17.5,5,1,False
Free internship in React Js,Sparks To Ideas,Ahmedabad,0 - 1 Years,0,1,0.5,1,1,False
Sap Concur Consultant immediate Joining,White Horse Manpower Consultancy P Ltd,Bengaluru / Bangalore,5 - 8 Years,5,8,6.5,3,1,False
Free Python Internship In Ahmedabad,Sparks To Ideas,"Ahmedabad, Bhavnagar, Botad, Gandhinagar, Junagarh",0 - 1 Years,0,1,0.5,1,5,False
Full Stack Developer  ( c# / .net ),TALPRO INDIA PRIVATE LIMITED,Bengaluru / Bangalore,7 - 15 Years,7,15,11.0,8,1,False
Winter Internship for cyber security,Sparks To Ideas,Ahmedabad,0 - 1 Years,0,1,0.5,1,1,False
Data Analyst - AI / ML - J48458,SAMPOORNA CONSULTANTS PVT LTD,Chennai,3 - 5 Years,3,5,4.0,2,1,False
"""DevOps Developer""",Medicca Limited,Bengaluru / Bangalore,3 - 8 Years,3,8,5.5,5,1,False
Web Designers and Developers,Navyah Immigration Services Private Limited,"Dubai, Australia, Canada, Singapore",2 - 5 Years,2,5,3.5,3,4,True
Python Developer Internship,Maxgen Technologies,"Ahmedabad, Anand, Gandhinagar, Mehsana, Surat",0 - 1 Years,0,1,0.5,1,5,False
Senior Director - Program  &  Project Management,LTIMindtree Ltd.,Hyderabad/Secunderabad,18 - 22 Years,18,22,20.0,4,1,False
Facility Manager,Suman kumar,"Gurgaon, Kolkata, Mumbai, Chandigarh, Indore",10 - 15 Years,10,15,12.5,5,5,False
"Personal Assistant , Secretary",Indica Industries Pvt Ltd,Noida/Greater Noida,3 - 8 Years,3,8,5.5,5,1,False
React js Internship in Pune,Maxgen Technologies,"Pune, Jalgaon, Kolhapur, Nasik, Solapur",0 - 1 Years,0,1,0.5,1,5,False
Power BI Developer,Waytogo Consultants Pvt Ltd,Hyderabad/Secunderabad,3 - 8 Years,3,8,5.5,5,1,False
Assistant Manager-Packaging Purchase,Venky's India Ltd.,Pune,10 - 15 Years,10,15,12.5,5,1,False
Java internship in Ahmedabad,Maxgen Technologies,"Ahmedabad, Bhavnagar, Junagarh, Rajkot, Surendranagar",0 - 1 Years,0,1,0.5,1,5,False
Aircraft Mechanical maintenance engineer,sachin kumar,"Bengaluru / Bangalore, Chennai, Mumbai, Pune, Visakhapatnam",1 - 6 Years,1,6,3.5,5,5,False
"PHP Developer , Web Developer , Software Developer , Software Engineer",DATAMAX INFOTECH,Mumbai,4 - 5 Years,4,5,4.5,1,1,False
"HR Jobs in Bangalore ,  Immediate Joining ,  DayShift ,  Sal 18k+Inc",White Horse Manpower Consultancy P Ltd,Bengaluru / Bangalore,1 - 4 Years,1,4,2.5,3,1,False
General Ledger Accountant,EXO Edge,"Delhi/NCR, Gurgaon, Noida/Greater Noida, Chandigarh, Mohali",4 - 9 Years,4,9,6.5,5,5,False
Business Analyst - J48343,SAMPOORNA CONSULTANTS PVT LTD,Hyderabad/Secunderabad,2 - 4 Years,2,4,3.0,2,1,False
"QA Engineer , Software Testing Engineer",Times internetghtytutujhjd,Bongaigaon,2 - 7 Years,2,7,4.5,5,1,False
Permanent Remote -AWS DevOps Engineer,TALPRO INDIA PRIVATE LIMITED,Bengaluru / Bangalore,7 - 15 Years,7,15,11.0,8,1,False
3D Environmental artist,BLUEPULSE VENTURES PRIVATE LIMITED,"Bengaluru / Bangalore, Mumbai",2 - 3 Years,2,3,2.5,1,2,False
Sr. Customer support executive Voice - Bank Payroll,Hy Fly Consultancy,"Pune, Mumbai, Navi Mumbai, Thane",0 - 3 Years,0,3,1.5,3,4,False
"HRBP , Human Resource Business Partner , Human Resource Generalist",PREDATORS CONSULTING,"Mumbai, Navi Mumbai",5 - 9 Years,5,9,7.0,4,2,False
"Course Designer , Content creator",Forgebs Technologies Pvt Ltd.,"Bengaluru / Bangalore, Hyderabad/Secunderabad, Kolkata, Mumbai, Pune",1 - 5 Years,1,5,3.0,4,5,False
React JS Internship in Pune,Maxgen Technologies,"Pune, Amravati, Aurangabad, Nasik, Sangli",0 - 1 Years,0,1,0.5,1,5,False
DevOps Cloud engineer - J48260,SAMPOORNA CONSULTANTS PVT LTD,Hyderabad/Secunderabad,3 - 5 Years,3,5,4.0,2,1,False
Software and Applications Programmers,Navyah Immigration Services Private Limited,"Dubai, Australia, Canada, Japan",2 - 7 Years,2,7,4.5,5,4,True
Winter Internship,Sparks To Ideas,Ahmedabad,0 - 1 Years,0,1,0.5,1,1,False
React Js Internship in Ahmedabad,Maxgen Technologies,"Ahmedabad, Bhavnagar, Junagarh, Rajkot, Surat",0 - 1 Years,0,1,0.5,1,5,False
Mern Stack Internship in Ahmedabad,Maxgen Technologies,Ahmedabad,0 - 1 Years,0,1,0.5,1,1,False
React Js Internship in Ahmedabad,Maxgen Technologies,"Ahmedabad, Anand, Gandhinagar, Mehsana, Surendranagar",0 - 1 Years,0,1,0.5,1,5,False
Data Management Developer-R1075025 - J48282,SAMPOORNA CONSULTANTS PVT LTD,"Bengaluru / Bangalore, Delhi, Mumbai",2 - 4 Years,2,4,3.0,2,3,False
"""APPLICATION SUPPORT ENGINEER""",Electrobrain modern technologies pvt ltd,"Bengaluru / Bangalore, Delhi, Delhi/NCR, Gurgaon, Mumbai",3 - 8 Years,3,8,5.5,5,5,False
Senior Accountant,Final Round,Kolkata,5 - 6 Years,5,6,5.5,1,1,False
Software Application Developer,Electrobrain modern technologies pvt ltd,"Delhi, Delhi/NCR, Gurgaon, Mumbai, Noida/Greater Noida",3 - 8 Years,3,8,5.5,5,5,False
Centre Head - J48373,SAMPOORNA CONSULTANTS PVT LTD,"Bengaluru / Bangalore, Chennai",15 - 20 Years,15,20,17.5,5,2,False
Quality Associate,Electrobrain modern technologies pvt ltd,"Delhi, Delhi/NCR, Gurgaon, Noida/Greater Noida, Pune",3 - 8 Years,3,8,5.5,5,5,False
Business Analyst,Electrobrain modern technologies pvt ltd,"Delhi, Delhi/NCR, Gurgaon, Noida/Greater Noida, Faridabad",3 - 8 Years,3,8,5.5,5,5,False
"Data Entry ,  Back Office ,  Computer Operator",Laxmi Infotech,"Delhi/NCR, Mumbai, Pune",0 - 3 Years,0,3,1.5,3,3,False
"network engineer , Software Engineer , Software Developer",RADKO INFOTECH,Chennai,0 - 1 Years,0,1,0.5,1,1,False
"Jobs in  Automation c# ,  SDET ,  testing UAT ,  Selenium with Java",White Horse Manpower Consultancy P Ltd,"Hyderabad/Secunderabad, Pune, Visakhapatnam",3 - 8 Years,3,8,5.5,5,3,False
Web development internship in Pune,Maxgen Technologies,"Pune, Jalgaon, Kolhapur, Nasik, Solapur",0 - 1 Years,0,1,0.5,1,5,False
Senior Analyst - Data Science,Electrobrain modern technologies pvt ltd,"Delhi, Delhi/NCR, Gurgaon, Mumbai, Noida/Greater Noida",2 - 7 Years,2,7,4.5,5,5,False
Web Development Internship in Ahmedabad,Maxgen Technologies,Ahmedabad,0 - 1 Years,0,1,0.5,1,1,False
Full Stack Internship in Pune,Maxgen Technologies,Pune,0 - 1 Years,0,1,0.5,1,1,False
Assistant General Manager  ( Logistics  &  Supply chain ),Suman kumar,"Delhi/NCR, Kolkata, Pune, Indore, Bhubaneshwar",15 - 20 Years,15,20,17.5,5,5,False
Desktop Engineers Required in Canada under PR visa,World Overseas immigration Consultancy Pvt Ltd,"Australia, Canada",2 - 7 Years,2,7,4.5,5,2,True
JD Edwrads Manufacturing Consultant,LTIMindtree Ltd.,"Delhi/NCR, Kolkata",4 - 9 Years,4,9,6.5,5,2,False
Accounts  &  Finance Manager,Ample Leap Cognition,Gurgaon,10 - 15 Years,10,15,12.5,5,1,False
Group HR Head  ( Core HR ),Ample Leap Cognition,Pune,20 - 25 Years,20,25,22.5,5,1,False
System Analyst Required in Austria  ( Europe ) Under work visa,World Overseas immigration Consultancy Pvt Ltd,"Australia, Canada, Germany",3 - 8 Years,3,8,5.5,5,3,True
Opportunities for Network Administrator in Canada,World Overseas immigration Consultancy Pvt Ltd,"Australia, Canada",2 - 7 Years,2,7,4.5,5,2,True
Aircraft Mechanical maintenance engineer,sachin kumar,"Ahmedabad, Bengaluru / Bangalore, Chennai, Hyderabad/Secunderabad, Kolkata",0 - 3 Years,0,3,1.5,3,5,False
Web Engineer  ( Frontend ),Electrobrain modern technologies pvt ltd,"Delhi, Delhi/NCR, Gurgaon, Mumbai, Faridabad",3 - 8 Years,3,8,5.5,5,5,False
Want Python  interns,Sparks To Ideas,Ahmedabad,0 - 1 Years,0,1,0.5,1,1,False
Java Developer Internship in Pune,Maxgen Technologies,"Pune, Jalgaon, Kolhapur, Nasik, Solapur",0 - 1 Years,0,1,0.5,1,5,False
Data Analyst Internship in Pune,Maxgen Technologies,Pune,0 - 1 Years,0,1,0.5,1,1,False
Python Developer,SKYWALK VISA IMMIGRATION SERVICES LLP,"Bengaluru / Bangalore, Australia, Canada, Germany, New Zealand",3 - 8 Years,3,8,5.5,5,5,True
Test Automation Engineer,Electrobrain modern technologies pvt ltd,"Delhi, Delhi/NCR, Gurgaon, Noida/Greater Noida, Pune",3 - 8 Years,3,8,5.5,5,5,False
JD Edwrads CNC,LTIMindtree Ltd.,"Delhi/NCR, Kolkata",4 - 9 Years,4,9,6.5,5,2,False
INTERNSHIP FOR FRESHERS IN PHP,Sparks To Ideas,Ahmedabad,0 - 1 Years,0,1,0.5,1,1,False
Project Manager PMP CPAM,White Horse Manpower Consultancy P Ltd,"Bengaluru / Bangalore, Chennai, Pune",12 - 17 Years,12,17,14.5,5,3,False
PROFESSOR /  ASSOCIATE / ASTT. PROFESSOR - COMPUTER SCIENCE,SNJ Skye Management Consultant,Kanpur,1 - 6 Years,1,6,3.5,5,1,False
OIC Developer,LTIMindtree Ltd.,"Bengaluru / Bangalore, Chennai, Delhi/NCR, Kolkata, Mumbai",3 - 8 Years,3,8,5.5,5,5,False
Service Delivery Manager - J48414,SAMPOORNA CONSULTANTS PVT LTD,Bengaluru / Bangalore,18 - 23 Years,18,23,20.5,5,1,False
Python Live Project Internship,Sparks To Ideas,Ahmedabad,0 - 1 Years,0,1,0.5,1,1,False
Team lead  /  International Customer Service - Voice,White Horse Manpower Consultancy P Ltd,"Bengaluru / Bangalore, Chennai, Hyderabad/Secunderabad",0 - 3 Years,0,3,1.5,3,3,False
"""Frontend Engineer""",KANDPAL CONSULTANT,"Bengaluru / Bangalore, Delhi, Hyderabad/Secunderabad, Pune, Chandigarh",3 - 4 Years,3,4,3.5,1,5,False
"Test Automation Engineer  , Software Test Automation Engineer",SHREE ADISHAKTHI CONSULTANCY,"Bengaluru / Bangalore, Chennai, Mumbai, Pune",4 - 8 Years,4,8,6.0,4,4,False
Software Developer,Medicca Limited,"Bengaluru / Bangalore, Chennai, Hyderabad/Secunderabad, Mumbai, Navi Mumbai",2 - 7 Years,2,7,4.5,5,5,False
"content writer , Technical Writer , seo",Laxmi Infotech,"Gurgaon, Kolkata, Mumbai, Noida/Greater Noida, Pune",0 - 3 Years,0,3,1.5,3,5,False
PHP / Wordpress Developer,Reliqus,Delhi,0 - 1 Years,0,1,0.5,1,1,False
Senior Software Testers,Navyah Immigration Services Private Limited,"Dubai, Australia, Canada, Japan",2 - 5 Years,2,5,3.5,3,4,True
Python Internship for freshers,Sparks To Ideas,Ahmedabad,0 - 1 Years,0,1,0.5,1,1,False
"""Hardware  &  Networking Engineer""",Suresh Gopalan Acharya,Mumbai,1 - 4 Years,1,4,2.5,3,1,False
Website Designer Intern,Reliqus,Delhi,0 - 1 Years,0,1,0.5,1,1,False
General Ledger Accountant,Addenda Chemical India Private Limited,Gurgaon,3 - 8 Years,3,8,5.5,5,1,False
"content writer , Technical Writer , seo",Laxmi Infotech,"Bengaluru / Bangalore, Chennai, Delhi, Hyderabad/Secunderabad",0 - 3 Years,0,3,1.5,3,4,False
"Manual Testing with Enterprise Networking Experience ,  Bangalore",White Horse Manpower Consultancy P Ltd,Bengaluru / Bangalore,5 - 10 Years,5,10,7.5,5,1,False
Project Manager  /  Delivery Manager,HR Jobs Placements,"Bengaluru / Bangalore, Chennai, Delhi/NCR, Kolkata, Mumbai",8 - 13 Years,8,13,10.5,5,5,False
Database Administrator Required in Canada under PR visa,World Overseas immigration Consultancy Pvt Ltd,"Australia, Canada",2 - 7 Years,2,7,4.5,5,2,True
QA Analyst II,Electrobrain modern technologies pvt ltd,"Ahmedabad, Bengaluru / Bangalore, Chennai, Mumbai",3 - 8 Years,3,8,5.5,5,4,False
SAP Consultant,Aerro outsourcing pvt ltd,"Abu Dhabi, Dubai, Australia, Canada, Hong Kong",1 - 6 Years,1,6,3.5,5,5,True
"Software Analyst , Programmer Analyst  ( Java )  , Ui Designer",RADKO INFOTECH,Chennai,0 - 1 Years,0,1,0.5,1,1,False
JD Edwrads S & D Consultant,LTIMindtree Ltd.,"Bengaluru / Bangalore, Chennai, Hyderabad/Secunderabad, Mumbai, Pune",4 - 9 Years,4,9,6.5,5,5,False
"Software Developer , Developer",Upholic Tech Private Limited,"Mumbai, Thane",1 - 3 Years,1,3,2.0,2,2,False
JD Edwrads Finance Consultant,LTIMindtree Ltd.,"Bengaluru / Bangalore, Chennai, Hyderabad/Secunderabad, Mumbai, Pune",4 - 9 Years,4,9,6.5,5,5,False
Python Internship in Pune,Maxgen Technologies,Pune,0 - 1 Years,0,1,0.5,1,1,False
Junior Legal Associate,Cyberpolicies,"Delhi, Delhi/NCR",2 - 4 Years,2,4,3.0,2,2,False
Workday Functional Consultant,LTIMindtree Ltd.,"Bengaluru / Bangalore, Kolkata, Mumbai, Noida/Greater Noida, Pune",3 - 8 Years,3,8,5.5,5,5,False
Senior OCI admin,LTIMindtree Ltd.,"Bengaluru / Bangalore, Chennai, Kolkata, Mumbai, Pune",5 - 10 Years,5,10,7.5,5,5,False
Qa Engineer,Electrobrain modern technologies pvt ltd,"Delhi, Delhi/NCR, Gurgaon, Noida/Greater Noida, Pune",3 - 8 Years,3,8,5.5,5,5,False
PROFESSOR /  ASSOCIATE / ASSISTANT PROFESSOR -  BCA,SNJ Skye Management Consultant,Kanpur,0 - 3 Years,0,3,1.5,3,1,False
JD Edwards Technical Consultant,LTIMindtree Ltd.,"Bengaluru / Bangalore, Delhi, Hyderabad/Secunderabad, Mumbai, Pune",4 - 9 Years,4,9,6.5,5,5,False
IT MANAGER,HR Jobs Placements,"Hyderabad/Secunderabad, Kolkata, Mumbai, Noida/Greater Noida, Pune",7 - 12 Years,7,12,9.5,5,5,False
MERN stack Developer,National Institute For Career Education,"Ahmedabad, Bengaluru / Bangalore, Chennai, Hyderabad/Secunderabad, Kolkata",0 - 3 Years,0,3,1.5,3,5,False
Full Stack Internship in Pune,Maxgen Technologies,"Pune, Jalgaon, Kolhapur, Nasik, Solapur",0 - 1 Years,0,1,0.5,1,5,False
"Software  Test  Engineer , Testing Engineer",SHREE ADISHAKTHI CONSULTANCY,"Bengaluru / Bangalore, Chennai, Mumbai, Pune",4 - 8 Years,4,8,6.0,4,4,False
"Mis Executive , Sales Coordinator",New Global Technologies,"Ahmedabad, Delhi/NCR, Gurgaon, Kolkata, Noida/Greater Noida",0 - 3 Years,0,3,1.5,3,5,False
Azure Devops Engineer,Laxmi Infotech,"Ahmedabad, Delhi, Gurgaon, Kolkata, Mumbai",3 - 8 Years,3,8,5.5,5,5,False
Senior Angular Developer,White Horse Manpower Consultancy P Ltd,"Bengaluru / Bangalore, Mumbai, Pune",5 - 10 Years,5,10,7.5,5,3,False
Senior .net Developer,White Horse Manpower Consultancy P Ltd,"Bengaluru / Bangalore, Mumbai, Pune",5 - 10 Years,5,10,7.5,5,3,False
Senior Infrastructure Engineer,White Horse Manpower Consultancy P Ltd,"Bengaluru / Bangalore, Mumbai, Pune",2 - 7 Years,2,7,4.5,5,3,False
Flash Animator  /  Multimedia graphics designer,Laxmi Infotech,"Ahmedabad, Gurgaon, Kolkata, Noida/Greater Noida",0 - 3 Years,0,3,1.5,3,4,False
Senior Full Stack Developer,White Horse Manpower Consultancy P Ltd,"Bengaluru / Bangalore, Mumbai, Pune",5 - 10 Years,5,10,7.5,5,3,False
Manual Test Engineer,Electrobrain modern technologies pvt ltd,"Delhi, Delhi/NCR, Gurgaon, Mumbai, Noida/Greater Noida",3 - 6 Years,3,6,4.5,3,5,False
BPO AP Lead,White Horse Manpower Consultancy P Ltd,"Bengaluru / Bangalore, Mumbai, Pune",10 - 15 Years,10,15,12.5,5,3,False
"Mis Executive , Sales Coordinator",New Global Technologies,"Bengaluru / Bangalore, Chennai, Hyderabad/Secunderabad, Mumbai, Pune",0 - 3 Years,0,3,1.5,3,5,False
"Quality Analyst Technical Support Process ,  QA TSE",White Horse Manpower Consultancy P Ltd,Bengaluru / Bangalore,1 - 6 Years,1,6,3.5,5,1,False
Business Analyst,LTIMindtree Ltd.,"Bengaluru / Bangalore, Chennai, Mumbai, Pune",1 - 2 Years,1,2,1.5,1,4,False
"FrontEnd Developer , FrontEnd Engineer , FrontEnd Web Developer",PREDATORS CONSULTING,"Mumbai, Navi Mumbai",1 - 3 Years,1,3,2.0,2,2,False
"Data Analyst , Database Administrator",Aerro outsourcing pvt ltd,"Abu Dhabi, Dubai, Australia, Canada, Hong Kong",1 - 6 Years,1,6,3.5,5,5,True
Mechanical Engineer,Laxmi Infotech,"Bengaluru / Bangalore, Chennai, Hyderabad/Secunderabad, Mumbai, Pune",0 - 3 Years,0,3,1.5,3,5,False
R2R Team Leader Or Manager,White Horse Manpower Consultancy P Ltd,Bengaluru / Bangalore,4 - 8 Years,4,8,6.0,4,1,False
Technical Performance Specialist - Cloud Computing,New Global Technologies,"Bengaluru / Bangalore, Delhi, Hyderabad/Secunderabad, Mumbai, Pune",1 - 6 Years,1,6,3.5,5,5,False
Jr. Software Tester,Reliqus,Delhi,0 - 1 Years,0,1,0.5,1,1,False
IT infrastruture manager immediate Joining  8553281886,White Horse Manpower Consultancy P Ltd,Bengaluru / Bangalore,5 - 7 Years,5,7,6.0,2,1,False
BPO Customer Care Voice Process call  Ayesha@ 9972020050,White Horse Manpower Consultancy P Ltd,Bengaluru / Bangalore,2 - 6 Years,2,6,4.0,4,1,False
"B.E  , B.tech  , Diploma- engineers",New Global Technologies,"Bengaluru / Bangalore, Chennai, Hyderabad/Secunderabad, Kolkata, Mumbai",0 - 3 Years,0,3,1.5,3,5,False
Dev Manager,White Horse Manpower Consultancy P Ltd,"Bengaluru / Bangalore, Mumbai, Pune",10 - 15 Years,10,15,12.5,5,3,False
"SAP Consultant , Sap Basis Consultant",HR Jobs Placements,"Bengaluru / Bangalore, Chennai, Delhi/NCR, Hyderabad/Secunderabad, Mumbai",5 - 10 Years,5,10,7.5,5,5,False
"Java Developer , Software Engineer , Developer",Peopleplease Consulting,Mumbai,0 - 3 Years,0,3,1.5,3,1,False
Senior Software Engineer,New Global Technologies,"Visakhapatnam, Patna, Gandhinagar, Ranchi, Cochin/ Kochi/ Ernakulam",1 - 6 Years,1,6,3.5,5,5,False
Network Administrator I,Laxmi Infotech,"Ahmedabad, Gurgaon, Kolkata, Noida/Greater Noida, Pune",0 - 3 Years,0,3,1.5,3,5,False
Telco lead For Incident and Fault Management immediate Joining,White Horse Manpower Consultancy P Ltd,Bengaluru / Bangalore,9 - 14 Years,9,14,11.5,5,1,False
Network Engineer,Laxmi Infotech,"Bengaluru / Bangalore, Chennai, Hyderabad/Secunderabad",1 - 6 Years,1,6,3.5,5,3,False
ETL Developer,New Global Technologies,"Ahmedabad, Gurgaon, Kolkata, Noida/Greater Noida, Cochin/ Kochi/ Ernakulam",0 - 3 Years,0,3,1.5,3,5,False
Manual Test Engineer Required in Canada Under PNP program,World Overseas immigration Consultancy Pvt Ltd,"Australia, Canada",2 - 7 Years,2,7,4.5,5,2,True
General Manager,HR Jobs Placements,"Bengaluru / Bangalore, Chennai, Delhi/NCR, Hyderabad/Secunderabad, Mumbai",8 - 13 Years,8,13,10.5,5,5,False
"datawarehousing  , database developer",New Global Technologies,"Bengaluru / Bangalore, Chennai, Hyderabad/Secunderabad, Mumbai, Noida/Greater Noida",0 - 3 Years,0,3,1.5,3,5,False
"Technical Engineer ,  Computer Hardware Engineer ,  Support Engineer",Laxmi Infotech,"Bengaluru / Bangalore, Chennai, Hyderabad/Secunderabad, Mumbai, Pune",1 - 6 Years,1,6,3.5,5,5,False
Android Developer,New Global Technologies,"Bengaluru / Bangalore, Chennai, Hyderabad/Secunderabad, Mumbai, Pune",1 - 6 Years,1,6,3.5,5,5,False
"Network Engineer , System Administrator , Hardware Engineer",Laxmi Infotech,"Delhi/NCR, Mumbai, Pune",1 - 6 Years,1,6,3.5,5,3,False
"Network Administrator , Network Engineer , System Engineer",AppSoft Solutions,"Bengaluru / Bangalore, Chennai, Delhi, Mumbai, Pune",0 - 3 Years,0,3,1.5,3,5,False
Financial Analyst,HR Jobs Placements,"Bengaluru / Bangalore, Chennai, Delhi/NCR, Hyderabad/Secunderabad, Mumbai",2 - 7 Years,2,7,4.5,5,5,False
Azure Devops Engineer,New Global Technologies,"Bengaluru / Bangalore, Chennai, Hyderabad/Secunderabad, Mumbai, Pune",1 - 6 Years,1,6,3.5,5,5,False
Hardware Networking Engineer,New Global Technologies,"Bengaluru / Bangalore, Chennai, Hyderabad/Secunderabad, Mumbai, Pune",0 - 3 Years,0,3,1.5,3,5,False
Technical Support Engineer,Laxmi Infotech,"Ahmedabad, Delhi, Gurgaon, Noida/Greater Noida, Pune",0 - 3 Years,0,3,1.5,3,5,False
Business Analyst,White Horse Manpower Consultancy P Ltd,"Bengaluru / Bangalore, Mumbai, Pune",4 - 9 Years,4,9,6.5,5,3,False
Senior Business Analyst / Data Engineer - Python  &  Cloud Computing,New Global Technologies,"Bengaluru / Bangalore, Delhi/NCR, Hyderabad/Secunderabad, Mumbai, Pune",1 - 6 Years,1,6,3.5,5,5,False
"DBA , Database Administrative , Oracle Dba",AppSoft Solutions,"Bengaluru / Bangalore, Chennai, Delhi, Mumbai, Pune",0 - 3 Years,0,3,1.5,3,5,False
"Associate Engineer , diploma  , be , btech",Laxmi Infotech,"Ahmedabad, Delhi, Gurgaon, Kolkata, Noida/Greater Noida",0 - 3 Years,0,3,1.5,3,5,False
"""Android  /  iOS Developer""",Laxmi Infotech,"Ahmedabad, Delhi, Gurgaon, Kolkata, Noida/Greater Noida",0 - 3 Years,0,3,1.5,3,5,False
"Network Engineer , System Administrator , Hardware Engineer",Laxmi Infotech,"Ahmedabad, Gurgaon, Kolkata, Noida/Greater Noida, Pune",0 - 3 Years,0,3,1.5,3,5,False
Oracle Database Administrator,Laxmi Infotech,"Bengaluru / Bangalore, Hyderabad/Secunderabad, Pune",0 - 3 Years,0,3,1.5,3,3,False
"L1 , l2 Support Engineer",New Global Technologies,"Ahmedabad, Gurgaon, Kolkata, Noida/Greater Noida, Pune",0 - 3 Years,0,3,1.5,3,5,False
"Software Engineer , Software Developer",ASSOCIATIVE,Pune,0 - 1 Years,0,1,0.5,1,1,False
Opening of Accountant  ( Mid Level )  for a Manufacturing Company,Universal Consultant and Management Services,Kolkata,2 - 7 Years,2,7,4.5,5,1,False
Service Delivery- Manager,HR Jobs Placements,"Bengaluru / Bangalore, Chennai, Delhi/NCR, Hyderabad/Secunderabad, Pune",8 - 13 Years,8,13,10.5,5,5,False
Automation Test Manager,HR Jobs Placements,"Bengaluru / Bangalore, Chennai, Delhi/NCR, Kolkata, Mumbai",8 - 13 Years,8,13,10.5,5,5,False
Mobile Application Developer,New Global Technologies,"Ahmedabad, Bengaluru / Bangalore, Gurgaon, Kolkata, Noida/Greater Noida",0 - 3 Years,0,3,1.5,3,5,False
"JAVA Applications Developer , JAVA Developer",Suresh Gopalan Acharya,Mumbai,0 - 2 Years,0,2,1.0,2,1,False
Computer Operator / Data Entry Operator,Aryan technologies,"Akola, Latur, Lonavala, Thane, Vasai",0 - 3 Years,0,3,1.5,3,5,False
Computer Operator / Data Entry Operator,Aryan technologies,"Bongaigaon, Dhubri, Dibrugarh, Guwahati, Jorhat",0 - 3 Years,0,3,1.5,3,5,False
"Cloud Engineer , ""AWS Cloud Engineer""",AppSoft Solutions,"Bengaluru / Bangalore, Chennai, Delhi, Mumbai, Pune",0 - 3 Years,0,3,1.5,3,5,False
IT Manager,HR Jobs Placements,"Hyderabad/Secunderabad, Kolkata, Mumbai, Noida/Greater Noida, Pune",14 - 18 Years,14,18,16.0,4,5,False
Computer Operator / Data Entry Operator,Aryan technologies,"Panjim/Panaji, Vasco Da Gama, Gandhinagar, Surat, Vadodara",0 - 3 Years,0,3,1.5,3,5,False
"L1 , l2 Support Engineer",New Global Technologies,"Bengaluru / Bangalore, Chennai, Delhi/NCR, Hyderabad/Secunderabad, Mumbai",0 - 3 Years,0,3,1.5,3,5,False
Computer Operator / Data Entry Operator,Aryan technologies,"Jalgaon, Kolhapur, Nasik, Satara",0 - 3 Years,0,3,1.5,3,4,False
IT / Non-IT recruiter,RANGAM INFOTECH PVT. LTD.,Vadodara,0 - 3 Years,0,3,1.5,3,1,False
Embedded Software Engineer,New Global Technologies,"Bengaluru / Bangalore, Chennai, Hyderabad/Secunderabad, Mumbai, Pune",0 - 3 Years,0,3,1.5,3,5,False
IT Coordinator  /  IT Technician,Hilton Hotels & Resorts,Doha,1 - 5 Years,1,5,3.0,4,1,False
Configuration / Release Manager,HR Jobs Placements,"Hyderabad/Secunderabad, Kolkata, Mumbai, Noida/Greater Noida, Pune",7 - 12 Years,7,12,9.5,5,5,False
Operations Manager,HR Jobs Placements,"Bengaluru / Bangalore, Chennai, Delhi, Delhi/NCR, Gurgaon",9 - 14 Years,9,14,11.5,5,5,False
Computer Operator / Data Entry Operator,Aryan technologies,"Amritsar, Batala, Bathinda, Chandigarh, Faridkot",0 - 3 Years,0,3,1.5,3,5,False
General Manager,HR Jobs Placements,"Ahmedabad, Bengaluru / Bangalore, Delhi/NCR, Hyderabad/Secunderabad, Pune",8 - 13 Years,8,13,10.5,5,5,False
Web Designer  /  Visualiser  /  Graphic Designer,New Global Technologies,"Bengaluru / Bangalore, Delhi/NCR, Hyderabad/Secunderabad, Mumbai, Pune",0 - 3 Years,0,3,1.5,3,5,False
Data Entry Jobs,Aryan technologies,"Bidar, Gulbarga, Hubli, Mangalore, Mysoru / Mysore",0 - 3 Years,0,3,1.5,3,5,False
Big Data Analyst,HR Jobs Placements,"Bengaluru / Bangalore, Delhi/NCR, Hyderabad/Secunderabad, Kolkata, Mumbai",11 - 16 Years,11,16,13.5,5,5,False
Program  &  Project Manager,HR Jobs Placements,"Delhi/NCR, Hyderabad/Secunderabad, Kolkata, Mumbai, Pune",5 - 10 Years,5,10,7.5,5,5,False
Web Designer  /  Visualiser  /  Graphic Designer,New Global Technologies,"Ahmedabad, Chennai, Gurgaon, Kolkata, Noida/Greater Noida",0 - 3 Years,0,3,1.5,3,5,False
PHP Developer,New Global Technologies,"Bengaluru / Bangalore, Chennai, Hyderabad/Secunderabad, Mumbai, Pune",0 - 3 Years,0,3,1.5,3,5,False
Design Engineer I,Laxmi Infotech,"Bengaluru / Bangalore, Chennai, Hyderabad/Secunderabad, Mumbai, Pune",0 - 3 Years,0,3,1.5,3,5,False
Network Engineer / system admin,New Global Technologies,"Bengaluru / Bangalore, Chennai, Delhi/NCR, Hyderabad/Secunderabad, Mumbai",0 - 3 Years,0,3,1.5,3,5,False
Senior Business Analyst / Data Engineer - Python  &  Cloud Computing,New Global Technologies,"Ahmedabad, Chennai, Gurgaon, Kolkata, Noida/Greater Noida",0 - 3 Years,0,3,1.5,3,5,False
c ++ / Php / Ajax Developer,Laxmi Infotech,"Bengaluru / Bangalore, Chennai, Hyderabad/Secunderabad, Mumbai, Pune",0 - 3 Years,0,3,1.5,3,5,False
Computer Operator / Data Entry Operator,Aryan technologies,"Indore, Jabalpur, Katni, Ratlam, Ujjain",0 - 3 Years,0,3,1.5,3,5,False
Network Engineer,HR Jobs Placements,"Bengaluru / Bangalore, Chennai, Delhi/NCR, Hyderabad/Secunderabad, Mumbai",2 - 7 Years,2,7,4.5,5,5,False
Project Manager,HR Jobs Placements,"Ahmedabad, Bengaluru / Bangalore, Chennai, Delhi/NCR, Pune",8 - 13 Years,8,13,10.5,5,5,False
Senior Data Scientist - Machine Learning,HR Jobs Placements,"Hyderabad/Secunderabad, Kolkata, Mumbai, Noida/Greater Noida, Pune",5 - 10 Years,5,10,7.5,5,5,False
Web Applications Developer,Laxmi Infotech,"Bengaluru / Bangalore, Chennai, Hyderabad/Secunderabad, Mumbai, Pune",0 - 3 Years,0,3,1.5,3,5,False
Data Analyst,AppSoft Solutions,"Bengaluru / Bangalore, Chennai, Delhi, Mumbai, Pune",0 - 3 Years,0,3,1.5,3,5,False
QA Engineer  / software testing,New Global Technologies,"Ahmedabad, Delhi/NCR, Gurgaon, Kolkata, Noida/Greater Noida",0 - 3 Years,0,3,1.5,3,5,False
Software Developer,New Global Technologies,"Chandigarh, Patna, Cochin/ Kochi/ Ernakulam, Jaipur, Coimbatore",0 - 3 Years,0,3,1.5,3,5,False
IT Recruiter,Tekshapers Software Solutions  ( P )  Limited,Noida/Greater Noida,0 - 3 Years,0,3,1.5,3,1,False
IT Recruiter,INFINITY GROUP,"Delhi, Delhi/NCR",2 - 3 Years,2,3,2.5,1,2,False
IT / Non-IT Recruiter and Sr. IT / Non-IT Recruiter,ProAssert,"Chennai, Coimbatore, Trichy, Bengaluru / Bangalore",0 - 3 Years,0,3,1.5,3,4,False
IT Recruiter,SEVEN CONSULTANCY,Hyderabad/Secunderabad,0 - 3 Years,0,3,1.5,3,1,False
IT Manager,Hilton Hotels & Resorts,Philippines,5 - 8 Years,5,8,6.5,3,1,False
Executive- IT,Malabar Gold and Diamonds,Calicut/ Kozhikode,3 - 4 Years,3,4,3.5,1,1,False
IT Support,eye mantra,"Delhi, Delhi/NCR",0 - 3 Years,0,3,1.5,3,2,False
IT Administrator,SyMetric,Bengaluru / Bangalore,2 - 3 Years,2,3,2.5,1,1,False
Casino - IT,Marriott International Inc,Cairo,1 - 4 Years,1,4,2.5,3,1,False
IT Manager,Power plus cables Co,Fujairah,7 - 10 Years,7,10,8.5,3,1,False
IT Analyst,Textron India Pvt Ltd,Bengaluru / Bangalore,3 - 5 Years,3,5,4.0,2,1,False
IT Recruiter,Amicus Technology,"Pune, Raipur",2 - 5 Years,2,5,3.5,3,2,False
IT EXECUTIVE,Divya Placement Consultant,Faridabad,1 - 2 Years,1,2,1.5,1,1,False
IT EXECUTIVE,infoicon technologies pvt ltd.,Gurgaon,0 - 1 Years,0,1,0.5,1,1,False
IT Specialist,HUSYS CONSULTING LTD,Bengaluru / Bangalore,5 - 8 Years,5,8,6.5,3,1,False
IT Onsite,DXC Technologies,China,2 - 5 Years,2,5,3.5,3,1,False
IT support,SEVEN CONSULTANCY,"Delhi, Delhi/NCR",0 - 1 Years,0,1,0.5,1,2,False
IT Executive,SEVEN CONSULTANCY,"Navi Mumbai, Mumbai, Thane",1 - 3 Years,1,3,2.0,2,3,False
IT Manager,SEVEN CONSULTANCY,Mumbai,0 - 3 Years,0,3,1.5,3,1,False
IT Support,SEVEN CONSULTANCY,"Delhi, Delhi/NCR",1 - 4 Years,1,4,2.5,3,2,False
IT manager,SEVEN CONSULTANCY,Dehradun,0 - 3 Years,0,3,1.5,3,1,False
IT manager,SEVEN CONSULTANCY,Siliguri,0 - 3 Years,0,3,1.5,3,1,False
IT Support,SEVEN CONSULTANCY,"Bilaspur, Bilaspur",1 - 2 Years,1,2,1.5,1,2,False
IT Executive,SEVEN CONSULTANCY,"Delhi, Delhi/NCR",2 - 5 Years,2,5,3.5,3,2,False
IT Administrator,CONNECTING 2 WORK,Bengaluru / Bangalore,2 - 5 Years,2,5,3.5,3,1,False
IT Automation,Stockholdings,"Navi Mumbai, Mumbai",10 - 13 Years,10,13,11.5,3,2,False
IT Helpdesk,INSIGHT BUSINESS MACHINES PVT LTD,Mumbai,1 - 3 Years,1,3,2.0,2,1,False
IT Admin,Dxcorr Design,Bengaluru / Bangalore,3 - 6 Years,3,6,4.5,3,1,False
IT Head,2Soft Solutions Pvt. Ltd.,Mumbai,8 - 11 Years,8,11,9.5,3,1,False
Executive IT,Elite Wealth Advisors Limited,Delhi,0 - 3 Years,0,3,1.5,3,1,False
IT Networking,Z Square Mall,Kanpur,1 - 4 Years,1,4,2.5,3,1,False
IT Head,TransGraph Consulting Pvt.Ltd.,Hyderabad/Secunderabad,12 - 15 Years,12,15,13.5,3,1,False
IT Executive,megri soft limited,Chandigarh,1 - 4 Years,1,4,2.5,3,1,False
IT Assistant,city montessori school lucknow,Lucknow,0 - 3 Years,0,3,1.5,3,1,False
IT Executive,ace softex pvt. ltd.,Rajkot,2 - 4 Years,2,4,3.0,2,1,False
IT PROFESSIONAL,CONNECTING 2 WORK,Thiruvananthapuram,2 - 5 Years,2,5,3.5,3,1,False
IT Professional,CONNECTING 2 WORK,Unknown,0 - 3 Years,0,3,1.5,3,1,False
IT Specialist,lear corporation  ( onward technology pay role ),Unknown,1 - 5 Years,1,5,3.0,4,1,False
Managementkonsult IT,CGI Information Systems and Management Consultants Pvt Ltd,Sweden,5 - 7 Years,5,7,6.0,2,1,False
Director IT,highrise solutions llp,Pune,1 - 2 Years,1,2,1.5,1,1,False
IT Engineer,BHTC India Pvt Ltd,Pune,0 - 3 Years,0,3,1.5,3,1,False
IT Executive,you broadband & cable india pvt. ltd.,Surat,1 - 4 Years,1,4,2.5,3,1,False
IT Recruiter,NCPL,Noida/Greater Noida,0 - 2 Years,0,2,1.0,2,1,False
IT Recruiter,amicus technologies pvt ltd,"Pune, Raipur",2 - 5 Years,2,5,3.5,3,2,False
IT Faculty,TandA HR Solutions,"Chamba, Una",2 - 3 Years,2,3,2.5,1,2,False
IT Teacher,TandA HR Solutions,"Mumbai, Chamba, Mohali, Una",2 - 3 Years,2,3,2.5,1,4,False
IT Teacher,TandA HR Solutions,"Chamba, Mohali, Una",2 - 3 Years,2,3,2.5,1,3,False
IT Administrator,SEVEN CONSULTANCY,"Navi Mumbai, Mumbai",2 - 4 Years,2,4,3.0,2,2,False
IT Admin,SEVEN CONSULTANCY,Ahmedabad,2 - 3 Years,2,3,2.5,1,1,False
IT Admin,SEVEN CONSULTANCY,"Navi Mumbai, Mumbai",0 - 3 Years,0,3,1.5,3,2,False
IT executive,SEVEN CONSULTANCY,Mumbai,1 - 2 Years,1,2,1.5,1,1,False
Lead - IT,Bajaj Finserv Lending Ltd,Pune,6 - 8 Years,6,8,7.0,2,1,False
: IT Director,highrise solutions llp,Pune,1 - 4 Years,1,4,2.5,3,1,False
IT Engineer,Larsen & Toubro Infotech Ltd,Vadodara,5 - 7 Years,5,7,6.0,2,1,False
IT Student,danfoss india innovation center,Mexico,0 - 1 Years,0,1,0.5,1,1,False
IT Coordinator,Hilton Hotels & Resorts,Italy,1 - 3 Years,1,3,2.0,2,1,False
IT Supervisor,Hilton Hotels & Resorts,Unknown,5 - 7 Years,5,7,6.0,2,1,False
Lead - IT,Bajaj Finserv Lending Ltd,Pune,5 - 7 Years,5,7,6.0,2,1,False
Lead - IT,Bajaj Finserv Lending Ltd,Pune,6 - 9 Years,6,9,7.5,3,1,False
IT Specialist,IBM India Pvt Ltd,Bengaluru / Bangalore,2 - 5 Years,2,5,3.5,3,1,False
Head of IT,Incuspaze,Gurgaon,3 - 6 Years,3,6,4.5,3,1,False
Mainframe Analyst,HR Jobs Placements,"Ahmedabad, Bengaluru / Bangalore, Chennai, Delhi/NCR, Hyderabad/Secunderabad",9 - 14 Years,9,14,11.5,5,5,False
IT Recruiter /  NON IT Recruiter,2Soft Solutions Pvt. Ltd.,"Mumbai, Pune",0 - 6 Years,0,6,3.0,6,2,False
IT Executive  /  Sr. IT Executive,ACTIVE INDIA EMPLOYMENT SERVICES PRIVATE LIMITED,Gandhidham,3 - 6 Years,3,6,4.5,3,1,False
"IT Logistics Manager ,  IT Services",AMAZON INDIA PVT LTD,"Chennai, Mumbai, Bengaluru / Bangalore, Pune, Hyderabad/Secunderabad",5 - 7 Years,5,7,6.0,2,5,False
Lead - IT / Senior Lead - IT,Bajaj Finserv Lending Ltd,Pune,5 - 8 Years,5,8,6.5,3,1,False
Lead - IT / Senior Lead - IT,Bajaj Finserv Lending Ltd,Pune,5 - 10 Years,5,10,7.5,5,1,False
Test Manager,HR Jobs Placements,"Bengaluru / Bangalore, Chennai, Delhi/NCR, Kolkata, Mumbai",8 - 13 Years,8,13,10.5,5,5,False
Senior Data Scientist - Machine Learning,HR Jobs Placements,"Ahmedabad, Bengaluru / Bangalore, Chennai, Delhi, Gurgaon",5 - 10 Years,5,10,7.5,5,5,False
Configuration / Release Manager,HR Jobs Placements,"Ahmedabad, Bengaluru / Bangalore, Chennai, Delhi, Gurgaon",11 - 16 Years,11,16,13.5,5,5,False
Telecom Software Engineer,HR Jobs Placements,"Ahmedabad, Bengaluru / Bangalore, Chennai, Delhi/NCR, Hyderabad/Secunderabad",2 - 7 Years,2,7,4.5,5,5,False
Software Developer,Laxmi Infotech,"Mumbai, Pune",1 - 6 Years,1,6,3.5,5,2,False
"Web Designing , Web Designer , Graphics Designer",AppSoft Solutions,"Bengaluru / Bangalore, Chennai, Delhi, Mumbai, Pune",0 - 3 Years,0,3,1.5,3,5,False
IT Head,HR Jobs Placements,"Ahmedabad, Bengaluru / Bangalore, Chennai, Delhi, Gurgaon",12 - 17 Years,12,17,14.5,5,5,False
Java Project Manager,HR Jobs Placements,"Ahmedabad, Bengaluru / Bangalore, Chennai, Delhi, Gurgaon",10 - 15 Years,10,15,12.5,5,5,False
Telecom Software Engineer,HR Jobs Placements,"Kolkata, Mumbai, Pune, Mysoru / Mysore, Coimbatore",2 - 7 Years,2,7,4.5,5,5,False
"Be B Tech Fresher , Associate Engineer",Laxmi Infotech,"Bengaluru / Bangalore, Chennai, Hyderabad/Secunderabad, Mumbai, Pune",0 - 3 Years,0,3,1.5,3,5,False
Fullstack Developer,New Global Technologies,"Bengaluru / Bangalore, Chennai, Hyderabad/Secunderabad, Mumbai, Pune",1 - 6 Years,1,6,3.5,5,5,False
Java Project Manager,HR Jobs Placements,"Hyderabad/Secunderabad, Kolkata, Mumbai, Noida/Greater Noida, Pune",10 - 15 Years,10,15,12.5,5,5,False
FINANCE MANAGER FOR AUSTRALIA  &  CANADA,LIMA FLY PRIVATE LIMITED,"Australia, Canada",9 - 13 Years,9,13,11.0,4,2,True
"Senior Application Programmer , application programming",HR Jobs Placements,"Hyderabad/Secunderabad, Kolkata, Mumbai, Noida/Greater Noida, Pune",5 - 10 Years,5,10,7.5,5,5,False
Asset Management Executive,Team Computers Pvt Ltd,"Mumbai, Delhi, Chennai, Delhi/NCR",2 - 5 Years,2,5,3.5,3,4,False
IT Head,HR Jobs Placements,"Hyderabad/Secunderabad, Kolkata, Mumbai, Noida/Greater Noida, Pune",12 - 17 Years,12,17,14.5,5,5,False
"""Java Full stack developer""",HR Jobs Placements,"Bengaluru / Bangalore, Delhi/NCR, Hyderabad/Secunderabad, Kolkata, Mumbai",3 - 8 Years,3,8,5.5,5,5,False
"IT Recruiter /  NON IT Recruiter ,  Mumbai",2Soft Solutions Pvt. Ltd.,"Mumbai, Pune",0 - 6 Years,0,6,3.0,6,2,False
"ITS Support Associate II ,  IT Services",AMAZON INDIA PVT LTD,Panchkula,1 - 3 Years,1,3,2.0,2,1,False
"IT Support Engineer I ,  IT Services",AMAZON INDIA PVT LTD,Panchkula,2 - 4 Years,2,4,3.0,2,1,False
"Enterprise Account Mgr ,  IT  /  ITeS ,  ITS India",AMAZON INDIA PVT LTD,Mumbai,5 - 10 Years,5,10,7.5,5,1,False
US IT Recruiter  ( US IT Staffing ),Advaya Infotech Pvt Ltd,Noida/Greater Noida,1 - 3 Years,1,3,2.0,2,1,False
"IT Manager II ,  OPSTech IT -Service Desk",AMAZON INDIA PVT LTD,Bengaluru / Bangalore,5 - 7 Years,5,7,6.0,2,1,False
"Sr. IT Vendor Manager  ,  IT Services",AMAZON INDIA PVT LTD,Bengaluru / Bangalore,5 - 7 Years,5,7,6.0,2,1,False
IT Consultant  /  IT Administrator  ( m / f / d ),Nagarro India Pvt Ltd,"Germany, Switzerland, France",3 - 7 Years,3,7,5.0,4,3,True
Hiring for IT Support for an IT Company for Mohali Location.,TandA HR Solutions,Mohali,1 - 3 Years,1,3,2.0,2,1,False
"ITS Logistics Coordinator  ( WH )  ,  IT Services India",AMAZON INDIA PVT LTD,Hyderabad/Secunderabad,3 - 5 Years,3,5,4.0,2,1,False
"IT Support Associate II ,  IT Services Variable",AMAZON INDIA PVT LTD,Bengaluru / Bangalore,2 - 3 Years,2,3,2.5,1,1,False
QA Testing Engineer,Laxmi Infotech,"Bengaluru / Bangalore, Chennai, Hyderabad/Secunderabad",0 - 3 Years,0,3,1.5,3,3,False
IT Security Executive,torcai digital media private limited,Dehradun,0 - 3 Years,0,3,1.5,3,1,False
"Manager  /  Senior Manager- IT , Manager It",HR Jobs Placements,"Ahmedabad, Bengaluru / Bangalore, Chennai, Delhi, Gurgaon",8 - 13 Years,8,13,10.5,5,5,False
Inside Sales,eDominer Systems,"Kolkata, Bengaluru / Bangalore",0 - 3 Years,0,3,1.5,3,2,False
IT Software Sales,SEVEN CONSULTANCY,Noida/Greater Noida,2 - 5 Years,2,5,3.5,3,1,False
Project Manager SAP,HR Jobs Placements,"Ahmedabad, Bengaluru / Bangalore, Chennai, Delhi, Gurgaon",10 - 15 Years,10,15,12.5,5,5,False
US IT Recruiter,pegasus knowledge solutions india pvt ltd.,Bengaluru / Bangalore,4 - 10 Years,4,10,7.0,6,1,False
IT Help Desk Resources,FINITE HR CONSUTING PVT LTD,Hyderabad/Secunderabad,1 - 2 Years,1,2,1.5,1,1,False
IT Sales Manager,OM SOFTWARES,Bengaluru / Bangalore,5 - 8 Years,5,8,6.5,3,1,False
IT Recruiter For Recruitment Agency,AugmatrixGo,Mumbai,4 - 8 Years,4,8,6.0,4,1,False
Jobs for IT Recruiter,SEVEN CONSULTANCY,"Navi Mumbai, Mumbai, Thane",3 - 4 Years,3,4,3.5,1,3,False
Jobs for IT recruiter,SEVEN CONSULTANCY,"Navi Mumbai, Mumbai",0 - 3 Years,0,3,1.5,3,2,False
US IT Recruiter,Flair soft group,Bhopal,0 - 3 Years,0,3,1.5,3,1,False
IT Security Analyst,itronix solutions,Jalandhar,0 - 3 Years,0,3,1.5,3,1,False
US IT Recruiter,TandA HR Solutions,Hyderabad/Secunderabad,2 - 5 Years,2,5,3.5,3,1,False
Assistant  /  Executive  IT,TandA HR Solutions,Mohali,3 - 6 Years,3,6,4.5,3,1,False
Specjalista ds. IT,lear corporation  ( onward technology pay role ),Unknown,2 - 5 Years,2,5,3.5,3,1,False
IT Security Operations Engineer,Vtiger,Bengaluru / Bangalore,0 - 3 Years,0,3,1.5,3,1,False
IT Support Engineer,Quality HR Services,Mumbai,0 - 1 Years,0,1,0.5,1,1,False
It Security Specialist,CGI Information Systems and Management Consultants Pvt Ltd,Unknown,3 - 5 Years,3,5,4.0,2,1,False
Sr. IT Security Engineer,gigamon,Chennai,1 - 4 Years,1,4,2.5,3,1,False
Associate manager - IT,UrbanClap,"Singapore, Dubai, Gurgaon",8 - 10 Years,8,10,9.0,2,3,True
IT Security Specialist,CGI Information Systems and Management Consultants Pvt Ltd,Unknown,3 - 5 Years,3,5,4.0,2,1,False
Sr. Executive - IT Security,Quality HR Services,Surat,3 - 5 Years,3,5,4.0,2,1,False
"US IT Recruiter ,  Bangalore",2Soft Solutions Pvt. Ltd.,Bengaluru / Bangalore,2 - 4 Years,2,4,3.0,2,1,False
Recruitment Delivery Manager  ( IT ),highrise solutions llp,Pune,5 - 7 Years,5,7,6.0,2,1,False
Senior IT Infrastructure Specialist,netradyne,Bengaluru / Bangalore,5 - 8 Years,5,8,6.5,3,1,False
US IT Recruiter,OM SOFTWARES,Pune,3 - 6 Years,3,6,4.5,3,1,False
IT Security analyst,SEVEN CONSULTANCY,Ahmedabad,8 - 11 Years,8,11,9.5,3,1,False
IT Audit Consultant,ITCAN Pte Ltd,Singapore,2 - 5 Years,2,5,3.5,3,1,True
Manager-IT Appilcation Development,Malabar Gold and Diamonds,Calicut/ Kozhikode,7 - 10 Years,7,10,8.5,3,1,False
IT Software Support Engineer,Docsvault,Vadodara,2 - 5 Years,2,5,3.5,3,1,False
Territory Manager  (  IT Sales ),Compuage Infocom Ltd,"Kolhapur, Ahmedabad, Indore, Bengaluru / Bangalore, Jodhpur",2 - 3 Years,2,3,2.5,1,5,False
IT PROJECT MANAGER,Trust Tech Solutions,Cochin/ Kochi/ Ernakulam,4 - 5 Years,4,5,4.5,1,1,False
US IT Recruiter,Tekshapers Software Solutions  ( P )  Limited,Unknown,1 - 3 Years,1,3,2.0,2,1,False
Apple IT Evangelist,ProMobi Technologies,Pune,2 - 6 Years,2,6,4.0,4,1,False
Cluster IT Manager,Marriott International Inc,Mumbai,3 - 5 Years,3,5,4.0,2,1,False
Assistant Manager - IT,Marriott International Inc,Jaipur,2 - 4 Years,2,4,3.0,2,1,False
IT Service Management Representative,accenture,Gurgaon,8 - 9 Years,8,9,8.5,1,1,False
IT /  Linux Admin,PROPELLUM INFOTECH PRIVATE LIMITED,Mumbai,3 - 5 Years,3,5,4.0,2,1,False
Sales and Marketing Manager for IT,Whiz Solutions  ( UK ),Ahmedabad,4 - 5 Years,4,5,4.5,1,1,False
Senior IT Analyst,Textron India Pvt Ltd,Bengaluru / Bangalore,5 - 7 Years,5,7,6.0,2,1,False
IT Service Delivery Specialist,Team Computers Pvt Ltd,"Mumbai, Delhi, Delhi/NCR",3 - 5 Years,3,5,4.0,2,3,False
IT Infrastructure Project Manager,Team Computers Pvt Ltd,Mumbai,6 - 12 Years,6,12,9.0,6,1,False
IT Support Specialist II,bentley systems pvt ltd,Unknown,4 - 7 Years,4,7,5.5,3,1,False
IT Sales Manager,LAKSH HUMAN RESOURCE,"Delhi, Delhi/NCR",3 - 5 Years,3,5,4.0,2,2,False
Manager  Sales IT,LAKSH HUMAN RESOURCE,Mumbai,10 - 12 Years,10,12,11.0,2,1,False
IT Business Analyst,KnowledgeHut,Bengaluru / Bangalore,0 - 3 Years,0,3,1.5,3,1,False
Project Manager  ( IT ),Inexoft Technologies Pvt. Ltd.,Kannur,5 - 8 Years,5,8,6.5,3,1,False
Executive IT  ( Oracle Developer ),Gati Ltd,Hyderabad/Secunderabad,2 - 5 Years,2,5,3.5,3,1,False
IT Business Consultant,Exioms,Pune,0 - 3 Years,0,3,1.5,3,1,False
IT Product Sales,Eternus Solutions,Pune,0 - 3 Years,0,3,1.5,3,1,False
IT International Sales,Eternus Solutions,Pune,0 - 3 Years,0,3,1.5,3,1,False
IT Project Coordinator,BizBrolly,Noida/Greater Noida,1 - 4 Years,1,4,2.5,3,1,False
IT Support Executive,Asergis,China,2 - 5 Years,2,5,3.5,3,1,False
CS / IT Faculty,Amity University,Noida/Greater Noida,10 - 13 Years,10,13,11.5,3,1,False
IT Project Manager,zones corporate solutions,Portland,5 - 8 Years,5,8,6.5,3,1,False
IT Service Management Representative,accenture,Bengaluru / Bangalore,0 - 2 Years,0,2,1.0,2,1,False
Systems Analyst 2-IT,ORACLE,Bengaluru / Bangalore,3 - 5 Years,3,5,4.0,2,1,False
Deputy National Lead - IT,Bajaj Finserv Lending Ltd,Pune,6 - 8 Years,6,8,7.0,2,1,False
Systems Analyst 3-IT,ORACLE,Bengaluru / Bangalore,6 - 10 Years,6,10,8.0,4,1,False
IT Senior Consultant,ORACLE,"Bengaluru / Bangalore, Hyderabad/Secunderabad",3 - 5 Years,3,5,4.0,2,2,False
Programmer Analyst 5-IT,ORACLE,Bengaluru / Bangalore,6 - 10 Years,6,10,8.0,4,1,False
Systems Analyst 2-IT,ORACLE,Bengaluru / Bangalore,3 - 6 Years,3,6,4.5,3,1,False
Systems Analyst 3-IT,ORACLE,Bengaluru / Bangalore,5 - 7 Years,5,7,6.0,2,1,False
Systems Analyst 2-IT,ORACLE,Bengaluru / Bangalore,6 - 10 Years,6,10,8.0,4,1,False
IT Service Management Representative,accenture,Coimbatore,3 - 6 Years,3,6,4.5,3,1,False
IT Customer Service Representative,accenture,Kolkata,5 - 8 Years,5,8,6.5,3,1,False
IT Service Management Representative,accenture,Gurgaon,0 - 2 Years,0,2,1.0,2,1,False
IT Service Management Representative,accenture,Hyderabad/Secunderabad,1 - 4 Years,1,4,2.5,3,1,False
IT Support Associate II,AMAZON INDIA PVT LTD,Mumbai,1 - 3 Years,1,3,2.0,2,1,False
IT Service Management Representative,accenture,Bengaluru / Bangalore,7 - 9 Years,7,9,8.0,2,1,False
IT Customer Service Representative,accenture,Pune,2 - 5 Years,2,5,3.5,3,1,False
IT Customer Service Representative,accenture,Pune,3 - 5 Years,3,5,4.0,2,1,False
IT Service Management Representative,accenture,"Mumbai, Indore",5 - 8 Years,5,8,6.5,3,2,False
IT Service Management Representative,accenture,"Gurgaon, Indore",0 - 2 Years,0,2,1.0,2,2,False
IT Service Management Representative,accenture,"Kolkata, Gurgaon",0 - 2 Years,0,2,1.0,2,2,False
IT Service Management Representative,accenture,Noida/Greater Noida,2 - 5 Years,2,5,3.5,3,1,False
IT Customer Service Representative,accenture,"Noida/Greater Noida, Gurgaon",3 - 6 Years,3,6,4.5,3,2,False
IT Service Management Representative,accenture,Bengaluru / Bangalore,1 - 4 Years,1,4,2.5,3,1,False
IT Service Management Representative,accenture,Jaipur,3 - 6 Years,3,6,4.5,3,1,False
IT Service Management Representative,accenture,Indore,3 - 6 Years,3,6,4.5,3,1,False
IT Service Management Representative,accenture,Bengaluru / Bangalore,5 - 8 Years,5,8,6.5,3,1,False
IT Service Management Representative,accenture,"Bengaluru / Bangalore, Jaipur",7 - 10 Years,7,10,8.5,3,2,False
IT Service Management Representative,accenture,Pune,7 - 10 Years,7,10,8.5,3,1,False
Cluster IT Manager,Marriott International Inc,Mumbai,2 - 3 Years,2,3,2.5,1,1,False
IT - Application Developer,Larsen & Toubro Infotech Ltd,Surat,1 - 3 Years,1,3,2.0,2,1,False
IT Service Management Representative,accenture,Gurgaon,5 - 7 Years,5,7,6.0,2,1,False
IT Service Management Representative,accenture,Bengaluru / Bangalore,3 - 6 Years,3,6,4.5,3,1,False
IT Service Management Representative,accenture,Kolkata,3 - 6 Years,3,6,4.5,3,1,False
IT Service Management Representative,accenture,Mumbai,2 - 5 Years,2,5,3.5,3,1,False
IT Customer Service Representative,accenture,Bengaluru / Bangalore,7 - 10 Years,7,10,8.5,3,1,False
IT Service Management Representative,accenture,Bengaluru / Bangalore,2 - 5 Years,2,5,3.5,3,1,False
IT Service Management Representative,accenture,Gurgaon,2 - 5 Years,2,5,3.5,3,1,False
IT Service Management Representative,accenture,Bengaluru / Bangalore,7 - 10 Years,7,10,8.5,3,1,False
IT Service Management Representative,accenture,Gurgaon,3 - 6 Years,3,6,4.5,3,1,False
IT Service Management Representative,accenture,Pune,7 - 9 Years,7,9,8.0,2,1,False
IT Service Management Representative,accenture,"Bengaluru / Bangalore, Indore",5 - 8 Years,5,8,6.5,3,2,False
IT Service Management Representative,accenture,"Bengaluru / Bangalore, Jaipur",5 - 8 Years,5,8,6.5,3,2,False
IT Customer Service Representative,accenture,Bengaluru / Bangalore,3 - 6 Years,3,6,4.5,3,1,False
IT Service Management Representative,accenture,Indore,2 - 5 Years,2,5,3.5,3,1,False
Cluster IT Supervisor,Marriott International Inc,South Korea,2 - 5 Years,2,5,3.5,3,1,False
Lab IT and Hardware student,Intel Technology India Pvt Ltd,Israel,0 - 1 Years,0,1,0.5,1,1,False
IT Service Management Representative,accenture,"Gurgaon, Indore",7 - 10 Years,7,10,8.5,3,2,False
IT Service Management Representative,accenture,"Bengaluru / Bangalore, Indore",7 - 10 Years,7,10,8.5,3,2,False
IT Service Management Representative,accenture,Bengaluru / Bangalore,12 - 15 Years,12,15,13.5,3,1,False
IT Supplier Management Practitioner,accenture,Gurgaon,1 - 4 Years,1,4,2.5,3,1,False
Deployment Engineer - IT,Nvidia Graphics Pvt Ltd,Hong Kong,8 - 11 Years,8,11,9.5,3,1,False
Cluster Director of IT,Marriott International Inc,Unknown,3 - 5 Years,3,5,4.0,2,1,False
Assistant IT Manager,Marriott International Inc,Cairo,3 - 5 Years,3,5,4.0,2,1,False
IT Service Management Representative,accenture,"Gurgaon, Indore",5 - 8 Years,5,8,6.5,3,2,False
IT Service Management Representative,accenture,"Bengaluru / Bangalore, Gurgaon",3 - 6 Years,3,6,4.5,3,2,False
IT Service Management Representative,accenture,"Bengaluru / Bangalore, Nagpur",7 - 10 Years,7,10,8.5,3,2,False
IT Service Management Representative,accenture,Noida/Greater Noida,3 - 6 Years,3,6,4.5,3,1,False
IT Service Management Representative,accenture,"Kolkata, Indore",7 - 10 Years,7,10,8.5,3,2,False
IT Service Management Representative,accenture,"Bengaluru / Bangalore, Pune",3 - 6 Years,3,6,4.5,3,2,False
IT Service Management Representative,accenture,Pune,3 - 6 Years,3,6,4.5,3,1,False
IT Service Management Representative,accenture,Chennai,7 - 10 Years,7,10,8.5,3,1,False
IT Customer Service Representative,accenture,Bengaluru / Bangalore,5 - 8 Years,5,8,6.5,3,1,False
IT Customer Service Associate,accenture,Hyderabad/Secunderabad,1 - 3 Years,1,3,2.0,2,1,False
IT Customer Service Representative,accenture,Mumbai,0 - 2 Years,0,2,1.0,2,1,False
IT Service Management Representative,accenture,Coimbatore,7 - 10 Years,7,10,8.5,3,1,False
IT Service Management Representative,accenture,Pune,0 - 2 Years,0,2,1.0,2,1,False
Manager - Technical  ( IT ),INFINITY GROUP,Noida/Greater Noida,5 - 8 Years,5,8,6.5,3,1,False
Onsite IT Support Engineer,DXC Technologies,Singapore,1 - 2 Years,1,2,1.5,1,1,True
IT Solution Architect,DXC Technologies,Spain,5 - 8 Years,5,8,6.5,3,1,False
IT Desktop Scheduler,NTT Data Vertex Software Inc.,Los Angeles,3 - 5 Years,3,5,4.0,2,1,False
Assistant IT Manager,Marriott International Inc,Malaysia,2 - 4 Years,2,4,3.0,2,1,False
IT Project Manager,DXC Technologies,Belgium,5 - 10 Years,5,10,7.5,5,1,False
IT Infrastructure Project Manager,DXC Technologies,Unknown,5 - 8 Years,5,8,6.5,3,1,False
Graduate IT Consultant  ( Trainee ),DXC Technologies,Unknown,0 - 1 Years,0,1,0.5,1,1,False
IT onsite Engineer,DXC Technologies,China,0 - 1 Years,0,1,0.5,1,1,False
IT Integration Developer - Remote,NTT Data Vertex Software Inc.,Plano,5 - 8 Years,5,8,6.5,3,1,False
IT Service Desk Specialist,Nagarro India Pvt Ltd,Spain,2 - 4 Years,2,4,3.0,2,1,False
IT PM - Infrastructure,nec software solutions  ( india )  pvt ltd,"Mumbai, Bengaluru / Bangalore",5 - 8 Years,5,8,6.5,3,2,False
"IT technician Network ,  Kiruna",CGI Information Systems and Management Consultants Pvt Ltd,Sweden,3 - 5 Years,3,5,4.0,2,1,False
IT Sales Executive,INFINITY GROUP,"Delhi, Delhi/NCR",2 - 5 Years,2,5,3.5,3,2,False
IT Security Officer,SEVEN CONSULTANCY,Bengaluru / Bangalore,1 - 3 Years,1,3,2.0,2,1,False
IT admin manager,SEVEN CONSULTANCY,"Delhi, Delhi/NCR",2 - 5 Years,2,5,3.5,3,2,False
Jr IT Engineer,SEVEN CONSULTANCY,Raipur,0 - 2 Years,0,2,1.0,2,1,False
IT admin manager,SEVEN CONSULTANCY,Hyderabad/Secunderabad,0 - 3 Years,0,3,1.5,3,1,False
Jobs for IT Sales Manager,SEVEN CONSULTANCY,"Navi Mumbai, Mumbai, Thane",0 - 3 Years,0,3,1.5,3,3,False
IT Sales Executive,SEVEN CONSULTANCY,Indore,2 - 4 Years,2,4,3.0,2,1,False
IT Security Officer,SEVEN CONSULTANCY,"Delhi, Delhi/NCR",4 - 7 Years,4,7,5.5,3,2,False
IT admin executive,SEVEN CONSULTANCY,Hyderabad/Secunderabad,0 - 3 Years,0,3,1.5,3,1,False
IT Security Officer,SEVEN CONSULTANCY,"Mumbai, Bengaluru / Bangalore",2 - 5 Years,2,5,3.5,3,2,False
IT Security Executive,SEVEN CONSULTANCY,Hyderabad/Secunderabad,0 - 3 Years,0,3,1.5,3,1,False
IT Security Officer,SEVEN CONSULTANCY,Bengaluru / Bangalore,2 - 5 Years,2,5,3.5,3,1,False
Cluster IT Executive,Marriott International Inc,Bengaluru / Bangalore,2 - 5 Years,2,5,3.5,3,1,False
BDE in IT Sales,SEVEN CONSULTANCY,"Navi Mumbai, Mumbai",1 - 4 Years,1,4,2.5,3,2,False
IT Infrastructure Sales Executive,SEVEN CONSULTANCY,Trichy,2 - 6 Years,2,6,4.0,4,1,False
Jobs for IT support engineer,SEVEN CONSULTANCY,"Navi Mumbai, Mumbai",4 - 7 Years,4,7,5.5,3,2,False
Jobs for Electrician  ( IT,SEVEN CONSULTANCY,"Navi Mumbai, Mumbai, Thane",7 - 10 Years,7,10,8.5,3,3,False
Global IT Support,SEVEN CONSULTANCY,"Navi Mumbai, Mumbai, Thane",2 - 5 Years,2,5,3.5,3,3,False
Telemarketing Reputed IT industry,SEVEN CONSULTANCY,Mumbai,0 - 2 Years,0,2,1.0,2,1,False
Telecaller for IT Training Centre,3RI Technologies Pvt Ltd,Pune,1 - 3 Years,1,3,2.0,2,1,False
IT Advanced Technologies Trainer,3RI Technologies Pvt Ltd,Pune,3 - 4 Years,3,4,3.5,1,1,False
IT Logistics Manager,AMAZON INDIA PVT LTD,Hyderabad/Secunderabad,5 - 10 Years,5,10,7.5,5,1,False
IT Hardware Technician,zones corporate solutions,Albany,2 - 3 Years,2,3,2.5,1,1,False
IT Service /  Support Manager,delta IT network pvt. ltd.,Gurgaon,5 - 8 Years,5,8,6.5,3,1,False
Executive IT Support,AKSHAYA PVT LTD,Chennai,1 - 3 Years,1,3,2.0,2,1,False
IT Support Specialist,Leica Biosystems,"Singapore, Japan",3 - 6 Years,3,6,4.5,3,2,True
Sr. Program Manager - IT,Flex-i Partners,Bengaluru / Bangalore,14 - 18 Years,14,18,16.0,4,1,False
IT Program Manager,Orange Business Services,Unknown,3 - 10 Years,3,10,6.5,7,1,False
IT admin executive,SEVEN CONSULTANCY,"Hyderabad/Secunderabad, Pune",3 - 6 Years,3,6,4.5,3,2,False
Sales Executive ( IT Sales ),SEVEN CONSULTANCY,Kolkata,3 - 6 Years,3,6,4.5,3,1,False
MANAGER IT CSV,infinity business solutions pvt ltd,Mumbai,6 - 10 Years,6,10,8.0,4,1,False
General Manager  IT  ( Software ),aarika hr professionals,Jaipur,0 - 3 Years,0,3,1.5,3,1,False
Business Development Executive  ( IT ),Z Index,Rajkot,0 - 3 Years,0,3,1.5,3,1,False
IT Manager and Admin,urban platter,Mumbai,5 - 8 Years,5,8,6.5,3,1,False
IT PROJECT MANAGER,Trusttech Solutions LLP,Cochin/ Kochi/ Ernakulam,4 - 5 Years,4,5,4.5,1,1,False
Automation Engineer  IT Infra,Si2 Tech,Vadodara,5 - 8 Years,5,8,6.5,3,1,False
IT Infrastructure-Administrator,Sardonyx Technologies,Thanjavur,6 - 10 Years,6,10,8.0,4,1,False
JAVA Opening at IT,SYNCTON IT Solutions,Hyderabad/Secunderabad,3 - 4 Years,3,4,3.5,1,1,False
E-CommerceOpening at IT,SYNCTON IT Solutions,Hyderabad/Secunderabad,3 - 4 Years,3,4,3.5,1,1,False
Software Engineer at IT,SYNCTON IT Solutions,Hyderabad/Secunderabad,3 - 4 Years,3,4,3.5,1,1,False
Assistant Manager IT,sgs india pvt.ltd,Thane,8 - 12 Years,8,12,10.0,4,1,False
IT Executive ( Hardware and Networking ),RAGHUNANDAN MONEY,Agra,0 - 1 Years,0,1,0.5,1,1,False
IT ODIN Manager,RAGHUNANDAN MONEY,Agra,4 - 5 Years,4,5,4.5,1,1,False
Enterprise Sales - IT,Queppelin Technology Solutions Pvt. Ltd.,France,3 - 7 Years,3,7,5.0,4,1,False
Senior IT Engineer - QBSS,quatrro business support services pvt. ltd.,San Francisco,5 - 8 Years,5,8,6.5,3,1,False
IT Project Manager,Postbox Communications,Mumbai,2 - 7 Years,2,7,4.5,5,1,False
IT Sales Executive,Pinnove,Nagpur,2 - 3 Years,2,3,2.5,1,1,False
IT Sales Specialist,Nile Technologies Pvt. Limited.,"Delhi, Delhi/NCR",2 - 4 Years,2,4,3.0,2,2,False
I.T. Support Executive,mobilestyx consulting & solutions llp,Thane,0 - 3 Years,0,3,1.5,3,1,False
IT Sales Executive Mawaqaa,Mawaqaa - National Web Solutions Company,Kuwait City,2 - 5 Years,2,5,3.5,3,1,False
IT Project Coordinator Mawaqaa,Mawaqaa - National Web Solutions Company,Kuwait City,4 - 5 Years,4,5,4.5,1,1,False
IT Support Engineer,Magika Smartech,Mumbai,5 - 8 Years,5,8,6.5,3,1,False
IT Tech Support,Magika Smartech,Mumbai,2 - 5 Years,2,5,3.5,3,1,False
IT Operations Senior Engineer,Magika Smartech,Mumbai,8 - 10 Years,8,10,9.0,2,1,False
Assistant Vice President- IT,TransGraph Consulting Pvt.Ltd.,Hyderabad/Secunderabad,8 - 11 Years,8,11,9.5,3,1,False
IT INFRASTRUCTURE MONITORING SPECIALIST,Spectrum Softtech Solutions Pvt Ltd,Cochin/ Kochi/ Ernakulam,0 - 3 Years,0,3,1.5,3,1,False
Business Development (  MBA in IT ),soptech solutions,Bengaluru / Bangalore,4 - 6 Years,4,6,5.0,2,1,False
IT Business Analyst,origin hr,"Mumbai, Pune",4 - 7 Years,4,7,5.5,3,2,False
IT DevOps Engineer,myOnsite Healthcare,Vadodara,3 - 4 Years,3,4,3.5,1,1,False
IT Support Engineer,kerala infotech,Thrissur,1 - 4 Years,1,4,2.5,3,1,False
Team Lead  ( IT ),indianfertilizer,Delhi,6 - 10 Years,6,10,8.0,4,1,False
IT System Administrator,ion trading india pvt. ltd.,Australia,3 - 6 Years,3,6,4.5,3,1,True
Solution Consultant - ITS,ion trading india pvt. ltd.,"Germany, Switzerland",5 - 8 Years,5,8,6.5,3,2,True
Sr. IT Infrastructure Engineer,KASEYA SOFTWARE,Bengaluru / Bangalore,3 - 8 Years,3,8,5.5,5,1,False
Senior IT Network Engineer,KASEYA SOFTWARE,Bengaluru / Bangalore,4 - 10 Years,4,10,7.0,6,1,False
Sales Senior IT Sales,kanmalai technologies,Coimbatore,3 - 6 Years,3,6,4.5,3,1,False
IT Project Manager,Interactive Bees Pvt. Ltd.,Delhi,3 - 6 Years,3,6,4.5,3,1,False
IT  &  Network Engineer,Dr Nivedita Dadu's Dermatology Clinic,Noida/Greater Noida,2 - 5 Years,2,5,3.5,3,1,False
IT - Application Support  ( Software ),DIAMTRADE,Vadodara,0 - 4 Years,0,4,2.0,4,1,False
IT Project Manager,Ctd Techs Private Limited,Chennai,4 - 7 Years,4,7,5.5,3,1,False
Team Leader  IT,CSB Bank Limited,Cochin/ Kochi/ Ernakulam,3 - 6 Years,3,6,4.5,3,1,False
Assistant Manager- IT,CSB Bank Limited,Bengaluru / Bangalore,2 - 6 Years,2,6,4.0,4,1,False
IT Help Desk,athena technology solutions,Chennai,5 - 8 Years,5,8,6.5,3,1,False
IT Business Analyst,acaira technologies pvt. ltd.,Mumbai,2 - 5 Years,2,5,3.5,3,1,False
Business Analyst  IT,2Soft Solutions Pvt. Ltd.,Ahmedabad,6 - 10 Years,6,10,8.0,4,1,False
"IT Project Manager ,  Bangalore",2Soft Solutions Pvt. Ltd.,Bengaluru / Bangalore,5 - 8 Years,5,8,6.5,3,1,False
IT Manager with MNC,2Soft Solutions Pvt. Ltd.,"Mumbai, Ahmedabad",15 - 20 Years,15,20,17.5,5,2,False
IT Recruitment Services in Mumbai,2Soft Solutions Pvt. Ltd.,Mumbai,2 - 5 Years,2,5,3.5,3,1,False
IT Support Associate II,AMAZON INDIA PVT LTD,Bengaluru / Bangalore,3 - 5 Years,3,5,4.0,2,1,False
Associate Vice President -IT,highrise solutions llp,Pune,1 - 2 Years,1,2,1.5,1,1,False
IT Sales and Marketing,highrise solutions llp,Pune,4 - 8 Years,4,8,6.0,4,1,False
Project Manager | IT,highrise solutions llp,Pune,7 - 8 Years,7,8,7.5,1,1,False
IT Support Associate II,AMAZON INDIA PVT LTD,Bengaluru / Bangalore,1 - 3 Years,1,3,2.0,2,1,False
Position:IT Executives,Sevens Enterprises Pvt LTD,Cochin/ Kochi/ Ernakulam,4 - 10 Years,4,10,7.0,6,1,False
IT Infrastructure Manager,SEVEN CONSULTANCY,Muscat,2 - 3 Years,2,3,2.5,1,1,False
IT Technical Sales,SEVEN CONSULTANCY,Mumbai,4 - 7 Years,4,7,5.5,3,1,False
Assistant Manager - IT,M / s Fast and Furious Consulting,Gurgaon,0 - 3 Years,0,3,1.5,3,1,False
IT Operation Manager,M / s Fast and Furious Consulting,Ahmedabad,6 - 8 Years,6,8,7.0,2,1,False
Cluster IT Manager,Marriott International Inc,Kolkata,2 - 3 Years,2,3,2.5,1,1,False
IT / Software Sales Executive,FINITE HR CONSUTING PVT LTD,Hyderabad/Secunderabad,0 - 3 Years,0,3,1.5,3,1,False
Project Manager IT,cloudxlab,Bengaluru / Bangalore,3 - 6 Years,3,6,4.5,3,1,False
Project Coordinator  IT,CONNECTING 2 WORK,Thiruvananthapuram,2 - 5 Years,2,5,3.5,3,1,False
IT Business Analyst,CONNECTING 2 WORK,Thiruvananthapuram,0 - 3 Years,0,3,1.5,3,1,False
IT Sales Executive,CONNECTING 2 WORK,Thiruvananthapuram,3 - 6 Years,3,6,4.5,3,1,False
IT Software Trainer,CONNECTING 2 WORK,Chennai,2 - 5 Years,2,5,3.5,3,1,False
IT Technical support,CONNECTING 2 WORK,Bengaluru / Bangalore,3 - 6 Years,3,6,4.5,3,1,False
BDE  IT Sales,CONNECTING 2 WORK,Cochin/ Kochi/ Ernakulam,12 - 15 Years,12,15,13.5,3,1,False
Manager  IT  Male,CONNECTING 2 WORK,Calicut/ Kozhikode,0 - 3 Years,0,3,1.5,3,1,False
DGM /  GM  IT,CONNECTING 2 WORK,Dubai,12 - 15 Years,12,15,13.5,3,1,True
Recruitment Specialist  ( IT ),IBM India Pvt Ltd,Hyderabad/Secunderabad,6 - 8 Years,6,8,7.0,2,1,False
IT Validation Manager,Pall India Pvt Ltd,Bengaluru / Bangalore,3 - 6 Years,3,6,4.5,3,1,False
US IT Recruiter,Tecnovators Software Solutions,Chennai,2 - 3 Years,2,3,2.5,1,1,False
IT Technical Sales,SEVEN CONSULTANCY,Mumbai,2 - 4 Years,2,4,3.0,2,1,False
IT Business Development Executive,LINUXBEAN SOLUTION PVT LTD,Indore,0 - 3 Years,0,3,1.5,3,1,False
IT Business Developer,LINUXBEAN SOLUTION PVT LTD,Indore,0 - 3 Years,0,3,1.5,3,1,False
IT Business Analyst  (  BE ),LINUXBEAN SOLUTION PVT LTD,Indore,0 - 3 Years,0,3,1.5,3,1,False
IT Business Analyst,LINUXBEAN SOLUTION PVT LTD,Indore,0 - 3 Years,0,3,1.5,3,1,False
Business Analyst - IT,LINUXBEAN SOLUTION PVT LTD,Indore,0 - 3 Years,0,3,1.5,3,1,False
Website Designer - IT,LINUXBEAN SOLUTION PVT LTD,Indore,0 - 3 Years,0,3,1.5,3,1,False
Business Development Executive - IT,LINUXBEAN SOLUTION PVT LTD,Indore,0 - 3 Years,0,3,1.5,3,1,False
Online Bidder - IT,LINUXBEAN SOLUTION PVT LTD,Indore,0 - 3 Years,0,3,1.5,3,1,False
IT Business developer,LINUXBEAN SOLUTION PVT LTD,Indore,0 - 3 Years,0,3,1.5,3,1,False
US IT Recruiter,LINKTAG,Hyderabad/Secunderabad,2 - 5 Years,2,5,3.5,3,1,False
Admin and IT Incharge: Urgent,JAT GLOBAL PVT LTD,Bengaluru / Bangalore,1 - 5 Years,1,5,3.0,4,1,False
IT Delivery Manager,GLOCAL HEALTH CARE SYSTEM PVT LTD,Burdwan,8 - 11 Years,8,11,9.5,3,1,False
Application Consultant: ServiceNow IT,IBM India Pvt Ltd,Mysoru / Mysore,1 - 5 Years,1,5,3.0,4,1,False
IT Management Consulting  HR,IBM India Pvt Ltd,Bengaluru / Bangalore,3 - 5 Years,3,5,4.0,2,1,False
Engineer IT Infrastructure  (  81511590  ),Reliance Jio Infocomm Limited,Mumbai,3 - 8 Years,3,8,5.5,5,1,False
IT Support Associate II,AMAZON INDIA PVT LTD,Thane,1 - 3 Years,1,3,2.0,2,1,False
Chief IT  (  81443896  ),Reliance Jio Infocomm Limited,Mumbai,2 - 5 Years,2,5,3.5,3,1,False
Assistant IT Manager,Marriott International Inc,Malaysia,2 - 5 Years,2,5,3.5,3,1,False
Principal Associate-IT,eurofins it solutions pvt ltd,France,5 - 7 Years,5,7,6.0,2,1,False
Procurement Professional - IT,the abt group,Ireland,5 - 9 Years,5,9,7.0,4,1,True
Desktop / IT Engineer,macwill information system pvt ltd,Hoshiarpur,0 - 3 Years,0,3,1.5,3,1,False
IT Service Lead,BHTC India Pvt Ltd,Pune,0 - 3 Years,0,3,1.5,3,1,False
Senior IT Engineer,BHTC India Pvt Ltd,Pune,0 - 3 Years,0,3,1.5,3,1,False
US IT Bench Sales,Mythriis consulting Pvt Ltd,Hyderabad/Secunderabad,2 - 5 Years,2,5,3.5,3,1,False
IT Sales Executive,Ecumenical Techno Consultancy Services  ( eTCS ),Aurangabad,2 - 5 Years,2,5,3.5,3,1,False
Information Technology  ( IT )  Admin,Ecumenical Techno Consultancy Services  ( eTCS ),Surat,3 - 6 Years,3,6,4.5,3,1,False
Strategic Growth Manager  IT,isummation technologies pvt. ltd.,Ahmedabad,5 - 8 Years,5,8,6.5,3,1,False
IT Help Desk,you broadband & cable india pvt. ltd.,Hyderabad/Secunderabad,1 - 2 Years,1,2,1.5,1,1,False
Computer Faculty  / IT Teacher,SPEAKWELL ENTERPRISES PVT. LTD.,Mumbai,0 - 3 Years,0,3,1.5,3,1,False
IT Business analyst,rocket kommerce llp,Bengaluru / Bangalore,3 - 5 Years,3,5,4.0,2,1,False
IT Admin Manager,PH7,Bengaluru / Bangalore,0 - 3 Years,0,3,1.5,3,1,False
IT Support Executive,mytasker virtual assistance company,Kolkata,1 - 3 Years,1,3,2.0,2,1,False
IT Engineer - Network,Nvidia Graphics Pvt Ltd,Unknown,4 - 9 Years,4,9,6.5,5,1,False
IT Support Specialist Europe,fedexex,Netherlands,3 - 6 Years,3,6,4.5,3,1,True
Senior IT Engineer,Nvidia Graphics Pvt Ltd,Israel,8 - 11 Years,8,11,9.5,3,1,False
IT admin executive,SEVEN CONSULTANCY,Pune,4 - 5 Years,4,5,4.5,1,1,False
IT Security Executive,SEVEN CONSULTANCY,Kolkata,2 - 4 Years,2,4,3.0,2,1,False
IT Asset Mgmt Associate,Moody's Corporation,Gurgaon,3 - 5 Years,3,5,4.0,2,1,False
Assistant Manager IT,Marriott International Inc,Nagpur,2 - 4 Years,2,4,3.0,2,1,False
IT Project Manager,TandA HR Solutions,Chandigarh,8 - 11 Years,8,11,9.5,3,1,False
Senior  UK IT Staffing,TandA HR Solutions,Hyderabad/Secunderabad,3 - 8 Years,3,8,5.5,5,1,False
IT EXECUTIVE  ( HARDWARE AND NETWORKING ),TandA HR Solutions,Ludhiana,1 - 4 Years,1,4,2.5,3,1,False
IT Technical Person,TandA HR Solutions,Pathankot,0 - 1 Years,0,1,0.5,1,1,False
IT- Admin  Gurgaon,TandA HR Solutions,Gurgaon,0 - 2 Years,0,2,1.0,2,1,False
ETL Developer ( IT Industry ),TandA HR Solutions,Bengaluru / Bangalore,2 - 4 Years,2,4,3.0,2,1,False
IT operations Manager,SEVEN CONSULTANCY,Ahmedabad,4 - 5 Years,4,5,4.5,1,1,False
Global IT Support,SEVEN CONSULTANCY,"Navi Mumbai, Mumbai, Kolkata",2 - 4 Years,2,4,3.0,2,3,False
Sr.seO For IT Company,ADEEBA E SERVICES PVT LTD,Noida/Greater Noida,0 - 3 Years,0,3,1.5,3,1,False
IT company looking For Noida,ADEEBA E SERVICES PVT LTD,Noida/Greater Noida,0 - 3 Years,0,3,1.5,3,1,False
Senior Deployment Engineer - IT,Nvidia Graphics Pvt Ltd,Israel,8 - 11 Years,8,11,9.5,3,1,False
Intern-Professional  ( IT ),fedexex,Singapore,0 - 3 Years,0,3,1.5,3,1,True
IT Rewards Specialist,Schneider Electric Pvt Ltd,Bengaluru / Bangalore,5 - 8 Years,5,8,6.5,3,1,False
Dir-IT-MultiProp-A,Marriott International Inc,Hong Kong,5 - 8 Years,5,8,6.5,3,1,False
Software Engineer - IT,Bajaj Finserv Lending Ltd,Pune,5 - 8 Years,5,8,6.5,3,1,False
Senior Software Engineer - IT,Bajaj Finserv Lending Ltd,Pune,4 - 6 Years,4,6,5.0,2,1,False
Cluster Manager - IT,Bajaj Finserv Lending Ltd,Pune,3 - 5 Years,3,5,4.0,2,1,False
"Lead ,  IT Control Assurance",northern trust corp ltd - london,Chicago,6 - 9 Years,6,9,7.5,3,1,False
Application Consultant: ServiceNow IT,IBM India Pvt Ltd,Mysoru / Mysore,1 - 4 Years,1,4,2.5,3,1,False
IT Help Desk Technician,zones corporate solutions,Boston,2 - 5 Years,2,5,3.5,3,1,False
IT Infrastructure Engineer,Quality HR Services,"Bhuj, Gandhidham",2 - 5 Years,2,5,3.5,3,2,False
Tech Lead  IT,Optum Global Solutions  ( India )  Private Limited,Chennai,3 - 5 Years,3,5,4.0,2,1,False
IT Internship at Teknorix  2024,Teknorix Systems,Other City(s) in Goa,0 - 3 Years,0,3,1.5,3,1,False
Senior IT Administrator  ( Remote ),HackerRank,Bengaluru / Bangalore,5 - 8 Years,5,8,6.5,3,1,False
IT Service Management,Information Services Group,Bengaluru / Bangalore,8 - 11 Years,8,11,9.5,3,1,False
IT Service Delivery Manager,Information Services Group,Bengaluru / Bangalore,12 - 16 Years,12,16,14.0,4,1,False
Senior Associate - IT _Messaging,eurofins it solutions pvt ltd,Bengaluru / Bangalore,5 - 7 Years,5,7,6.0,2,1,False
VacancyforBDMfor an IT Company inAhmedabadlocation,TandA HR Solutions,Ahmedabad,4 - 5 Years,4,5,4.5,1,1,False
RequiredQualityAnalystfor an IT company in MohaliLocation,TandA HR Solutions,Mohali,2 - 5 Years,2,5,3.5,3,1,False
IT Strategy Consultant,axmiyan hr solutions private limited,Jabalpur,4 - 8 Years,4,8,6.0,4,1,False
eDP  /  IT Systems Administrator,Auchtel Products Ltd,Mumbai,2 - 5 Years,2,5,3.5,3,1,False
RequiredQualityAnalystfor an IT company inMohaliLocation,TandA HR Solutions,Mohali,1 - 3 Years,1,3,2.0,2,1,False
InsideSalesExecutive for IT Industry,TandA HR Solutions,Bengaluru / Bangalore,2 - 4 Years,2,4,3.0,2,1,False
IT Hardware Technician,zones corporate solutions,Albany,2 - 5 Years,2,5,3.5,3,1,False
IT Support Associate II,AMAZON INDIA PVT LTD,Mumbai,1 - 5 Years,1,5,3.0,4,1,False
Deputy National Lead - IT,Bajaj Finserv Lending Ltd,Bengaluru / Bangalore,10 - 13 Years,10,13,11.5,3,1,False
Cluster Manager - IT,Bajaj Finserv Lending Ltd,Pune,7 - 9 Years,7,9,8.0,2,1,False
IT Content Writer,Aexonic Technologies Private Limited,Pune,0 - 3 Years,0,3,1.5,3,1,False
IT Sales Manager,AYN InfoTech,Pune,2 - 7 Years,2,7,4.5,5,1,False
IT Audit Risk Assurance,wsne consulting,Delhi,0 - 3 Years,0,3,1.5,3,1,False
Application Developer - IT,NIPPON DATA SYSTEM,"Delhi, Delhi/NCR",1 - 2 Years,1,2,1.5,1,2,False
IT - Application Developer,NIPPON DATA SYSTEM,"Delhi, Delhi/NCR",1 - 2 Years,1,2,1.5,1,2,False
IT Support Analyst,BUSISOL SOURCING INDIA PVT. LTD,Mumbai,3 - 6 Years,3,6,4.5,3,1,False
Assistant IT Manager,Marriott International Inc,Bengaluru / Bangalore,3 - 5 Years,3,5,4.0,2,1,False
Senior Software Engineer - IT,Bajaj Finserv Lending Ltd,Bengaluru / Bangalore,6 - 8 Years,6,8,7.0,2,1,False
Senior Business  ( IT )  Analyst,CGI Information Systems and Management Consultants Pvt Ltd,Unknown,5 - 10 Years,5,10,7.5,5,1,False
Cluster Manager - IT Compliance,Bajaj Finserv Lending Ltd,Pune,2 - 5 Years,2,5,3.5,3,1,False
Datacenter IT Operations Manager,Microsoft India Pvt Ltd,Ireland,5 - 10 Years,5,10,7.5,5,1,True
Onsite IT Support Engineer,DXC Technologies,Singapore,2 - 5 Years,2,5,3.5,3,1,True
IT Engineer Support,DXC Technologies,Malaysia,3 - 5 Years,3,5,4.0,2,1,False
Senior IT Project Manager,CGI Information Systems and Management Consultants Pvt Ltd,Canada,5 - 10 Years,5,10,7.5,5,1,True
Application Consultant: ServiceNow IT,IBM India Pvt Ltd,Mysoru / Mysore,1 - 2 Years,1,2,1.5,1,1,False
Senior IT Specialist,IBM India Pvt Ltd,Bengaluru / Bangalore,5 - 9 Years,5,9,7.0,4,1,False
Deployment Engineer - IT,Nvidia Graphics Pvt Ltd,Germany,8 - 11 Years,8,11,9.5,3,1,True
Talent Acquisition Manager  ( IT ),IBM India Pvt Ltd,Hyderabad/Secunderabad,10 - 12 Years,10,12,11.0,2,1,False
Payments IT Business Analyst,CGI Information Systems and Management Consultants Pvt Ltd,Unknown,3 - 7 Years,3,7,5.0,4,1,False
Deputy National Lead - IT,Bajaj Finserv Lending Ltd,Bengaluru / Bangalore,4 - 6 Years,4,6,5.0,2,1,False
IT Service Management Representative,accenture,Ahmedabad,2 - 5 Years,2,5,3.5,3,1,False
Team Lead- IT,cog digital private limited,Delhi,0 - 3 Years,0,3,1.5,3,1,False
Team Lead- IT,Cog Digital,Delhi,0 - 3 Years,0,3,1.5,3,1,False
Principal CSAM  IT Services,Microsoft India Pvt Ltd,Japan,6 - 9 Years,6,9,7.5,3,1,False
"IT at Fiserv ,  Inc.",fiserv ce pvt ltd,Unknown,5 - 10 Years,5,10,7.5,5,1,False
IT Internship  ( Insurance field ),CGI Information Systems and Management Consultants Pvt Ltd,Unknown,0 - 3 Years,0,3,1.5,3,1,False
IT support specialist,Intel Technology India Pvt Ltd,China,3 - 5 Years,3,5,4.0,2,1,False
IT Project Coordinator,IQVIA,Bengaluru / Bangalore,2 - 3 Years,2,3,2.5,1,1,False
IT Project Manager,IQVIA,Bengaluru / Bangalore,3 - 6 Years,3,6,4.5,3,1,False
IT Engineer - Network,Nvidia Graphics Pvt Ltd,Unknown,1 - 4 Years,1,4,2.5,3,1,False
Procurement Professional - IT Software,the abt group,Unknown,5 - 10 Years,5,10,7.5,5,1,False
IT and Networking Engineer,porter,Mumbai,1 - 5 Years,1,5,3.0,4,1,False
Assistant Software Engineer,New Global Technologies,"Bengaluru / Bangalore, Chennai, Hyderabad/Secunderabad, Mumbai, Pune",0 - 3 Years,0,3,1.5,3,5,False
Project Manager SAP,HR Jobs Placements,"Hyderabad/Secunderabad, Kolkata, Mumbai, Noida/Greater Noida, Pune",10 - 15 Years,10,15,12.5,5,5,False
"Java Developer ,  Java J2Ee Developer ,  Java Fresher",Laxmi Infotech,"Ahmedabad, Delhi, Gurgaon, Kolkata, Noida/Greater Noida",0 - 3 Years,0,3,1.5,3,5,False
ERP / CRM Manager,HR Jobs Placements,"Bengaluru / Bangalore, Chennai, Delhi/NCR, Hyderabad/Secunderabad, Mumbai",10 - 15 Years,10,15,12.5,5,5,False
"Software Test Engineer , Test Engineer , Software Tester",AppSoft Solutions,"Bengaluru / Bangalore, Chennai, Delhi, Mumbai, Pune",0 - 3 Years,0,3,1.5,3,5,False
IT Security / Senior IT Security Analyst / Information Security,origin hr,"Hyderabad/Secunderabad, Mumbai, Pune, Bengaluru / Bangalore",3 - 5 Years,3,5,4.0,2,4,False
Hiring for IT Recruiter profile for a IT company for Bangalore Location,TandA HR Solutions,Bengaluru / Bangalore,1 - 2 Years,1,2,1.5,1,1,False
Hiring for IT Recruiter profile for an IT company for Bangalore Location,TandA HR Solutions,Bengaluru / Bangalore,1 - 2 Years,1,2,1.5,1,1,False
Hiring for IT Recruiter profile for an IT company for Bangalore Location,TandA HR Solutions,Bengaluru / Bangalore,1 - 7 Years,1,7,4.0,6,1,False
Recruiter  /  Sr. Recruiter  /  TL - IT  &  Non-IT,aarch solutions,Bengaluru / Bangalore,1 - 4 Years,1,4,2.5,3,1,False
Be B Tech Fresher,Laxmi Infotech,"Bengaluru / Bangalore, Chennai, Hyderabad/Secunderabad, Mumbai, Pune",0 - 3 Years,0,3,1.5,3,5,False
Data Science Analyst,HR Jobs Placements,"Bengaluru / Bangalore, Chennai, Delhi/NCR, Hyderabad/Secunderabad, Mumbai",2 - 7 Years,2,7,4.5,5,5,False
Key Account Manager,delta IT network pvt. ltd.,Gurgaon,3 - 5 Years,3,5,4.0,2,1,False
Business Development Manager  ( US IT  /  Non IT Staffing Division ),ProAssert,Bengaluru / Bangalore,3 - 6 Years,3,6,4.5,3,1,False
Opening for System Admin in IT Company in Chandigarh IT Park Location,TandA HR Solutions,Chandigarh,2 - 5 Years,2,5,3.5,3,1,False
Senior  US IT Staffing Executive for Hyderabad for IT Company,TandA HR Solutions,Hyderabad/Secunderabad,3 - 8 Years,3,8,5.5,5,1,False
Looking for HR Executive profile for IT  /  Non IT company in Tricity Location,TandA HR Solutions,"Chandigarh, Panchkula, Mohali",1 - 4 Years,1,4,2.5,3,3,False
Looking for the IT Sales Manager profile in a IT Company for Bangalore location.,TandA HR Solutions,Bengaluru / Bangalore,2 - 3 Years,2,3,2.5,1,1,False
Vacancy of Quality Analyst  /  Tester for an IT MNC in Chandigarh IT Park,TandA HR Solutions,Chandigarh,1 - 6 Years,1,6,3.5,5,1,False
Vacancy for the Desktop IT Support engineer profile for an IT Company in Pune Location,TandA HR Solutions,Pune,1 - 2 Years,1,2,1.5,1,1,False
Vacancy for Senior Business Analyst  ( IT )  in IT company for Bangalore location,TandA HR Solutions,Bengaluru / Bangalore,7 - 9 Years,7,9,8.0,2,1,False
Hiring for PROJECT MANAGER  ( IT )  OR SENIOR PHP DEVELOPER for IT company in Mohali,TandA HR Solutions,Mohali,3 - 6 Years,3,6,4.5,3,1,False
Job Opening for IT Support profile in MNC IT Company in Mohali location,TandA HR Solutions,Mohali,3 - 4 Years,3,4,3.5,1,1,False
Jobs for IT Recruiter  ( US Shift ),SEVEN CONSULTANCY,Mumbai,1 - 5 Years,1,5,3.0,4,1,False
"Jr. IT Technical Recruiter HR ,",Magika Smartech,Mumbai,4 - 9 Years,4,9,6.5,5,1,False
Business Development Executive / Analyst - IT,LINUXBEAN SOLUTION PVT LTD,Indore,0 - 3 Years,0,3,1.5,3,1,False
"Senior Manager ,  Talent Acquisition  ( IT )",highrise solutions llp,Pune,8 - 12 Years,8,12,10.0,4,1,False
Sr.Operation Executive /  IT Recruiter,CONNECTING 2 WORK,Thiruvananthapuram,0 - 3 Years,0,3,1.5,3,1,False
Senior Engineer IT Infrastructure  (  81548375  ),Reliance Jio Infocomm Limited,Mumbai,7 - 12 Years,7,12,9.5,5,1,False
Senior Engineer IT Infrastructure  (  81530911  ),Reliance Jio Infocomm Limited,Mumbai,7 - 12 Years,7,12,9.5,5,1,False
Manager  IT QA  &  CSV,rxlogix corporation,Noida/Greater Noida,10 - 14 Years,10,14,12.0,4,1,False
IT Helpdesk  &  Security Manager,recooty,Thailand,1 - 2 Years,1,2,1.5,1,1,False
IT Security Analyst  ( Japanese Speaker ),DXC Technologies,Malaysia,0 - 1 Years,0,1,0.5,1,1,False
IT Infrastructure  &  Cloud Engineer,International Information Technology Team,Unknown,0 - 3 Years,0,3,1.5,3,1,False
Sr. Project Manager  IT Applications,Gati Ltd,Hyderabad/Secunderabad,2 - 3 Years,2,3,2.5,1,1,False
IT Sales Executive  ( Inside Sales ),Exioms,"Hyderabad/Secunderabad, Mumbai, Chennai, Pune, Bengaluru / Bangalore",0 - 3 Years,0,3,1.5,3,5,False
Powershell Engineer  /  IT Automation Engineer,nexthink solutions,"Switzerland, Boston",5 - 9 Years,5,9,7.0,4,2,False
"Session: IT Marketing ,  Software Marketing",DIGITAL DREAMS,Allahabad,0 - 2 Years,0,2,1.0,2,1,False
"IT Financial Analyst ,  Cadency and OneStream",Bombardier Inc.,Canada,5 - 8 Years,5,8,6.5,3,1,True
Principal Associate - IT - Solarwind Administrator,eurofins it solutions pvt ltd,Bengaluru / Bangalore,5 - 8 Years,5,8,6.5,3,1,False
Principal Associate-IT - Network Admin,eurofins it solutions pvt ltd,Bengaluru / Bangalore,5 - 8 Years,5,8,6.5,3,1,False
IT Business Implementation Analyst 4,ORACLE,"Mexico, Bengaluru / Bangalore, Hyderabad/Secunderabad",6 - 10 Years,6,10,8.0,4,3,False
IT Compliance Specialist - SOX Audits,ORACLE,Unknown,6 - 10 Years,6,10,8.0,4,1,False
Apigee-IT Customer Service Representative,accenture,Bengaluru / Bangalore,2 - 5 Years,2,5,3.5,3,1,False
"IT Engineer ,  End User Support",Nvidia Graphics Pvt Ltd,Redmond,5 - 8 Years,5,8,6.5,3,1,False
BBL /  IT Service Desk Medewerker,volvo group india pvt ltd,Netherlands,0 - 1 Years,0,1,0.5,1,1,True
Title: Team Member - SAP IT,sun pharma industries ltd panoli ( dist-bharuch ),Mumbai,1 - 4 Years,1,4,2.5,3,1,False
IT Service Management  (  AM / TL ),Information Services Group,Bengaluru / Bangalore,8 - 11 Years,8,11,9.5,3,1,False
Sales lead - IT Software Solution,SEVEN CONSULTANCY,Bengaluru / Bangalore,3 - 7 Years,3,7,5.0,4,1,False
Sales Executive Reputed IT Industry,SEVEN CONSULTANCY,"Navi Mumbai, Mumbai, Pune",0 - 2 Years,0,2,1.0,2,3,False
IT Project Coordinator / Business Analyst,IndiaInternets,Noida/Greater Noida,0 - 1 Years,0,1,0.5,1,1,False
Sales Executive Reputed IT Industry,SEVEN CONSULTANCY,"Mumbai, Pune",0 - 2 Years,0,2,1.0,2,2,False
IT Analyst Job Details | Corning,Corning,Gurgaon,5 - 8 Years,5,8,6.5,3,1,False
Principal Associate-IT- Backup Engineer,eurofins it solutions pvt ltd,Bengaluru / Bangalore,7 - 10 Years,7,10,8.5,3,1,False
Senior Associate -IT  ( Intune Engineer ),eurofins it solutions pvt ltd,Bengaluru / Bangalore,6 - 9 Years,6,9,7.5,3,1,False
Technical Lead - IT  ( Sr.network architect ),eurofins it solutions pvt ltd,Bengaluru / Bangalore,10 - 13 Years,10,13,11.5,3,1,False
"IT Appl Analyst ,  FinTech-Treasury",AMAZON INDIA PVT LTD,Hyderabad/Secunderabad,5 - 8 Years,5,8,6.5,3,1,False
Technical Lead - IT  ( ETL Engineer ),eurofins it solutions pvt ltd,"Chennai, Bengaluru / Bangalore",6 - 9 Years,6,9,7.5,3,2,False
Business Development Executive  ( IT Sales ),Essence Software Solutions Pvt. Ltd.,Gurgaon,2 - 5 Years,2,5,3.5,3,1,False
IT Sales Manager  ( Product Sales ),Essence Software Solutions Pvt. Ltd.,Gurgaon,5 - 8 Years,5,8,6.5,3,1,False
CHIEF MANAGER  IT BUSINESS PARTNER,infinity business solutions pvt ltd,Mumbai,12 - 15 Years,12,15,13.5,3,1,False
ROLE: P & L Head - IT Vertical,TransGraph Consulting Pvt.Ltd.,Hyderabad/Secunderabad,15 - 18 Years,15,18,16.5,3,1,False
ROLE: Business Analyst - Functional IT,TransGraph Consulting Pvt.Ltd.,Hyderabad/Secunderabad,4 - 7 Years,4,7,5.5,3,1,False
IT Sales or Business Development Manager,tokyotechie,"Germany, Singapore",5 - 10 Years,5,10,7.5,5,2,True
IT Infrastructure and Technical Support Engineer,targray india pvt ltd,Canada,7 - 9 Years,7,9,8.0,2,1,True
IT Engineer Education - Min HSC,MEP Infrastructure Developers Limited,Mumbai,1 - 4 Years,1,4,2.5,3,1,False
Careers:Senior IT Project Manager,Lucini & Lucini Communications,Bengaluru / Bangalore,10 - 13 Years,10,13,11.5,3,1,False
Content Writer  ( web and IT service ),ADEEBA E SERVICES PVT LTD,Noida/Greater Noida,0 - 2 Years,0,2,1.0,2,1,False
IT Admin / Lead  ( Linux and AWS ),corelynx solutions private limited,Unknown,5 - 8 Years,5,8,6.5,3,1,False
Sales Executive  /  Manager IT Products,CONNECTING 2 WORK,Thiruvananthapuram,1 - 4 Years,1,4,2.5,3,1,False
US IT Recruiter   ( US Shift ),CONNECTING 2 WORK,Thiruvananthapuram,2 - 5 Years,2,5,3.5,3,1,False
"IT Support Engineer I ,  OTS",AMAZON INDIA PVT LTD,Bengaluru / Bangalore,1 - 9 Years,1,9,5.0,8,1,False
Google AdWords Specialist for IT Agency,cart geek,"Mumbai, Sagar",2 - 3 Years,2,3,2.5,1,2,False
IT Manager DataMgmt SQL Server,LINKTAG,Pune,4 - 7 Years,4,7,5.5,3,1,False
IT Project Manager F / M,CGI Information Systems and Management Consultants Pvt Ltd,Italy,5 - 7 Years,5,7,6.0,2,1,False
HRBM  ( Financial Services  &  IT ),cnh industrial india pvt ltd,Gurgaon,7 - 10 Years,7,10,8.5,3,1,False
Powershell Engineer  /  IT Automation Engineer,nexthink solutions,"Switzerland, Boston",5 - 8 Years,5,8,6.5,3,2,False
Junior Engineer IT Infrastructure  (  81450656  ),Reliance Jio Infocomm Limited,Mumbai,2 - 6 Years,2,6,4.0,4,1,False
IT  /  Data Science Content Writer,EDUCBA,Mumbai,1 - 4 Years,1,4,2.5,3,1,False
IT Sales  &  Marketing Professionals,aimsoft solutions,Thiruvananthapuram,2 - 4 Years,2,4,3.0,2,1,False
IT Projektleiter  ( m / w / d ),CGI Information Systems and Management Consultants Pvt Ltd,Germany,3 - 5 Years,3,5,4.0,2,1,True
IN_RBAI_Senior Engineer-Production IT Support,Bosch Ltd,Bengaluru / Bangalore,2 - 5 Years,2,5,3.5,3,1,False
Opening For Freshers for IT Executive for Ludhiana,TandA HR Solutions,Ludhiana,0 - 3 Years,0,3,1.5,3,1,False
Opening for System Admin in IT industry,TandA HR Solutions,Panchkula,1 - 3 Years,1,3,2.0,2,1,False
Hiring for System Admin in IT Industry,TandA HR Solutions,Panchkula,1 - 3 Years,1,3,2.0,2,1,False
Digital Marketing | IT Sales Manager,EPPEOK SOLUTIONS PRIVATE LIMITED,Kolkata,3 - 5 Years,3,5,4.0,2,1,False
"IT Manager Remote ,  Remote - Mexico",Pinkerton Consulting & Investigations Inc.,Mexico,4 - 5 Years,4,5,4.5,1,1,False
Sr.seO Hiring For IT Company In Noida,ADEEBA E SERVICES PVT LTD,Noida/Greater Noida,0 - 3 Years,0,3,1.5,3,1,False
Technical Content Writer For IT Company,ADEEBA E SERVICES PVT LTD,Noida/Greater Noida,0 - 3 Years,0,3,1.5,3,1,False
Technical content writer For IT Company,ADEEBA E SERVICES PVT LTD,Noida/Greater Noida,0 - 3 Years,0,3,1.5,3,1,False
IT company In Noida looking for SEO,ADEEBA E SERVICES PVT LTD,Noida/Greater Noida,0 - 3 Years,0,3,1.5,3,1,False
IT Technical Project Management Office,yokogawa electric corp ltd- saudi arabia,Bengaluru / Bangalore,6 - 9 Years,6,9,7.5,3,1,False
ION Group - Senior IT Auditor,ion trading india pvt. ltd.,Pune,5 - 8 Years,5,8,6.5,3,1,False
IT Engineer - Customer Support Services,solution enterprises pvt ltd  ( ncr corporation india pvt ltd ),Mumbai,3 - 6 Years,3,6,4.5,3,1,False
Business Analyst IT F / H,CGI Information Systems and Management Consultants Pvt Ltd,France,5 - 8 Years,5,8,6.5,3,1,False
Looking forBusinessdevelopmentexecutivefor an IT Industry in Mohalilocation,TandA HR Solutions,"Delhi, Noida/Greater Noida, Mohali",0 - 5 Years,0,5,2.5,5,3,False
Looking forPHPDeveloper for an IT companyin Panchkulalocation,TandA HR Solutions,Panchkula,2 - 5 Years,2,5,3.5,3,1,False
Opening for theSalesExecutiveprofile for an IT Company forBangalorelocation,TandA HR Solutions,Bengaluru / Bangalore,0 - 5 Years,0,5,2.5,5,1,False
Job Opening forWordPressDeveloperfor an IT companyinMohalilocation,TandA HR Solutions,Mohali,1 - 3 Years,1,3,2.0,2,1,False
Hiring forReactNativeDeveloperfor a IT company in Bangalore,TandA HR Solutions,Bengaluru / Bangalore,0 - 5 Years,0,5,2.5,5,1,False
Urgent hiring for ContentWriterfor an IT companyinMohalilocation,TandA HR Solutions,Mohali,2 - 4 Years,2,4,3.0,2,1,False
Vacancy for IT Technician for Bangalore location,TandA HR Solutions,Bengaluru / Bangalore,3 - 4 Years,3,4,3.5,1,1,False
Hiring for Receptionist in Mohali for IT Company,TandA HR Solutions,Mohali,2 - 5 Years,2,5,3.5,3,1,False
Hiring forASP.netDeveloperfor an IT companyin Gurugramlocation,TandA HR Solutions,Gurgaon,4 - 7 Years,4,7,5.5,3,1,False
Looking forPHPDeveloperfor an IT companyin Panchkulalocation,TandA HR Solutions,Panchkula,2 - 5 Years,2,5,3.5,3,1,False
Hiring for theITsalesexecutivesprofile for IT company forBangaloreLocation.,TandA HR Solutions,Bengaluru / Bangalore,3 - 5 Years,3,5,4.0,2,1,False
Required QualityAnalystfor an IT company in MohaliLocation,TandA HR Solutions,Mohali,0 - 1 Years,0,1,0.5,1,1,False
Urgent hiring for Angular Developer for IT,TandA HR Solutions,"Bengaluru / Bangalore, Mohali",1 - 3 Years,1,3,2.0,2,2,False
Hiring for theSalesExecutiveprofile for an IT company forBangalorelocation.,TandA HR Solutions,Bengaluru / Bangalore,1 - 2 Years,1,2,1.5,1,1,False
Resiliency Consultant  IT Disaster Recovery,Optum Global Solutions  ( India )  Private Limited,Philippines,8 - 11 Years,8,11,9.5,3,1,False
"IT Support Engineer I ,  OTS",AMAZON INDIA PVT LTD,Pune,1 - 8 Years,1,8,4.5,7,1,False
IT Trainee  /  Prcticas en Informtica,Hilton Hotels & Resorts,Spain,0 - 1 Years,0,1,0.5,1,1,False
Regional IT Program Manager  ( AI ),Microsoft India Pvt Ltd,Australia,5 - 9 Years,5,9,7.0,4,1,True
Manager IT Audit Risk Assurance,wsne consulting,Delhi,0 - 3 Years,0,3,1.5,3,1,False
IT Architects  /  Sr. Technology Managers,Mapps IT Services Pvt Ltd,Kolkata,10 - 15 Years,10,15,12.5,5,1,False
SAP IT Business Systems Analyst,Intel Technology India Pvt Ltd,Bengaluru / Bangalore,8 - 11 Years,8,11,9.5,3,1,False
Consulting IT - Business Analyst / PMO,DXC Technologies,Italy,3 - 6 Years,3,6,4.5,3,1,False
Industry Technical Sales Specialist  ( ITS ),Intel Technology India Pvt Ltd,Dubai,5 - 8 Years,5,8,6.5,3,1,True
Senior Data Engineer  ( IT )  - Database,Merilytics,Hyderabad/Secunderabad,2 - 5 Years,2,5,3.5,3,1,False
Senior Data Engineer  ( IT )  - Database,MERITUS INTELYTICS PRIVATE LIMITED,Hyderabad/Secunderabad,2 - 5 Years,2,5,3.5,3,1,False
General Manager,HR Jobs Placements,"Ahmedabad, Bengaluru / Bangalore, Delhi/NCR, Hyderabad/Secunderabad, Pune",14 - 19 Years,14,19,16.5,5,5,False
"Director ,  Head of IT Infrastructure - Altera",Intel Technology India Pvt Ltd,Bengaluru / Bangalore,8 - 15 Years,8,15,11.5,7,1,False
Senior IT Infrastructure Support Engineer,CGI Information Systems and Management Consultants Pvt Ltd,Australia,5 - 10 Years,5,10,7.5,5,1,True
US IT / Non-ITRecruiter  &  Senior US IT / Non-IT Recruiter,ProAssert,"Chennai, Coimbatore, Trichy, Bengaluru / Bangalore",0 - 3 Years,0,3,1.5,3,4,False
"Software Developer , lead",New Global Technologies,"Bengaluru / Bangalore, Chennai, Hyderabad/Secunderabad, Mumbai, Pune",0 - 3 Years,0,3,1.5,3,5,False
Project  &  Program Manager,HR Jobs Placements,"Delhi/NCR, Hyderabad/Secunderabad, Kolkata, Mumbai, Pune",11 - 16 Years,11,16,13.5,5,5,False
java full stalk developer,Laxmi Infotech,"Bengaluru / Bangalore, Chennai, Hyderabad/Secunderabad, Noida/Greater Noida, Pune",0 - 3 Years,0,3,1.5,3,5,False
Project Manager,HR Jobs Placements,"Bengaluru / Bangalore, Chennai, Delhi/NCR, Hyderabad/Secunderabad, Pune",8 - 13 Years,8,13,10.5,5,5,False
Senior Consultant-Information Security Architect,Aujas Networks Pvt Ltd,Mumbai,4 - 8 Years,4,8,6.0,4,1,False
Software Sales Executive,SEVEN CONSULTANCY,Kohima,2 - 4 Years,2,4,3.0,2,1,False
Salesforce Service Cloud Developer,SEVEN CONSULTANCY,Chennai,5 - 8 Years,5,8,6.5,3,1,False
Senior Manager,SEVEN CONSULTANCY,"Delhi, Delhi/NCR",3 - 6 Years,3,6,4.5,3,2,False
Operation Executive,SEVEN CONSULTANCY,Chennai,6 - 9 Years,6,9,7.5,3,1,False
Security Engineer,vault infosec,Chennai,2 - 3 Years,2,3,2.5,1,1,False
ICT Business  &  Systems Analysts,silverlink technilogies,Australia,0 - 3 Years,0,3,1.5,3,1,True
Sales Manager  /  Solutions Architect -  ( Corporate  &  Govt Projects ),Indo Asia Global Technologies Private Limited,"Hyderabad/Secunderabad, Mumbai, Delhi, Delhi/NCR",2 - 8 Years,2,8,5.0,6,4,False
Software Sales Executive,cyberindigo net private limited,Pune,0 - 3 Years,0,3,1.5,3,1,False
Business Development Executive,Application Square Infotech Pvt Ltd,Nasik,0 - 3 Years,0,3,1.5,3,1,False
Hr. Recruiter  /  Recruitment Specialist,apex jobs,Gurgaon,0 - 3 Years,0,3,1.5,3,1,False
Team Lead,ace softex pvt. ltd.,Rajkot,1 - 4 Years,1,4,2.5,3,1,False
Business Analayst,CONNECTING 2 WORK,Cochin/ Kochi/ Ernakulam,2 - 5 Years,2,5,3.5,3,1,False
Data Centre Engineer,sp sysnet pte. lte.,Mumbai,0 - 2 Years,0,2,1.0,2,1,False
URGENT OPENING FOR US IT RECRUITER IN MOHALI LOCATION,TandA HR Solutions,Mohali,0 - 1 Years,0,1,0.5,1,1,False
Production IT Engineer Job Details | ZF Group,zf india pvt ltd,Chennai,3 - 5 Years,3,5,4.0,2,1,False
IT-Skerhetsarkitekt till kund inom offentlig sektor.,CGI Information Systems and Management Consultants Pvt Ltd,Sweden,5 - 8 Years,5,8,6.5,3,1,False
Specialist - IT Security GRC Job Details | LANXESS,lanxess pvt ltd,Thane,5 - 10 Years,5,10,7.5,5,1,False
System Engineer - IT SecOps Job Details | Barco,barco india,"Belgium, Noida/Greater Noida",6 - 9 Years,6,9,7.5,3,2,False
IT Security Experte  ( m / w / d ),CGI Information Systems and Management Consultants Pvt Ltd,Germany,3 - 7 Years,3,7,5.0,4,1,True
"Senior Manager - IT Operations ,  Service Delivery ,  DevOps",infinity business solutions pvt ltd,Pune,10 - 15 Years,10,15,12.5,5,1,False
IT Project Consultant Job Details | SAP,SAP Ariba,Pune,4 - 8 Years,4,8,6.0,4,1,False
IT Project Developer - BTP Job Details | SAP,SAP Ariba,Bengaluru / Bangalore,5 - 7 Years,5,7,6.0,2,1,False
"Director ,  IT Product  &  Service Management",netskope software pvt.ltd,"Bengaluru / Bangalore, Australia",1 - 4 Years,1,4,2.5,3,2,True
IT Technology Services Specialist Job Details | SAP,SAP Ariba,Bengaluru / Bangalore,8 - 11 Years,8,11,9.5,3,1,False
Senior Storage Operations Engineer  ( Senior IT Engineer ),LAKSH HUMAN RESOURCE,Noida/Greater Noida,5 - 8 Years,5,8,6.5,3,1,False
Sourcing Executive - US IT Recruitment  ( Night Shift ),Einstro,Chennai,2 - 5 Years,2,5,3.5,3,1,False
IT Technology Project Manager Job Details | SAP,SAP Ariba,Bengaluru / Bangalore,3 - 6 Years,3,6,4.5,3,1,False
IT Project Senior Consultant Job Details | SAP,SAP Ariba,Bengaluru / Bangalore,8 - 12 Years,8,12,10.0,4,1,False
Assistant IT Manager - Sheraton Hai Phong,Marriott International Inc,Unknown,2 - 5 Years,2,5,3.5,3,1,False
IT Support Service Desk- Senior Analyst,OakNorth Bank,Gurgaon,5 - 8 Years,5,8,6.5,3,1,False
Sr Analyst Audit  &  Compliance  ( IT ),DXC Technologies,Mumbai,4 - 7 Years,4,7,5.5,3,1,False
ServiceNow IT Service Management-Application Designer,accenture,Bengaluru / Bangalore,3 - 5 Years,3,5,4.0,2,1,False
GM - Zone IT Business Relationship Manager,Schneider Electric Pvt Ltd,Bengaluru / Bangalore,10 - 13 Years,10,13,11.5,3,1,False
Senior IT Architect Job Details | Boston Scientific,BOSTON SCIENTIFIC,Unknown,10 - 13 Years,10,13,11.5,3,1,False
IT Architect Job Details | Boston Scientific,BOSTON SCIENTIFIC,Unknown,5 - 8 Years,5,8,6.5,3,1,False
Onsite IT Support Technician  ( m / f / d ),DXC Technologies,Germany,2 - 5 Years,2,5,3.5,3,1,True
IT Project Senior Consultant Job Details | SAP,SAP Ariba,Pune,5 - 8 Years,5,8,6.5,3,1,False
"IT QA Engineer ,  Principal  ( Copado  &  Salesforce )",PROGRESS SOFTWARE,Hyderabad/Secunderabad,6 - 9 Years,6,9,7.5,3,1,False
Position Title  Senior Executive  IT procurement,e-stone information technology,Mumbai,3 - 7 Years,3,7,5.0,4,1,False
"Sr Lead ,  Cyber Sec IT RiskM",northern trust corp ltd - london,Pune,5 - 10 Years,5,10,7.5,5,1,False
IT Internship Job Details | Boston Scientific,BOSTON SCIENTIFIC,Unknown,0 - 1 Years,0,1,0.5,1,1,False
IT Project Manager Job Details | Boston Scientific,BOSTON SCIENTIFIC,Gurgaon,8 - 12 Years,8,12,10.0,4,1,False
Inside Sales Representative-Reputed IT industry,SEVEN CONSULTANCY,Thane,0 - 3 Years,0,3,1.5,3,1,False
Jobs for fresher customer support executive-IT,SEVEN CONSULTANCY,"Navi Mumbai, Mumbai, Thane",0 - 2 Years,0,2,1.0,2,3,False
Job for TL Sales with Reputed IT Company,SEVEN CONSULTANCY,Mumbai,3 - 5 Years,3,5,4.0,2,1,False
Project Manager ( IT Team  &  Developers ),SEVEN CONSULTANCY,"Navi Mumbai, Mumbai",10 - 15 Years,10,15,12.5,5,2,False
B.Tech   MBA Fresher || IT Sales || Noida,ebizon net info  ( p )  ltd,Noida/Greater Noida,0 - 2 Years,0,2,1.0,2,1,False
IT Network Specialist Job Details | singlebuoy,SBM OFFSHORE,Unknown,5 - 8 Years,5,8,6.5,3,1,False
IT Architecture Expert Job Details | SAP,SAP Ariba,Bengaluru / Bangalore,10 - 13 Years,10,13,11.5,3,1,False
Delivery Manager - Manufacturing Domain - IT Services,Flex-i Partners,Chicago,10 - 15 Years,10,15,12.5,5,1,False
Vice President - IT Infra - Mumbai  ( Goregaon East ),kotak mahindra bank,Mumbai,5 - 8 Years,5,8,6.5,3,1,False
Web Designer | Top IT Company In Gurgaon | AHOM,AHOM Technologies Private Limited,Gurgaon,1 - 3 Years,1,3,2.0,2,1,False
IT Service Management Administrator  &  Developer,SYNCTON IT Solutions,Hyderabad/Secunderabad,3 - 10 Years,3,10,6.5,7,1,False
IT Technology Services Specialist Job Details | SAP,SAP Ariba,Bengaluru / Bangalore,3 - 9 Years,3,9,6.0,6,1,False
IT Specialist  ( SharePoint Online  &  Office 365 ),Marketone International,Bengaluru / Bangalore,7 - 10 Years,7,10,8.5,3,1,False
"Regional Manager - Sales  (  IT Products ,  Services )",infinity business solutions pvt ltd,Delhi/NCR,13 - 18 Years,13,18,15.5,5,1,False
"Technical Consultant  /  Architect - Enterprise Monitoring ,  IT Infrastructure",infinity business solutions pvt ltd,Gurgaon,10 - 14 Years,10,14,12.0,4,1,False
ION Group - Senior Business Consultant  ITS,ion trading india pvt. ltd.,Unknown,5 - 10 Years,5,10,7.5,5,1,False
ION Group - Senior Technical Consultant  IT2,ion trading india pvt. ltd.,Pune,5 - 8 Years,5,8,6.5,3,1,False
ION Group - Senior Business Consultant  IT2,ion trading india pvt. ltd.,Pune,3 - 7 Years,3,7,5.0,4,1,False
Sales Process - IT Solutions  ( Outbound Process ),jtg infotech services pvt. ltd,Delhi,0 - 2 Years,0,2,1.0,2,1,False
Manager - IT Job Details | Kalpataru Group,jmc projects  ( india )  ltd,Mumbai,8 - 15 Years,8,15,11.5,7,1,False
IT Service Delivery Manager | Intuitor Softech Services,intuitor softtech services pvt. ltd.,Bengaluru / Bangalore,5 - 10 Years,5,10,7.5,5,1,False
IT Asset Manager | Intuitor Softech Services,intuitor softtech services pvt. ltd.,Bengaluru / Bangalore,2 - 8 Years,2,8,5.0,6,1,False
JD- IT Sales  &  Business Development,Cloud18 Infotech Pvt Ltd,Lucknow,0 - 3 Years,0,3,1.5,3,1,False
POSITION IT Software Application programming  &  Maintenance,cdl it pvt ltd,Vadodara,3 - 6 Years,3,6,4.5,3,1,False
Business Development Manager - IT Sales Beamstacks,BeamStacks,Gurgaon,3 - 6 Years,3,6,4.5,3,1,False
Member IT  ( Off-role ) - Paints Manufacturing- Ludhiana,ADITYA BIRLA MANAGEMENT CORPORATION LTD,Ludhiana,2 - 4 Years,2,4,3.0,2,1,False
IT Infrastructure Manager  ( Web / Cloud / Security ),2Soft Solutions Pvt. Ltd.,Mumbai,5 - 8 Years,5,8,6.5,3,1,False
Sales Manager for IT Service based company in Mumbai,2Soft Solutions Pvt. Ltd.,Mumbai,6 - 12 Years,6,12,9.0,6,1,False
Principal Associate - IT  (  Senior Cloud Engineer  ),eurofins it solutions pvt ltd,Bengaluru / Bangalore,7 - 10 Years,7,10,8.5,3,1,False
"Senior Program Manager ,  IT Process and Standardization",Microsoft India Pvt Ltd,"Redmond, Atlanta",4 - 6 Years,4,6,5.0,2,2,False
LinkedIn Marketing For IT Augmentation  Lead Generation Specialist,cart geek,"Mumbai, Sagar",2 - 5 Years,2,5,3.5,3,2,False
Urgent Opening For - IT Business Analyst - Sourcedesk Global,Sourcedesk Global Private Limited,Kolkata,3 - 7 Years,3,7,5.0,4,1,False
Business Development Executive / Business Analyst-IT,LINUXBEAN SOLUTION PVT LTD,Indore,0 - 3 Years,0,3,1.5,3,1,False
Business Development Executive - IT Online Bidder,LINUXBEAN SOLUTION PVT LTD,Indore,0 - 3 Years,0,3,1.5,3,1,False
Business Analyst  (  BE  (  Elec )  or MBA )  for IT Company,LINUXBEAN SOLUTION PVT LTD,Indore,0 - 3 Years,0,3,1.5,3,1,False
IT Business Analyst  (  BE  (  Elec )  or MBA ),LINUXBEAN SOLUTION PVT LTD,Indore,0 - 3 Years,0,3,1.5,3,1,False
SAP ABAP - Contract with Renowed IT Firm,LINKTAG,Bengaluru / Bangalore,3 - 5 Years,3,5,4.0,2,1,False
Junior IT Projektmanager  ( m / w / d ),CGI Information Systems and Management Consultants Pvt Ltd,Germany,1 - 3 Years,1,3,2.0,2,1,True
Senior IT Analyst Job Details | ZF Group,zf india pvt ltd,Chennai,5 - 10 Years,5,10,7.5,5,1,False
IT Project Senior Consultant Job Details | SAP,SAP Ariba,"Germany, Mexico, Bengaluru / Bangalore",7 - 10 Years,7,10,8.5,3,3,True
IT Security Specialist ( Security-EndPoint protection ),NTT Data Vertex Software Inc.,Mexico,3 - 5 Years,3,5,4.0,2,1,False
Principal IT Analyst Job Details | ZF Group,zf friedrichshafen -itc,Chennai,5 - 10 Years,5,10,7.5,5,1,False
Business Systems Analyst- IT SAP GTS,Intel Technology India Pvt Ltd,Unknown,2 - 5 Years,2,5,3.5,3,1,False
Staff IT Product Manager - Microsoft Solutions,Infoblox,Seattle,5 - 12 Years,5,12,8.5,7,1,False
IT Architect Banking  ( m / f / d ),CGI Information Systems and Management Consultants Pvt Ltd,Germany,5 - 10 Years,5,10,7.5,5,1,True
IT End User Support Manager  /  Team Leader,enflexis solutions pvt ltd pune,Japan,2 - 10 Years,2,10,6.0,8,1,False
IT- Project Coordinator  ( 6 Months to 2 Years ),DREAMSOL TELESOLUTIONS PVT. LTD.,"Delhi, Delhi/NCR, Noida/Greater Noida",0 - 2 Years,0,2,1.0,2,3,False
Bench Sales- Executive /  Manager  ( US IT Staffing ),Advaya Infotech Pvt Ltd,Noida/Greater Noida,1 - 3 Years,1,3,2.0,2,1,False
Business Development Executive /  Manager  ( US IT Staffing ),Advaya Infotech Pvt Ltd,Noida/Greater Noida,0 - 3 Years,0,3,1.5,3,1,False
Microsoft Word - Senior_IT_Recruiter - senior-it-recruiter,ERP Analysts  ( INDIA )  Pvt. Ltd.,Hyderabad/Secunderabad,5 - 7 Years,5,7,6.0,2,1,False
Field Tech Senior Associate - Onsite IT Support,NTT Data Vertex Software Inc.,Australia,3 - 5 Years,3,5,4.0,2,1,True
IT Engineer  ( For JV in Chennai )  Job Details | Corning,Corning,Chennai,3 - 5 Years,3,5,4.0,2,1,False
"IT Audit Manager ,  Defensive Secuirty Team",AMAZON INDIA PVT LTD,Bengaluru / Bangalore,5 - 10 Years,5,10,7.5,5,1,False
IT Solutions Section Leader  &  Director,eurofins it solutions pvt ltd,"Germany, France",1 - 4 Years,1,4,2.5,3,2,True
Systemadministrator  /  IT - Administrator  Energiewirtschaft  ( m / w / d ),CGI Information Systems and Management Consultants Pvt Ltd,Germany,1 - 5 Years,1,5,3.0,4,1,True
Hiring of SEO position for Mohali for IT Company,TandA HR Solutions,Mohali,2 - 4 Years,2,4,3.0,2,1,False
Hiring of -iOS Developer for Raipur for IT Company,TandA HR Solutions,Raipur,2 - 4 Years,2,4,3.0,2,1,False
Opening of Project Manager for Mohali for IT Company,TandA HR Solutions,Mohali,2 - 5 Years,2,5,3.5,3,1,False
Sr. Client Acquisition  US / UK IT Staffing,TandA HR Solutions,Hyderabad/Secunderabad,3 - 8 Years,3,8,5.5,5,1,False
Urgent openings for Online Bidders  ( BDE )  for IT Company,TandA HR Solutions,Panchkula,0 - 2 Years,0,2,1.0,2,1,False
Job Opening of PPC Executive for Mohali for IT Company,TandA HR Solutions,Mohali,2 - 3 Years,2,3,2.5,1,1,False
Vacancy of Manager  ( Service Support )  for Panchkula for IT Company,TandA HR Solutions,Panchkula,2 - 5 Years,2,5,3.5,3,1,False
Hiring of Service Engineer for Panchkula for IT Company,TandA HR Solutions,"Shimla, Karnal, Jalandhar, Delhi, Panchkula",1 - 2 Years,1,2,1.5,1,5,False
Opening of Service Coordinator for Panchkula for IT Company,TandA HR Solutions,Panchkula,2 - 3 Years,2,3,2.5,1,1,False
Looking for Sales Coordinator for Panchkula for IT Company,TandA HR Solutions,Panchkula,1 - 2 Years,1,2,1.5,1,1,False
Post vacant for US IT recruiters in Hyderabad in Malakpet,TandA HR Solutions,Hyderabad/Secunderabad,2 - 4 Years,2,4,3.0,2,1,False
Business Development Executive fro IT Company in Hyderabad,TandA HR Solutions,Hyderabad/Secunderabad,0 - 2 Years,0,2,1.0,2,1,False
Hiring for Full Stack Developer in IT Park Chandigarh,TandA HR Solutions,Chandigarh,3 - 5 Years,3,5,4.0,2,1,False
Hiring for Full Stack Developer in IT Park Chandigarh,TandA HR Solutions,Chandigarh,2 - 7 Years,2,7,4.5,5,1,False
Opening for the ios developer in Mohali Location for IT Company,TandA HR Solutions,Mohali,1 - 3 Years,1,3,2.0,2,1,False
Sr Hr Executive for IT Company in Mohali,TandA HR Solutions,Mohali,3 - 5 Years,3,5,4.0,2,1,False
Java Developer for IT Park Chandigarh Location In MNC,TandA HR Solutions,Chandigarh,6 - 10 Years,6,10,8.0,4,1,False
Hiring for SEO Analyst for IT Company  Mohali  ( Punjab ),TandA HR Solutions,Mohali,1 - 2 Years,1,2,1.5,1,1,False
Job Opening for System Admin in IT Company  Mohali,TandA HR Solutions,Mohali,2 - 5 Years,2,5,3.5,3,1,False
Job Opening for System Admin in IT Company  Panchkula,TandA HR Solutions,"Panchkula, Mohali",2 - 5 Years,2,5,3.5,3,2,False
Urgent opening for Online Bidder for IT Company,TandA HR Solutions,Chandigarh,1 - 4 Years,1,4,2.5,3,1,False
Urgent opening for Asp.net Profile for IT Company in Mohali,TandA HR Solutions,Mohali,0 - 1 Years,0,1,0.5,1,1,False
Urgent opening for Online Bidder profile for IT Company,TandA HR Solutions,Ludhiana,1 - 4 Years,1,4,2.5,3,1,False
Urgent opening for Multimedia Designer for IT company in Panchkula,TandA HR Solutions,Panchkula,2 - 5 Years,2,5,3.5,3,1,False
Urgent opening for Online Bidder for IT Company in Mohali,TandA HR Solutions,Mohali,0 - 2 Years,0,2,1.0,2,1,False
Urgently Required PHP Developer in An IT Company in Mohali,TandA HR Solutions,"Chandigarh, Mohali",1 - 3 Years,1,3,2.0,2,2,False
Opening for HR  &  Admin in IT Company,TandA HR Solutions,Mohali,1 - 4 Years,1,4,2.5,3,1,False
Job Opening for Tele Caller in Mohali in IT Industry,TandA HR Solutions,Mohali,1 - 4 Years,1,4,2.5,3,1,False
Urgent Opening for Asp.net Profile for IT Company,TandA HR Solutions,Mohali,0 - 1 Years,0,1,0.5,1,1,False
Urgent Opening for Tech Lead for IT Company,TandA HR Solutions,Mohali,10 - 13 Years,10,13,11.5,3,1,False
URGENT OPENING FOR IT CONSULTANT IN MNC IN PANCHKULA LOCATION,TandA HR Solutions,Panchkula,0 - 1 Years,0,1,0.5,1,1,False
Urgent Opening for Business Development Manager in IT Company,TandA HR Solutions,Mohali,0 - 1 Years,0,1,0.5,1,1,False
Urgent Opening for Blockchain Engineer in IT Company in Mohali,TandA HR Solutions,Mohali,3 - 6 Years,3,6,4.5,3,1,False
Job Opening for Networking Administrator in IT Park Chandigarh,TandA HR Solutions,Chandigarh,1 - 4 Years,1,4,2.5,3,1,False
Opening for Data Analyst for IT Company in Mohali,TandA HR Solutions,Mohali,2 - 5 Years,2,5,3.5,3,1,False
Opening for SQL DBA in IT Company for Mohali Location,TandA HR Solutions,Mohali,5 - 8 Years,5,8,6.5,3,1,False
Opening for System Administrator in IT Company for Mohali location,TandA HR Solutions,Mohali,5 - 10 Years,5,10,7.5,5,1,False
Opening for Dot Net Developer in IT Park Mohali,TandA HR Solutions,Mohali,2 - 5 Years,2,5,3.5,3,1,False
Opening for Dot Net Developer in Chandigarh IT Park,TandA HR Solutions,Chandigarh,1 - 3 Years,1,3,2.0,2,1,False
Opening for Full Stack Developer in Chandigarh IT Park,TandA HR Solutions,Chandigarh,4 - 6 Years,4,6,5.0,2,1,False
Opening for Quality Analyst in Chandigarh IT Park Location,TandA HR Solutions,Chandigarh,5 - 8 Years,5,8,6.5,3,1,False
Opening for PL / SQL Developer in Mohali IT Park,TandA HR Solutions,Mohali,4 - 10 Years,4,10,7.0,6,1,False
Opening for PHP Developer in IT Company for Mohali Location,TandA HR Solutions,Mohali,1 - 3 Years,1,3,2.0,2,1,False
Opening for ROR Developer in IT Company for Mohali Location,TandA HR Solutions,Mohali,1 - 4 Years,1,4,2.5,3,1,False
Leading IT Company Looking For Content Writer,ADEEBA E SERVICES PVT LTD,Noida/Greater Noida,0 - 3 Years,0,3,1.5,3,1,False
Jr / Sr. SEO Executive For IT company in Noida,ADEEBA E SERVICES PVT LTD,Noida/Greater Noida,0 - 3 Years,0,3,1.5,3,1,False
Job Opening for Web Developer  IT Park Chandigarh,TandA HR Solutions,Chandigarh,1 - 3 Years,1,3,2.0,2,1,False
Job Opening for PHP Programmer  IT Park Chandigarh,TandA HR Solutions,Chandigarh,1 - 3 Years,1,3,2.0,2,1,False
Job Opening for PHP Developer  IT Park Chandigarh,TandA HR Solutions,Chandigarh,1 - 3 Years,1,3,2.0,2,1,False
IT-Security Management Consultant  ( m / f / d ),CGI Information Systems and Management Consultants Pvt Ltd,Germany,3 - 5 Years,3,5,4.0,2,1,True
Lalamove - Office IT Support  ( Part-time ),Lalamove,Hong Kong,0 - 3 Years,0,3,1.5,3,1,False
"Managing Director ,  IT Global Professional Services",fedexex,"Pittsburgh, Dallas",10 - 15 Years,10,15,12.5,5,2,False
Principal Associate IT - Senior Network Engineer,eurofins it solutions pvt ltd,Bengaluru / Bangalore,8 - 9 Years,8,9,8.5,1,1,False
"IT APP Dev Engineer ,  Financial Planning",AMAZON INDIA PVT LTD,Bengaluru / Bangalore,3 - 5 Years,3,5,4.0,2,1,False
IT-arkitekt till kund inom offentlig sektor,CGI Information Systems and Management Consultants Pvt Ltd,Sweden,5 - 10 Years,5,10,7.5,5,1,False
Hiring for Data Analystfor a IT companyinChandigarh location,TandA HR Solutions,Chandigarh,0 - 2 Years,0,2,1.0,2,1,False
Job opening forProject Coordinatorfor a IT companyinChandigarh location,TandA HR Solutions,Chandigarh,0 - 2 Years,0,2,1.0,2,1,False
Urgent hiring forReactJSDeveloper for an IT company in Mohali location,TandA HR Solutions,Mohali,1 - 4 Years,1,4,2.5,3,1,False
Urgent hiring forNodeJSDeveloperfor a IT companyin Mohali location,TandA HR Solutions,Mohali,1 - 6 Years,1,6,3.5,5,1,False
Hiring for Telesales Executive for an IT company in for Bangalore location,TandA HR Solutions,Bengaluru / Bangalore,1 - 3 Years,1,3,2.0,2,1,False
Job opening forFront OfficeExecutive for IT company inHyderabadlocation,TandA HR Solutions,Hyderabad/Secunderabad,1 - 4 Years,1,4,2.5,3,1,False
Looking for Inside Sales Executive for an IT Company in BangaloreLocation.,TandA HR Solutions,Bengaluru / Bangalore,1 - 4 Years,1,4,2.5,3,1,False
Job opening for OnlineBidder for an IT company in Panchkula location,TandA HR Solutions,Panchkula,1 - 3 Years,1,3,2.0,2,1,False
Urgently looking forQuality Analystfor an IT company in MohaliLocation,TandA HR Solutions,Mohali,0 - 3 Years,0,3,1.5,3,1,False
Urgently looking forTechnical Support for an IT company in MohaliLocation,TandA HR Solutions,Mohali,0 - 1 Years,0,1,0.5,1,1,False
Urgently looking for Laravel Developerfor an IT company in MohaliLocation,TandA HR Solutions,Mohali,1 - 4 Years,1,4,2.5,3,1,False
Urgently looking for Admin  /  Accountsfor an IT company in MohaliLocation,TandA HR Solutions,Mohali,0 - 1 Years,0,1,0.5,1,1,False
Hiring forCustomerSupportExecutivein an IT company in Chandigarh location,TandA HR Solutions,Chandigarh,1 - 2 Years,1,2,1.5,1,1,False
Hiring forChat Support Executivefor an IT Companyin MohaliLocation,TandA HR Solutions,Mohali,1 - 3 Years,1,3,2.0,2,1,False
Hiring for theDevOpsEngineer /  SrDevOpsfor an IT Company in Delhi Location,TandA HR Solutions,Delhi,7 - 10 Years,7,10,8.5,3,1,False
Job opening forBDM for a IT Service provider companyinHyderabadlocation,TandA HR Solutions,Hyderabad/Secunderabad,1 - 4 Years,1,4,2.5,3,1,False
Job opening forLaravel Developerfor an IT companyin Mohalilocation,TandA HR Solutions,Mohali,1 - 4 Years,1,4,2.5,3,1,False
Looking for Online Bidder for an IT company in Panchkula location,TandA HR Solutions,Panchkula,1 - 3 Years,1,3,2.0,2,1,False
Opening for Sales Manager for an IT company for Mohali location,TandA HR Solutions,Mohali,4 - 6 Years,4,6,5.0,2,1,False
Hiring for Laravel Developer for an IT company in Mohali location,TandA HR Solutions,Mohali,1 - 4 Years,1,4,2.5,3,1,False
Hiring for Laravel Developer for an IT company in Mohali location,TandA HR Solutions,Mohali,2 - 5 Years,2,5,3.5,3,1,False
Hiring for Instructional Designer for an IT company in Gurgaon location,TandA HR Solutions,Gurgaon,3 - 5 Years,3,5,4.0,2,1,False
Hiring for the Sales Manager in a IT company for Mohali location,TandA HR Solutions,Mohali,4 - 8 Years,4,8,6.0,4,1,False
Hiring for the Embedded Engineer in a IT Company for Chandigarh location,TandA HR Solutions,Chandigarh,1 - 2 Years,1,2,1.5,1,1,False
Job opening for the PMO in a IT company for Coimbatore location,TandA HR Solutions,Coimbatore,7 - 10 Years,7,10,8.5,3,1,False
Hiring for Marketing Executive for an IT company in Noida location,TandA HR Solutions,Noida/Greater Noida,0 - 5 Years,0,5,2.5,5,1,False
Looking for PHP Developer for an IT Company in in Mohali Location,TandA HR Solutions,Mohali,3 - 7 Years,3,7,5.0,4,1,False
Urgently we are looking for a PMO for an IT Company in BangaloreLocation.,TandA HR Solutions,Bengaluru / Bangalore,8 - 11 Years,8,11,9.5,3,1,False
Job openingforAngularDeveloperfor an IT companyin Panchkula location,TandA HR Solutions,Panchkula,3 - 7 Years,3,7,5.0,4,1,False
Job openingforthe contentwriter positionin a IT companyforMohali location,TandA HR Solutions,Mohali,0 - 2 Years,0,2,1.0,2,1,False
Hiring forTelesales executivesfor an IT companyin Mohali location,TandA HR Solutions,Mohali,1 - 4 Years,1,4,2.5,3,1,False
Job opening forFlutterDeveloperfor an IT companyin Bangalore location,TandA HR Solutions,Bengaluru / Bangalore,1 - 4 Years,1,4,2.5,3,1,False
Urgently looking for aGraphicDesignerfor an IT Company in Gurgaon Location.,TandA HR Solutions,Gurgaon,3 - 4 Years,3,4,3.5,1,1,False
Hiringfor theenterprisesalesposition in a IT companyfor the Gurgaon location,TandA HR Solutions,Gurgaon,3 - 4 Years,3,4,3.5,1,1,False
Looking forSR Business developmentManagerfor an IT Industry in Mohalilocation,TandA HR Solutions,Mohali,3 - 6 Years,3,6,4.5,3,1,False
Opening forSalesManager for a IT Service provider companyinHyderabadlocation,TandA HR Solutions,Hyderabad/Secunderabad,1 - 4 Years,1,4,2.5,3,1,False
Looking forTelesales executivesfor an IT companyin Mohali location,TandA HR Solutions,Mohali,1 - 4 Years,1,4,2.5,3,1,False
Job opening forPythonDeveloperprofile for an IT company for Mohali location,TandA HR Solutions,Mohali,3 - 6 Years,3,6,4.5,3,1,False
Job opening forArchitect profilefor a IT company inChennailocation,TandA HR Solutions,Chennai,10 - 13 Years,10,13,11.5,3,1,False
Job opening forArchitect profilefor a IT company inPunelocation,TandA HR Solutions,Pune,10 - 13 Years,10,13,11.5,3,1,False
Urgent hiring forPythonDeveloperprofile for an IT company for Chandigarh location,TandA HR Solutions,"Chandigarh, Mohali",3 - 8 Years,3,8,5.5,5,2,False
Hiring for the Software tester profile for IT for Gurgaon location.,TandA HR Solutions,Gurgaon,3 - 4 Years,3,4,3.5,1,1,False
Looking forPerformance Marketerfor an IT company inJaipur location,TandA HR Solutions,Jaipur,2 - 6 Years,2,6,4.0,4,1,False
Looking forTelesalesexecutivesfor an IT companyin Mohali location,TandA HR Solutions,Mohali,3 - 6 Years,3,6,4.5,3,1,False
Job opening forBusinessDevelopmentManagerfor a IT Company forHyderabad and Bangalorelocation,TandA HR Solutions,"Bengaluru / Bangalore, Hyderabad/Secunderabad",1 - 4 Years,1,4,2.5,3,2,False
Job opening forBusinessDevelopmentManagerfor a IT Company forBangalorelocation,TandA HR Solutions,Bengaluru / Bangalore,1 - 4 Years,1,4,2.5,3,1,False
Looking for the Graphic Designer for an IT Company in Gurgaon Location.,TandA HR Solutions,Gurgaon,3 - 4 Years,3,4,3.5,1,1,False
Urgent hiring forPythonDeveloperprofile for an IT company for Chandigarh location,TandA HR Solutions,Chandigarh,4 - 8 Years,4,8,6.0,4,1,False
Urgent hiring forPHPDeveloperfor an IT companyin Bangalore  ( WFH ),TandA HR Solutions,Bengaluru / Bangalore,3 - 6 Years,3,6,4.5,3,1,False
Job opening forBusiness Analyst for an IT companyin Panchkulalocation,TandA HR Solutions,Panchkula,1 - 4 Years,1,4,2.5,3,1,False
Hiring for IT Trainer for a Charitable Trust for Secunderabad Location.,TandA HR Solutions,Hyderabad/Secunderabad,0 - 2 Years,0,2,1.0,2,1,False
Hiring for Technical Support for an IT Company for Mohali Location.,TandA HR Solutions,Mohali,2 - 4 Years,2,4,3.0,2,1,False
Hiring for Angular Developer for an IT company in Gurgaon Location.,TandA HR Solutions,"Bengaluru / Bangalore, Gurgaon",2 - 4 Years,2,4,3.0,2,2,False
Hiring for Shopify Developer for an IT company in Mohali location,TandA HR Solutions,Mohali,4 - 6 Years,4,6,5.0,2,1,False
Hiring for Angular Developer for an IT company in Mohali location,TandA HR Solutions,Mohali,4 - 6 Years,4,6,5.0,2,1,False
Hiring for Xamarin Developer in an IT Company for WFH,TandA HR Solutions,Bengaluru / Bangalore,4 - 7 Years,4,7,5.5,3,1,False
Hiring for Content Writer for an IT company for Mohali location,TandA HR Solutions,Mohali,0 - 2 Years,0,2,1.0,2,1,False
Job opening for Trainer for an IT company in Hyderabad location,TandA HR Solutions,Hyderabad/Secunderabad,2 - 5 Years,2,5,3.5,3,1,False
Hiring for Escalation  ( Female )  for an IT Company in the Manimajra location,TandA HR Solutions,Chandigarh,2 - 5 Years,2,5,3.5,3,1,False
Urgent hiring for Trainer for an IT company in Hyderabad location,TandA HR Solutions,Hyderabad/Secunderabad,2 - 5 Years,2,5,3.5,3,1,False
Looking for HR Executive for an IT company in the Mohali location,TandA HR Solutions,Mohali,7 - 10 Years,7,10,8.5,3,1,False
Hiring for Postgres DBA for an IT company in Bangalore Location,TandA HR Solutions,Bengaluru / Bangalore,5 - 8 Years,5,8,6.5,3,1,False
Urgent hiring for the BDM for an IT company in Mohali location.,TandA HR Solutions,Mohali,2 - 3 Years,2,3,2.5,1,1,False
Looking for Sales Executive for an IT company in Mohali location,TandA HR Solutions,Mohali,1 - 2 Years,1,2,1.5,1,1,False
Urgent Hiring for IT support for Bangalore location  ( WFO ),TandA HR Solutions,Bengaluru / Bangalore,2 - 3 Years,2,3,2.5,1,1,False
Hiring for Reactjs Developer for an IT company for Delhi location,TandA HR Solutions,Delhi,2 - 6 Years,2,6,4.0,4,1,False
Hiring for Postgres DBA for an IT company in BangaloreLocation,TandA HR Solutions,Bengaluru / Bangalore,5 - 8 Years,5,8,6.5,3,1,False
Urgent hiring forLeadQAEngineerfor MNC IT companyin Gurugramlocation,TandA HR Solutions,Gurgaon,10 - 12 Years,10,12,11.0,2,1,False
Job opening forSeniorPHPFull stackfor an IT companyinBangalore location,TandA HR Solutions,Bengaluru / Bangalore,2 - 5 Years,2,5,3.5,3,1,False
Looking forSystem Administratorfor a IT Service provider companyinHyderabadlocation,TandA HR Solutions,Hyderabad/Secunderabad,1 - 4 Years,1,4,2.5,3,1,False
Urgent hiring forLeadQAEngineerfor MNC IT companyin Mumbailocation,TandA HR Solutions,Mumbai,2 - 6 Years,2,6,4.0,4,1,False
Job opening forBDEfor a IT Service provider companyinHyderabadlocation,TandA HR Solutions,Hyderabad/Secunderabad,2 - 4 Years,2,4,3.0,2,1,False
Urgent hiring for Content Writerfor an IT companyin Mohalilocation,TandA HR Solutions,Mohali,0 - 3 Years,0,3,1.5,3,1,False
Job opening forPHPDeveloperfor a MNC IT companyinChandigarhlocation,TandA HR Solutions,Chandigarh,3 - 6 Years,3,6,4.5,3,1,False
Hiring for the Graphic Designerprofile for an IT company for Mohali location,TandA HR Solutions,"Chandigarh, Mohali",0 - 1 Years,0,1,0.5,1,2,False
Job opening forWordPressDeveloperfor an IT companyin Mohalilocation,TandA HR Solutions,Mohali,1 - 3 Years,1,3,2.0,2,1,False
Hiring forPHP Developerfor a MNC IT companyin Chandigarhlocationv,TandA HR Solutions,Chandigarh,3 - 6 Years,3,6,4.5,3,1,False
Looking forHR Executivefor a IT companyin Mohali location,TandA HR Solutions,Mohali,2 - 5 Years,2,5,3.5,3,1,False
Hiring for theStrategicPartnershipManager profile for an IT Company for Bangalore location,TandA HR Solutions,Bengaluru / Bangalore,1 - 5 Years,1,5,3.0,4,1,False
Hiring forPHP Developerfor an IT Comapny in Mohali Location.,TandA HR Solutions,"Chandigarh, Panchkula, Mohali, Ambala",0 - 2 Years,0,2,1.0,2,4,False
Looking forASP.net Developerfor an IT companyin Navi Mumbailocation,TandA HR Solutions,Navi Mumbai,5 - 8 Years,5,8,6.5,3,1,False
Hiring forDotNetDeveloper for an IT Comapny inMumbai Location.,TandA HR Solutions,Mumbai,2 - 5 Years,2,5,3.5,3,1,False
Job vacancy for theTelecallerprofile for an IT company for Bangalore location,TandA HR Solutions,Bengaluru / Bangalore,2 - 5 Years,2,5,3.5,3,1,False
Job opening for WordPressDeveloperfor an IT companyin Mohalilocation,TandA HR Solutions,Mohali,1 - 3 Years,1,3,2.0,2,1,False
Hiring forPHP Developerfor a MNC IT companyin Chandigarhlocation,TandA HR Solutions,Chandigarh,3 - 6 Years,3,6,4.5,3,1,False
Job opening forSEOExecutivefor a IT companyin Mohali location,TandA HR Solutions,Mohali,1 - 4 Years,1,4,2.5,3,1,False
Looking for WordPress Developer for an IT company in Mohali location,TandA HR Solutions,Mohali,0 - 1 Years,0,1,0.5,1,1,False
Urgent opening for a SrPythonSupportEngineerfor an IT company forBangalorelocation,TandA HR Solutions,Bengaluru / Bangalore,8 - 12 Years,8,12,10.0,4,1,False
Looking forPHP Developerfor a MNC IT companyin Chandigarhlocation,TandA HR Solutions,Chandigarh,3 - 4 Years,3,4,3.5,1,1,False
Hiring for theSalesCoordinatorprofile for a IT Hardware company forChennaiand Delhilocations,TandA HR Solutions,"Chennai, Delhi",2 - 5 Years,2,5,3.5,3,2,False
Job opening forFlutterDeveloperfor IT Company for Chandigarh location,TandA HR Solutions,Chandigarh,1 - 5 Years,1,5,3.0,4,1,False
Job opening forFlutter Developer for an IT Company in Chandigarhlocation,TandA HR Solutions,Chandigarh,1 - 5 Years,1,5,3.0,4,1,False
Urgent opening for thePythonDeveloperprofile for an IT company for Mohali location,TandA HR Solutions,Mohali,3 - 8 Years,3,8,5.5,5,1,False
job opening forDotNetDeveloperfor an MNC IT companyinMohalilocation,TandA HR Solutions,Mohali,3 - 6 Years,3,6,4.5,3,1,False
Looking for WordPress Developer for an IT companyin BanagloreWFH Location.,TandA HR Solutions,Bengaluru / Bangalore,4 - 5 Years,4,5,4.5,1,1,False
Hiring for thePythonDeveloperprofile for an IT company for Mohali location,TandA HR Solutions,Mohali,3 - 8 Years,3,8,5.5,5,1,False
HiringforUI / UXDesigner for IT Company for the chandigarh Location,TandA HR Solutions,Chandigarh,1 - 5 Years,1,5,3.0,4,1,False
Looking forPHPDeveloperfor a MNC IT companyin Chandigarhlocation,TandA HR Solutions,Chandigarh,2 - 4 Years,2,4,3.0,2,1,False
Looking for Android Developerprofile for IT companyin Mohali Location,TandA HR Solutions,Mohali,2 - 4 Years,2,4,3.0,2,1,False
Looking for DotNET Developerprofile for IT companyin Mohali Location,TandA HR Solutions,Mohali,3 - 5 Years,3,5,4.0,2,1,False
Urgent hiring for theEmbeddedDeveloper /  Lead in a IT Company for Bangalorelocation,TandA HR Solutions,Bengaluru / Bangalore,3 - 7 Years,3,7,5.0,4,1,False
Urgently looking for DotNETDeveloper for IT companyinMohali Location,TandA HR Solutions,Mohali,3 - 5 Years,3,5,4.0,2,1,False
Looking forPHPDeveloperfor a MNC IT companyin Chandigarhlocation,TandA HR Solutions,Chandigarh,3 - 6 Years,3,6,4.5,3,1,False
Job opening forCustomerSupportExecutivein an IT company in Chandigarh location,TandA HR Solutions,Chandigarh,2 - 5 Years,2,5,3.5,3,1,False
Hiring for Android Developer for an IT company in Mohali Location.,TandA HR Solutions,Mohali,2 - 4 Years,2,4,3.0,2,1,False
Hiring for Android Developerfor an IT company in Mohali Location,TandA HR Solutions,Mohali,2 - 4 Years,2,4,3.0,2,1,False
Hiring for Sr.phPDeveloperfor an IT company in Navi Mumbai location.,TandA HR Solutions,Navi Mumbai,3 - 6 Years,3,6,4.5,3,1,False
Hiring forCustomerSupportExecutivein an IT company in Mohali location,TandA HR Solutions,Mohali,2 - 5 Years,2,5,3.5,3,1,False
Job opening forPHPDeveloperfor a MNC IT companyin Chandigarhlocation,TandA HR Solutions,Chandigarh,3 - 6 Years,3,6,4.5,3,1,False
Urgent hiring for theDigitalMarketingprofile in IT company for Delhi location,TandA HR Solutions,Delhi,1 - 5 Years,1,5,3.0,4,1,False
Opening forPythonDeveloperprofile for an IT company for Panchkula location,TandA HR Solutions,Panchkula,3 - 6 Years,3,6,4.5,3,1,False
Hiring for theMERNStackEngineer for IT MNC Company for Chandigarh,TandA HR Solutions,Chandigarh,2 - 9 Years,2,9,5.5,7,1,False
Hiring for IT Teacher for Gurgaon location for Education Company,TandA HR Solutions,"Gurgaon, Mohali",2 - 4 Years,2,4,3.0,2,2,False
Hiring forCustomerSupportExecutivein an IT company in Mohali location,TandA HR Solutions,Mohali,1 - 2 Years,1,2,1.5,1,1,False
Job opening forFlutterDeveloperfor IT Company for Mohali location,TandA HR Solutions,Mohali,1 - 5 Years,1,5,3.0,4,1,False
Job opening for theMERNStackEngineer for IT MNC Company for Chandigarh,TandA HR Solutions,Chandigarh,2 - 9 Years,2,9,5.5,7,1,False
Hiring for Software Developer in a IT Company for Pune location.,TandA HR Solutions,Pune,2 - 5 Years,2,5,3.5,3,1,False
Vacancy for the Graphic Designer for an MNC IT Company in Chandigarh,TandA HR Solutions,Chandigarh,3 - 7 Years,3,7,5.0,4,1,False
Opening for PHP Developer in a IT Company for Mohali location.,TandA HR Solutions,Mohali,1 - 5 Years,1,5,3.0,4,1,False
Opening for the Android Developer for an IT Company in Hyderabad Location.,TandA HR Solutions,Hyderabad/Secunderabad,3 - 5 Years,3,5,4.0,2,1,False
Opening for the SQL Developer at IT Company in Hyderabad Location,TandA HR Solutions,Hyderabad/Secunderabad,3 - 4 Years,3,4,3.5,1,1,False
Hiring for the Training Coordinator for Hyderabad location in a IT Company.,TandA HR Solutions,Hyderabad/Secunderabad,3 - 4 Years,3,4,3.5,1,1,False
Urgent hiring for Web Developer in IT company for Panchkula,TandA HR Solutions,Panchkula,0 - 2 Years,0,2,1.0,2,1,False
Hiring for the PLM for Hyderabad Location in a IT Company.,TandA HR Solutions,Hyderabad/Secunderabad,4 - 6 Years,4,6,5.0,2,1,False
Opening for Full Stack in IT Industry for Delhi location,TandA HR Solutions,Delhi,1 - 5 Years,1,5,3.0,4,1,False
The requirement for Developer in IT Industry for Delhi location,TandA HR Solutions,Delhi,1 - 5 Years,1,5,3.0,4,1,False
Requirement for Online Bidder in IT Industry for Mohali location,TandA HR Solutions,Mohali,1 - 2 Years,1,2,1.5,1,1,False
Requirement for PHP Developer in IT Industry for Mohali location,TandA HR Solutions,Mohali,1 - 4 Years,1,4,2.5,3,1,False
Requirement for Web Designer in IT Industry for Mohali location,TandA HR Solutions,Mohali,0 - 1 Years,0,1,0.5,1,1,False
Requirement for Graphic Designer in IT Industry for Mohali location,TandA HR Solutions,Mohali,0 - 1 Years,0,1,0.5,1,1,False
Requirement for Project Manager in IT Industry for Mohali location,TandA HR Solutions,Mohali,2 - 3 Years,2,3,2.5,1,1,False
Opening for the JAVA Developer in a IT Company for Chandigarh Location.,TandA HR Solutions,Chandigarh,0 - 3 Years,0,3,1.5,3,1,False
Job opening for Academic Writer IT in Ludhiana,TandA HR Solutions,Ludhiana,1 - 3 Years,1,3,2.0,2,1,False
The requirement for PHP Developer in IT Industry for Hyderabad location,TandA HR Solutions,Hyderabad/Secunderabad,2 - 5 Years,2,5,3.5,3,1,False
Opening for PHP Developer in IT Industry for Chandigarh,TandA HR Solutions,Chandigarh,1 - 2 Years,1,2,1.5,1,1,False
Opening for JAVA Developer in IT Industry for Chandigarh,TandA HR Solutions,Chandigarh,1 - 2 Years,1,2,1.5,1,1,False
Opening of Dot net developer for Mohali in IT Company,TandA HR Solutions,Mohali,1 - 2 Years,1,2,1.5,1,1,False
Looking for the IOS Developer Mohali location in a IT Company.,TandA HR Solutions,Mohali,3 - 6 Years,3,6,4.5,3,1,False
Looking for the Training Coordinator for Hyderabad location in a IT Company.,TandA HR Solutions,Hyderabad/Secunderabad,3 - 4 Years,3,4,3.5,1,1,False
Hiring for the Siemens PLM for Hyderabad Location in a IT Company.,TandA HR Solutions,Hyderabad/Secunderabad,4 - 6 Years,4,6,5.0,2,1,False
Hiring for PHP Developer for an IT Company for Mohali Location,TandA HR Solutions,Mohali,2 - 3 Years,2,3,2.5,1,1,False
Opening for WordPress Developer for an IT Company for Mohali Location,TandA HR Solutions,Mohali,1 - 3 Years,1,3,2.0,2,1,False
Hiring for the Web Designer for the IT Company in Mohali Location.,TandA HR Solutions,Mohali,0 - 3 Years,0,3,1.5,3,1,False
Hiring for PHP Developer for an IT Company for Mohali Location,TandA HR Solutions,Mohali,1 - 5 Years,1,5,3.0,4,1,False
Hiring for Software Engineer for Chandigarh location in IT Industry,TandA HR Solutions,Chandigarh,7 - 10 Years,7,10,8.5,3,1,False
Hiring for the Java Developer in IT Company for the Mohali location.,TandA HR Solutions,Mohali,3 - 8 Years,3,8,5.5,5,1,False
Hiring for the ASP.net c# in a IT Company for Gurgaon location.,TandA HR Solutions,Gurgaon,4 - 8 Years,4,8,6.0,4,1,False
Hiring for the ASP.net c# in a IT Company for Gurgaon location.,TandA HR Solutions,Gurgaon,1 - 4 Years,1,4,2.5,3,1,False
Requirement for Online Bidder in the IT Industry for Moh,TandA HR Solutions,Mohali,0 - 1 Years,0,1,0.5,1,1,False
Looking for the Accountant profile in a IT company for Mohali location.,TandA HR Solutions,Mohali,1 - 2 Years,1,2,1.5,1,1,False
Looking for HR Profile in a IT company for Mohali location.,TandA HR Solutions,Mohali,1 - 2 Years,1,2,1.5,1,1,False
Opening for WordPress Developer for an IT Company for Mohali Location,TandA HR Solutions,Mohali,0 - 3 Years,0,3,1.5,3,1,False
Vacancy for Prestashop developer in IT Company for Bangalore location,TandA HR Solutions,Bengaluru / Bangalore,1 - 4 Years,1,4,2.5,3,1,False
Hiring for SEO Executive profile for IT Company in Mohali,TandA HR Solutions,Mohali,5 - 7 Years,5,7,6.0,2,1,False
Hiring for Sr. SEO profile for IT Company in Mohali,TandA HR Solutions,Mohali,6 - 7 Years,6,7,6.5,1,1,False
Hiring for SEO Executive profile for IT Company in Mohali,TandA HR Solutions,Mohali,0 - 1 Years,0,1,0.5,1,1,False
Vacancy for HR Representative in IT Company for Mohali location,TandA HR Solutions,Mohali,2 - 5 Years,2,5,3.5,3,1,False
Hiring Desktop Engineer in IT Company for Chennai location,TandA HR Solutions,Chennai,1 - 2 Years,1,2,1.5,1,1,False
Vacancy for the -Embedded Systems Engineer for an IT Company in Pune,TandA HR Solutions,Pune,2 - 3 Years,2,3,2.5,1,1,False
Looking for Market Researcher in IT company for Pune location,TandA HR Solutions,Pune,1 - 2 Years,1,2,1.5,1,1,False
Looking for PHP Developer in IT Company for Ludhiana location,TandA HR Solutions,Ludhiana,2 - 5 Years,2,5,3.5,3,1,False
Required SEO Executive for an IT Company in Mohali Location,TandA HR Solutions,Mohali,0 - 1 Years,0,1,0.5,1,1,False
Hiring a WordPress Developer in IT Company for Mohali location,TandA HR Solutions,Mohali,1 - 4 Years,1,4,2.5,3,1,False
Vacancy for IT Development Manager for Chandigarh in an MNC company,TandA HR Solutions,Chandigarh,8 - 14 Years,8,14,11.0,6,1,False
Vacancy for PHP Developer in IT Company for Ludhiana location,TandA HR Solutions,Ludhiana,4 - 7 Years,4,7,5.5,3,1,False
Hiring for C Developer for an IT Company in Gurgaon,TandA HR Solutions,Gurgaon,2 - 5 Years,2,5,3.5,3,1,False
Vacancy for Android Developer for IT Company in Gurgaon,TandA HR Solutions,Gurgaon,3 - 5 Years,3,5,4.0,2,1,False
Opening for Data Engineer for an IT Company in Mohali Location,TandA HR Solutions,Mohali,3 - 5 Years,3,5,4.0,2,1,False
Hiring MLOps Engineer for an IT Company in Mohali Location,TandA HR Solutions,Mohali,3 - 5 Years,3,5,4.0,2,1,False
Hiring ERP admin for an IT Company in Pune location,TandA HR Solutions,Pune,1 - 4 Years,1,4,2.5,3,1,False
Hiring Drupal Developers for an IT company of Pune,TandA HR Solutions,Pune,3 - 6 Years,3,6,4.5,3,1,False
Looking for PHP Developer in IT company for Mohali location,TandA HR Solutions,Mohali,1 - 5 Years,1,5,3.0,4,1,False
Vacancy for Web Designer in IT company for Mohali location,TandA HR Solutions,Mohali,0 - 1 Years,0,1,0.5,1,1,False
Hiring for Community Manager for an IT Company in Gurgaon location,TandA HR Solutions,Gurgaon,1 - 6 Years,1,6,3.5,5,1,False
Hiring for Web developer profile for an IT Company in Bangalore,TandA HR Solutions,"Chennai, Bengaluru / Bangalore",1 - 4 Years,1,4,2.5,3,2,False
Hiring for IT professional for Hospital for Chandigarh Location.,TandA HR Solutions,Chandigarh,3 - 5 Years,3,5,4.0,2,1,False
Hiring for HR Executive for an IT Company for Mohali Location.,TandA HR Solutions,Mohali,1 - 3 Years,1,3,2.0,2,1,False
Hiring for Java Developer for an IT Company for Mohali Location.,TandA HR Solutions,Mohali,0 - 3 Years,0,3,1.5,3,1,False
Hiring for React Developer for an IT Company for Mohali Location.,TandA HR Solutions,Mohali,1 - 3 Years,1,3,2.0,2,1,False
Hiring for Sr Quality Engineer for an IT company in Gurgaon.,TandA HR Solutions,Gurgaon,5 - 7 Years,5,7,6.0,2,1,False
Hiring for Angular Developer for an IT company in Bangalore Location.,TandA HR Solutions,Bengaluru / Bangalore,2 - 4 Years,2,4,3.0,2,1,False
Role of Business Analyst in a leading IT Company in Chandigarh,TandA HR Solutions,Chandigarh,5 - 7 Years,5,7,6.0,2,1,False
Hiring for PHP Developer for Chandigarh Location for an IT Company,TandA HR Solutions,Chandigarh,1 - 2 Years,1,2,1.5,1,1,False
Hiring for the PHP Developer for Mohali location in IT Industry,TandA HR Solutions,Mohali,0 - 1 Years,0,1,0.5,1,1,False
Job opening for PHP Developer for Mohali in the IT Industry.,TandA HR Solutions,Mohali,3 - 4 Years,3,4,3.5,1,1,False
Job opening for ROR Developer for Mohali in the IT Industry.,TandA HR Solutions,Mohali,2 - 4 Years,2,4,3.0,2,1,False
Job opening for IOS Developer for Mohali in the IT Industry.,TandA HR Solutions,Mohali,1 - 2 Years,1,2,1.5,1,1,False
Job opening for Android Developer for Mohali in the IT Industry.,TandA HR Solutions,Mohali,1 - 3 Years,1,3,2.0,2,1,False
Job opening for Java Developer for Mohali in the IT Industry.,TandA HR Solutions,Mohali,4 - 7 Years,4,7,5.5,3,1,False
Job opening for Project Manager for Mohali in the IT Industry.,TandA HR Solutions,Mohali,1 - 3 Years,1,3,2.0,2,1,False
Opening of Business Analyst for Chandigarh in IT Comapny,TandA HR Solutions,Chandigarh,5 - 8 Years,5,8,6.5,3,1,False
Opening for Dot Not profile in IT company at Hyderabad,TandA HR Solutions,Hyderabad/Secunderabad,2 - 5 Years,2,5,3.5,3,1,False
Post for Dot Not profile in IT company at Hyderabad,TandA HR Solutions,Hyderabad/Secunderabad,1 - 4 Years,1,4,2.5,3,1,False
Requirement for PHP Developer for an IT Company in Mohali Location,TandA HR Solutions,Mohali,2 - 3 Years,2,3,2.5,1,1,False
Looking for Project Manager for IT company for Panchkula location,TandA HR Solutions,Panchkula,3 - 6 Years,3,6,4.5,3,1,False
Looking for ROR Developer for IT company for Panchkula location,TandA HR Solutions,Panchkula,4 - 7 Years,4,7,5.5,3,1,False
Looking for NodeJS Developer for IT company for Panchkula location,TandA HR Solutions,Panchkula,4 - 7 Years,4,7,5.5,3,1,False
Hiring for the IT Officer for a Manufacturing Company in Chandigarh Location,TandA HR Solutions,Chandigarh,2 - 3 Years,2,3,2.5,1,1,False
Hiring the IT Officer for an Manufacturing Company in Chandigarh,TandA HR Solutions,Chandigarh,2 - 3 Years,2,3,2.5,1,1,False
Hiring for the Android Developer for an IT Company in Mohali Location,TandA HR Solutions,Mohali,2 - 5 Years,2,5,3.5,3,1,False
Hiring for Junior BDE in Mohali for an IT company,TandA HR Solutions,Mohali,1 - 4 Years,1,4,2.5,3,1,False
Opening for Web Developer in Mohali for an IT company,TandA HR Solutions,Mohali,2 - 3 Years,2,3,2.5,1,1,False
Post Vacant for IOS Developer in Mohali for an IT company,TandA HR Solutions,Mohali,2 - 3 Years,2,3,2.5,1,1,False
Hiring for Marketing Executive in an IT Company for Delhi location.,TandA HR Solutions,Delhi,1 - 4 Years,1,4,2.5,3,1,False
A requirement for Marketing Executive in an IT Company for Ludhiana location.,TandA HR Solutions,Ludhiana,1 - 4 Years,1,4,2.5,3,1,False
Hiring for the Software Engineer in an IT Company for Ludhiana location.,TandA HR Solutions,Ludhiana,1 - 4 Years,1,4,2.5,3,1,False
Requirement for Shopify Developers for an IT company in Bangalore Location,TandA HR Solutions,Bengaluru / Bangalore,1 - 3 Years,1,3,2.0,2,1,False
Requirement for the Network Analyst in a IT Company for the Mumbai location,TandA HR Solutions,Mumbai,8 - 15 Years,8,15,11.5,7,1,False
Opening for IOS Developer for Mohali location for an IT company,TandA HR Solutions,Mohali,1 - 2 Years,1,2,1.5,1,1,False
Hiring for the PHP Developer in a IT Company for the Mohali location.,TandA HR Solutions,Mohali,1 - 3 Years,1,3,2.0,2,1,False
Hiring for the Web Developer in a IT Company for Mohali location.,TandA HR Solutions,Mohali,2 - 3 Years,2,3,2.5,1,1,False
Hiring for Marketing Executive in Mohali for IT Company,TandA HR Solutions,Mohali,1 - 2 Years,1,2,1.5,1,1,False
Hiring for Graphic Designer in Mohali for IT Company,TandA HR Solutions,Mohali,2 - 5 Years,2,5,3.5,3,1,False
Hiring for Digital Marketing Executive in Mohali for IT Company,TandA HR Solutions,Mohali,2 - 5 Years,2,5,3.5,3,1,False
Hiring for Business Development Manager in Mohali for IT Company,TandA HR Solutions,Mohali,2 - 5 Years,2,5,3.5,3,1,False
Hiring for Team Leader for an IT company for Mohali location,TandA HR Solutions,Mohali,2 - 5 Years,2,5,3.5,3,1,False
Hiring for the PHP Developer in an IT Company for Chandigarh location.,TandA HR Solutions,Chandigarh,2 - 3 Years,2,3,2.5,1,1,False
Opening for Shopify Developers for Bangalore Location for and IT company,TandA HR Solutions,Bengaluru / Bangalore,1 - 3 Years,1,3,2.0,2,1,False
Hiring for the PHP Developer in an IT Company for Mohali location.,TandA HR Solutions,Mohali,2 - 5 Years,2,5,3.5,3,1,False
Opening for Operation Manager in a IT Company for Bangalore location.,TandA HR Solutions,Bengaluru / Bangalore,0 - 1 Years,0,1,0.5,1,1,False
Requirement for PHP Developer for IT Company in Mohali location,TandA HR Solutions,Mohali,0 - 3 Years,0,3,1.5,3,1,False
Requirement for iOS Developer for IT Company for Bangalore Location,TandA HR Solutions,Bengaluru / Bangalore,1 - 2 Years,1,2,1.5,1,1,False
Hiring for Android Developer for IT Company for Bangalore Location,TandA HR Solutions,Bengaluru / Bangalore,1 - 2 Years,1,2,1.5,1,1,False
Opening for Creative Designer in a IT Company for Gurgaon Location,TandA HR Solutions,Gurgaon,2 - 5 Years,2,5,3.5,3,1,False
Hiring for Android Developer in IT company for Bangalore Location,TandA HR Solutions,Bengaluru / Bangalore,3 - 6 Years,3,6,4.5,3,1,False
Hiring for BDE profile in a IT Company For Mohali Location,TandA HR Solutions,Mohali,5 - 7 Years,5,7,6.0,2,1,False
Hiring for HR in MNC IT company for Mohali location,TandA HR Solutions,Mohali,3 - 6 Years,3,6,4.5,3,1,False
Opening for .net Freshers in a IT Company for Mohali Location,TandA HR Solutions,Mohali,1 - 3 Years,1,3,2.0,2,1,False
Opening for Azure developer in a IT Company For Mohali location,TandA HR Solutions,Mohali,4 - 7 Years,4,7,5.5,3,1,False
Hiring for Android developer profile for IT Company in Panchkula,TandA HR Solutions,Panchkula,2 - 3 Years,2,3,2.5,1,1,False
Hiring for .net developer profile for IT Company in Panchkula,TandA HR Solutions,Panchkula,2 - 3 Years,2,3,2.5,1,1,False
Hiring for Oracle Fusion profile in a IT Company For Panchkula,TandA HR Solutions,Panchkula,2 - 3 Years,2,3,2.5,1,1,False
Opening for Logistics Executive in a IT company for Mohali location,TandA HR Solutions,Mohali,1 - 2 Years,1,2,1.5,1,1,False
Hiring for theBDEfor IT sales in ITcompany in chandigarhLocation.,TandA HR Solutions,Chandigarh,3 - 6 Years,3,6,4.5,3,1,False
Hiring for theITProject Managerprofile for IT company forBangaloreLocation.,TandA HR Solutions,Bengaluru / Bangalore,4 - 5 Years,4,5,4.5,1,1,False
Hiring forPythonDeveloperprofile for an IT company for Chandigarh location,TandA HR Solutions,"Chandigarh, Mohali",4 - 8 Years,4,8,6.0,4,2,False
Looking for PHP Developer for IT Company for Mohali location,TandA HR Solutions,Mohali,4 - 5 Years,4,5,4.5,1,1,False
Job opening for theSEOExecutiveprofile for IT Company for Mohali location,TandA HR Solutions,Mohali,0 - 1 Years,0,1,0.5,1,1,False
Urgent hiringfor theFullStackDeveloperfor the IT company in theMohalilocation,TandA HR Solutions,Mohali,3 - 6 Years,3,6,4.5,3,1,False
Job Opening for IT Officer profile for Chandigarh location,TandA HR Solutions,"Chandigarh, Mohali",3 - 4 Years,3,4,3.5,1,2,False
Urgent hiring for Reactnativedeveloperfor an IT company in Mohali location,TandA HR Solutions,"Bengaluru / Bangalore, Mohali",1 - 3 Years,1,3,2.0,2,2,False
Hiringfor theenterprisesalesposition in a IT companyfor the Gurgaon location,TandA HR Solutions,Gurgaon,3 - 5 Years,3,5,4.0,2,1,False
Looking for Sales Executive in IT Industry for Bangalore Location,TandA HR Solutions,Bengaluru / Bangalore,3 - 6 Years,3,6,4.5,3,1,False
090524 IT Cloud Manager_L8_Hosting Services_a,DXC Technologies,Bengaluru / Bangalore,3 - 8 Years,3,8,5.5,5,1,False
Senior Resiliency Analyst  IT Disaster Recovery,Optum Global Solutions  ( India )  Private Limited,Philippines,5 - 8 Years,5,8,6.5,3,1,False
Info Security Risk Consultant  IT / IS Compliance or Audit,Optum Global Solutions  ( India )  Private Limited,Philippines,5 - 8 Years,5,8,6.5,3,1,False
Unit Manager - IT / Senior Unit Manager - ...,Bajaj Finserv Lending Ltd,Pune,4 - 6 Years,4,6,5.0,2,1,False
IT Project Senior Consultant Job Details | SAP,SAP Ariba,Pune,8 - 12 Years,8,12,10.0,4,1,False
Recruiters- IT / FMCG / BPO / Oil  &  Gas,Aziels Technologies Pvt Ltd,Noida/Greater Noida,2 - 7 Years,2,7,4.5,5,1,False
Senior Data Center IT Support Technician,Microsoft India Pvt Ltd,Unknown,5 - 8 Years,5,8,6.5,3,1,False
Senior IT Projektleitung  ( m / w / d ),CGI Information Systems and Management Consultants Pvt Ltd,Germany,5 - 10 Years,5,10,7.5,5,1,True
Onsite IT Support Techniker  ( m / f / d ),DXC Technologies,Germany,2 - 5 Years,2,5,3.5,3,1,True
Solution Architect - Medical IT  ( m / w / d ),DXC Technologies,Germany,5 - 8 Years,5,8,6.5,3,1,True
Senior IT Operations Consultant  Space Unit,CGI Information Systems and Management Consultants Pvt Ltd,"Netherlands, Spain, France",5 - 8 Years,5,8,6.5,3,3,True
Senior Consultant Cybersecurity  &  IT risk - Aviation,CGI Information Systems and Management Consultants Pvt Ltd,Netherlands,3 - 10 Years,3,10,6.5,7,1,True
IT Project Manager for Energy  &  Utility,CGI Information Systems and Management Consultants Pvt Ltd,Unknown,5 - 7 Years,5,7,6.0,2,1,False
Unit Manager - IT / Senior Unit Manager - ...,Bajaj Finserv Lending Ltd,Pune,5 - 8 Years,5,8,6.5,3,1,False
IT Automation on IBM Power Product Management,IBM India Pvt Ltd,Bengaluru / Bangalore,2 - 3 Years,2,3,2.5,1,1,False
Senior Data Center IT Support Technician  ( DCT ),Microsoft India Pvt Ltd,Japan,2 - 5 Years,2,5,3.5,3,1,False
IT Service Desk Specialist  ( m / f / d ),Nagarro India Pvt Ltd,"Germany, Switzerland, France",2 - 4 Years,2,4,3.0,2,3,True
Senior Data Center IT Support Technician,Microsoft India Pvt Ltd,Atlanta,2 - 5 Years,2,5,3.5,3,1,False
Projektmanager mit IT-Bezug  ( m / w / d ),CGI Information Systems and Management Consultants Pvt Ltd,Germany,5 - 10 Years,5,10,7.5,5,1,True
"Lead Specialist ,  IT Support at Fiserv ,  Inc.",fiserv ce pvt ltd,Pune,8 - 11 Years,8,11,9.5,3,1,False
"Specialist ,  IT Systems Administration at Fiserv ,  Inc.",fiserv ce pvt ltd,Pune,3 - 5 Years,3,5,4.0,2,1,False
"Specialist ,  IT Systems Administration at Fiserv ,  Inc.",fiserv ce pvt ltd,Pune,5 - 8 Years,5,8,6.5,3,1,False
IT-Consultant Azure Infrastruktur  ( m / f / d ),CGI Information Systems and Management Consultants Pvt Ltd,Germany,5 - 8 Years,5,8,6.5,3,1,True
"Software Engineer , Software Developer",Laxmi Infotech,"Ahmedabad, Delhi, Gurgaon, Kolkata, Noida/Greater Noida",0 - 3 Years,0,3,1.5,3,5,False
"Software engineer - , .net / c# / asp.net / vb.net / SQL Server",New Global Technologies,"Bengaluru / Bangalore, Chennai, Hyderabad/Secunderabad, Mumbai, Pune",0 - 3 Years,0,3,1.5,3,5,False
System / IT Support Engineer Bangalore Tech  Network / IT admin  /  Consultant  /  On-site,epifi - asuureedge global services pvt ltd,Bengaluru / Bangalore,4 - 7 Years,4,7,5.5,3,1,False
Opening for Java Technical Lead in IT MNC Company for IT Park Chandigarh Location,TandA HR Solutions,Chandigarh,8 - 12 Years,8,12,10.0,4,1,False
Hiring for the IT Support profile for an IT company for Gurgaon location  ( work from office ),TandA HR Solutions,Gurgaon,3 - 8 Years,3,8,5.5,5,1,False
Opening for the IT Admin profile for an IT company for Gurgaon location  ( work from office ),TandA HR Solutions,Gurgaon,3 - 8 Years,3,8,5.5,5,1,False
Looking for Hardware Engineer in IT Infrastructure Department for an IT Solutions Provider Company for Karnataka Locati,TandA HR Solutions,Kolar,1 - 4 Years,1,4,2.5,3,1,False
Vacancy for Sr. IT System Engineer profile in MNC IT Company in Mohali location,TandA HR Solutions,Mohali,5 - 7 Years,5,7,6.0,2,1,False
Job Opening for IT System Engineer profile in MNC IT Company in Mohali location,TandA HR Solutions,Mohali,5 - 7 Years,5,7,6.0,2,1,False
"Technical Delivery Manager , Technical Associate",HR Jobs Placements,"Ahmedabad, Bengaluru / Bangalore, Chennai, Delhi, Gurgaon",9 - 14 Years,9,14,11.5,5,5,False
QA Engineer  / software testing,New Global Technologies,"Bengaluru / Bangalore, Chennai, Hyderabad/Secunderabad, Mumbai, Pune",0 - 3 Years,0,3,1.5,3,5,False
Hiring For Varonis,krazy mantra hr solutions,"Chennai, Bengaluru / Bangalore",5 - 9 Years,5,9,7.0,4,2,False
Senior Executive,SEVEN CONSULTANCY,"Delhi, Delhi/NCR",2 - 5 Years,2,5,3.5,3,2,False
Business Development Executive,SEVEN CONSULTANCY,"Hyderabad/Secunderabad, Chennai",3 - 6 Years,3,6,4.5,3,2,False
Sr Manager,SEVEN CONSULTANCY,Hyderabad/Secunderabad,0 - 3 Years,0,3,1.5,3,1,False
Associate Technical Recruiter,RANGAM INFOTECH PVT. LTD.,Vadodara,0 - 3 Years,0,3,1.5,3,1,False
Business Development Executive,SplendorNet Technologies Pvt. Ltd.,Pune,1 - 2 Years,1,2,1.5,1,1,False
HR Executive  /  Recruiter,Doconline Health India,Hyderabad/Secunderabad,1 - 4 Years,1,4,2.5,3,1,False
HR Executive,Boyen Haddin Consultants LLP,Mumbai,0 - 3 Years,0,3,1.5,3,1,False
Business Development Executive,axnol digital solutions private limited,Thiruvananthapuram,1 - 4 Years,1,4,2.5,3,1,False
Job Opening for Android Developers,TandA HR Solutions,"Chandigarh, Mohali",2 - 4 Years,2,4,3.0,2,2,False
SEO EXECUTIVE,Webrife Infotech Systems,Noida/Greater Noida,2 - 7 Years,2,7,4.5,5,1,False
Schlerpraktikum  ( schulisches Pflichtpraktikum ),Dell India,Germany,0 - 3 Years,0,3,1.5,3,1,True
"Site IT Lead - SAP ,  Infrastructure ,  Information Security ,  Pharma",infinity business solutions pvt ltd,Hyderabad/Secunderabad,10 - 20 Years,10,20,15.0,10,1,False
Urgent hiring for the US IT Recruiter t for an US based company in Mohali location.,TandA HR Solutions,Mohali,3 - 7 Years,3,7,5.0,4,1,False
Opening for Tech Support Candidate for an IT and Networking Company for Mohali Location,TandA HR Solutions,Mohali,0 - 1 Years,0,1,0.5,1,1,False
"Senior Manager ,  Information Security Risk  IT Internal Audit",Optum Global Solutions  ( India )  Private Limited,Philippines,7 - 10 Years,7,10,8.5,3,1,False
IT Security Consultant for Identity and Access Management  ( IAM )  Job Details | SAP,SAP Ariba,Bengaluru / Bangalore,3 - 6 Years,3,6,4.5,3,1,False
Job Opening for IT Support Engineer in Manufacturing Company for Delhi location,TandA HR Solutions,Delhi,2 - 3 Years,2,3,2.5,1,1,False
Hiring for theHardware Server Engineerprofile for a IT Hardware company for Chennai and Delhilocations,TandA HR Solutions,"Chennai, Delhi",2 - 5 Years,2,5,3.5,3,2,False
Job opening for Talent Acquisition Specialist for an IT company in Mohali location,TandA HR Solutions,Mohali,2 - 4 Years,2,4,3.0,2,1,False
Job opening forTalent AcquisitionSpecialist for an IT company in Mohali location,TandA HR Solutions,Mohali,2 - 4 Years,2,4,3.0,2,1,False
Senior IT Recruiter Job at Glan Management Consultancy ! Noida,glan management consultancy pvt. ltd.,Noida/Greater Noida,3 - 6 Years,3,6,4.5,3,1,False
"Information Security Risk Manager  IT Audit ,  ITGC Controls",Optum Global Solutions  ( India )  Private Limited,Philippines,4 - 6 Years,4,6,5.0,2,1,False
Urgent opening for IT Manager for a Law Firm in Delhi Location,TandA HR Solutions,Delhi,6 - 10 Years,6,10,8.0,4,1,False
Info Security Risk Consultant  IT Security or Audit and ITGC Controls,Optum Global Solutions  ( India )  Private Limited,Philippines,4 - 7 Years,4,7,5.5,3,1,False
INTERNATIONAL BUSINESS MANAGER,infoicon technologies pvt ltd.,"Delhi, Delhi/NCR, Noida/Greater Noida",1 - 3 Years,1,3,2.0,2,3,False
Hiring For IT-Principal Data Engineering / 29 / TEC046,krazy mantra hr solutions,"Chennai, Bengaluru / Bangalore, Pune",7 - 10 Years,7,10,8.5,3,3,False
Production Support Engineer  /  Senior Software Engineer  /  IT Associate,LAKSH HUMAN RESOURCE,Mumbai,3 - 5 Years,3,5,4.0,2,1,False
